{"id":"1871037f-d3f9-4b39-b9ad-00c0d68dfd68","revision":0,"last_node_id":211,"last_link_id":1355,"nodes":[{"id":99,"type":"CLIPTextEncode","pos":[-1419.4434814453125,70.83016204833984],"size":[425.27801513671875,180.6060791015625],"flags":{"collapsed":true},"order":9,"mode":0,"inputs":[{"label":"CLIP","localized_name":"clip","name":"clip","type":"CLIP","link":1342},{"localized_name":"文本","name":"text","type":"STRING","widget":{"name":"text"},"link":null}],"outputs":[{"label":"条件","localized_name":"条件","name":"CONDITIONING","type":"CONDITIONING","slot_index":0,"links":[1202]}],"properties":{"cnr_id":"comfy-core","ver":"0.3.26","Node name for S&R":"CLIPTextEncode","ue_properties":{"version":"7.0.1","widget_ue_connectable":{}}},"widgets_values":["",[false,true]],"color":"#223","bgcolor":"#335"},{"id":98,"type":"KSampler","pos":[-1102.2181396484375,173.89341735839844],"size":[484.2451171875,1120.9346923828125],"flags":{},"order":15,"mode":0,"inputs":[{"label":"模型","localized_name":"模型","name":"model","type":"MODEL","link":1229},{"label":"正面条件","localized_name":"正面条件","name":"positive","type":"CONDITIONING","link":1197},{"label":"负面条件","localized_name":"负面条件","name":"negative","type":"CONDITIONING","link":1198},{"label":"Latent","localized_name":"Latent图像","name":"latent_image","type":"LATENT","link":1208},{"localized_name":"随机种","name":"seed","type":"INT","widget":{"name":"seed"},"link":null},{"localized_name":"步数","name":"steps","type":"INT","widget":{"name":"steps"},"link":null},{"localized_name":"CFG","name":"cfg","type":"FLOAT","widget":{"name":"cfg"},"link":null},{"localized_name":"采样器","name":"sampler_name","type":"COMBO","widget":{"name":"sampler_name"},"link":null},{"localized_name":"调度器","name":"scheduler","type":"COMBO","widget":{"name":"scheduler"},"link":null},{"localized_name":"降噪","name":"denoise","type":"FLOAT","widget":{"name":"denoise"},"link":null}],"outputs":[{"label":"Latent","localized_name":"Latent","name":"LATENT","type":"LATENT","slot_index":0,"links":[1213]}],"properties":{"cnr_id":"comfy-core","ver":"0.3.26","Node name for S&R":"KSampler","ue_properties":{"version":"7.0.1","widget_ue_connectable":{}}},"widgets_values":[600337564316695,"randomize",20,3.5,"euler","normal",1],"color":"#223","bgcolor":"#335"},{"id":26,"type":"FluxGuidance","pos":[-1048.6595458984375,-143.49087524414062],"size":[390,60],"flags":{},"order":13,"mode":0,"inputs":[{"label":"条件","localized_name":"条件","name":"conditioning","type":"CONDITIONING","link":1122},{"localized_name":"引导","name":"guidance","type":"FLOAT","widget":{"name":"guidance"},"link":null}],"outputs":[{"label":"条件","localized_name":"条件","name":"CONDITIONING","type":"CONDITIONING","slot_index":0,"links":[1199]}],"properties":{"cnr_id":"comfy-core","ver":"0.3.26","Node name for S&R":"FluxGuidance","ue_properties":{"version":"7.0.1","widget_ue_connectable":{}}},"widgets_values":[30],"color":"#223","bgcolor":"#335"},{"id":206,"type":"SDPPP Get Document","pos":[-2821.357666015625,-637.4962768554688],"size":[270,146],"flags":{},"order":0,"mode":0,"inputs":[{"label":"document_name","localized_name":"document_name","name":"document_name","type":"STRING","widget":{"name":"document_name"},"link":null}],"outputs":[{"label":"文档","localized_name":"document","name":"document","type":"DOCUMENT","links":[1344,1346]},{"label":"文档范围","localized_name":"document boundary","name":"document boundary","type":"MASK","links":[1345]},{"label":"选中范围","localized_name":"selection boundary","name":"selection boundary","type":"MASK","links":null}],"properties":{"cnr_id":"sd-ppp","ver":"2fdc67b9c5becd5ee1336883ab609fb7fbc59849","Node name for S&R":"SDPPP Get Document","sdppp-version":"507","ue_properties":{"version":"7.0.1","widget_ue_connectable":{}}},"widgets_values":[null,"",""]},{"id":204,"type":"Get Image From Photoshop Layer","pos":[-2028.414306640625,-585.2982177734375],"size":[298.9820251464844,146],"flags":{},"order":10,"mode":0,"inputs":[{"label":"layer_or_group","localized_name":"layer_or_group","name":"layer_or_group","type":"LAYER","link":1343},{"label":"bound","localized_name":"bound","name":"bound","shape":7,"type":"MASK","link":null},{"label":"quality","localized_name":"quality","name":"quality","shape":7,"type":"FLOAT","link":null}],"outputs":[{"label":"rgb_out","localized_name":"rgb_out","name":"rgb_out","shape":6,"type":"IMAGE","links":[1347]},{"label":"alpha_out","localized_name":"alpha_out","name":"alpha_out","shape":6,"type":"MASK","links":[]}],"properties":{"cnr_id":"sd-ppp","ver":"2fdc67b9c5becd5ee1336883ab609fb7fbc59849","Node name for S&R":"Get Image From Photoshop Layer","sdppp-version":"507","ue_properties":{"version":"7.0.1","widget_ue_connectable":{}}},"widgets_values":[null,"",""]},{"id":205,"type":"SDPPP Get Selection","pos":[-2322.554931640625,-471.5154113769531],"size":[210,78],"flags":{},"order":6,"mode":0,"inputs":[{"label":"文档","localized_name":"document","name":"document","type":"DOCUMENT","link":1344},{"label":"范围","localized_name":"bound","name":"bound","shape":7,"type":"MASK","link":1345}],"outputs":[{"label":"遮罩","localized_name":"mask","name":"mask","type":"MASK","links":[1348]}],"properties":{"cnr_id":"sd-ppp","ver":"2fdc67b9c5becd5ee1336883ab609fb7fbc59849","Node name for S&R":"SDPPP Get Selection","sdppp-version":"507","ue_properties":{"version":"7.0.1","widget_ue_connectable":{}}},"widgets_values":[""]},{"id":51,"type":"CLIPTextEncode","pos":[-1695.9365234375,-420.20159912109375],"size":[548.2757568359375,349.1531066894531],"flags":{"collapsed":false},"order":11,"mode":0,"inputs":[{"label":"CLIP","localized_name":"clip","name":"clip","type":"CLIP","link":1354},{"localized_name":"文本","name":"text","type":"STRING","widget":{"name":"text"},"link":1351}],"outputs":[{"label":"条件","localized_name":"条件","name":"CONDITIONING","type":"CONDITIONING","slot_index":0,"links":[1122]}],"properties":{"cnr_id":"comfy-core","ver":"0.3.26","Node name for S&R":"CLIPTextEncode","ue_properties":{"version":"7.0.1","widget_ue_connectable":{}}},"widgets_values":["",[false,true]],"color":"#223","bgcolor":"#335"},{"id":209,"type":"DeepTranslatorTextNode","pos":[-2157.91357421875,-309.9811096191406],"size":[400,340],"flags":{},"order":7,"mode":0,"inputs":[{"localized_name":"从","name":"from_translate","type":"COMBO","widget":{"name":"from_translate"},"link":null},{"localized_name":"到","name":"to_translate","type":"COMBO","widget":{"name":"to_translate"},"link":null},{"localized_name":"添加代理","name":"add_proxies","type":"BOOLEAN","widget":{"name":"add_proxies"},"link":null},{"localized_name":"代理","name":"proxies","type":"STRING","widget":{"name":"proxies"},"link":null},{"localized_name":"账户信息","name":"auth_data","type":"STRING","widget":{"name":"auth_data"},"link":null},{"localized_name":"服务","name":"service","type":"COMBO","widget":{"name":"service"},"link":null},{"localized_name":"文本","name":"text","type":"STRING","widget":{"name":"text"},"link":1350}],"outputs":[{"label":"文本","localized_name":"text","name":"text","type":"STRING","links":[1351]}],"properties":{"cnr_id":"comfyui_custom_nodes_alekpet","ver":"c87493b98237b1edd9018c4974c10fe0c2b870c9","Node name for S&R":"DeepTranslatorTextNode","ue_properties":{"version":"7.0.1","widget_ue_connectable":{}}},"widgets_values":["auto","english",false,"","","GoogleTranslator","","proxy_hide","authorization_hide",[false,true],[false,true],[false,true]]},{"id":208,"type":"PrimitiveNode","pos":[-2553.726806640625,-283.8135070800781],"size":[276.2315979003906,267.92919921875],"flags":{},"order":1,"mode":0,"inputs":[],"outputs":[{"name":"STRING","type":"STRING","widget":{"name":"text"},"links":[1350]}],"properties":{"Run widget replace on values":false,"sdppp_widgetable_title":"promp提示词（可中文）","ue_properties":{"widget_ue_connectable":{},"version":"7.0.1"}},"widgets_values":[""]},{"id":104,"type":"InpaintModelConditioning","pos":[-1336.85009765625,-82.27508544921875],"size":[429.3109436035156,148.81044006347656],"flags":{},"order":14,"mode":0,"inputs":[{"label":"正面条件","localized_name":"正面条件","name":"positive","type":"CONDITIONING","link":1199},{"label":"负面条件","localized_name":"负面条件","name":"negative","type":"CONDITIONING","link":1202},{"label":"VAE","localized_name":"vae","name":"vae","type":"VAE","link":1191},{"label":"图像","localized_name":"像素","name":"pixels","type":"IMAGE","link":1347},{"label":"遮罩","localized_name":"遮罩","name":"mask","type":"MASK","link":1348},{"localized_name":"噪波遮罩","name":"noise_mask","type":"BOOLEAN","widget":{"name":"noise_mask"},"link":null}],"outputs":[{"label":"正面条件","localized_name":"正面条件","name":"positive","type":"CONDITIONING","slot_index":0,"links":[1197]},{"label":"负面条件","localized_name":"负面条件","name":"negative","type":"CONDITIONING","slot_index":1,"links":[1198]},{"label":"Latent","localized_name":"Latent","name":"latent","type":"LATENT","slot_index":2,"links":[1208]}],"properties":{"cnr_id":"comfy-core","ver":"0.3.26","Node name for S&R":"InpaintModelConditioning","ue_properties":{"version":"7.0.1","widget_ue_connectable":{}}},"widgets_values":[false],"color":"#223","bgcolor":"#335"},{"id":39,"type":"DifferentialDiffusion","pos":[-1280.6912841796875,190.5442657470703],"size":[390,30],"flags":{"collapsed":false},"order":12,"mode":0,"inputs":[{"label":"模型","localized_name":"模型","name":"model","type":"MODEL","link":1353}],"outputs":[{"label":"模型","localized_name":"模型","name":"MODEL","type":"MODEL","slot_index":0,"links":[1229]}],"properties":{"cnr_id":"comfy-core","ver":"0.3.26","Node name for S&R":"DifferentialDiffusion","ue_properties":{"version":"7.0.1","widget_ue_connectable":{}}},"widgets_values":[],"color":"#223","bgcolor":"#335"},{"id":100,"type":"VAEDecode","pos":[-461.34222412109375,40.35451126098633],"size":[215.06735229492188,50],"flags":{"collapsed":false},"order":16,"mode":0,"inputs":[{"label":"Latent","localized_name":"Latent","name":"samples","type":"LATENT","link":1213},{"label":"VAE","localized_name":"vae","name":"vae","type":"VAE","link":1211}],"outputs":[{"label":"图像","localized_name":"图像","name":"IMAGE","type":"IMAGE","slot_index":0,"links":[1355]}],"properties":{"cnr_id":"comfy-core","ver":"0.3.26","Node name for S&R":"VAEDecode","ue_properties":{"version":"7.0.1","widget_ue_connectable":{}}},"widgets_values":[],"color":"#223","bgcolor":"#335"},{"id":211,"type":"Send Images To Photoshop","pos":[-208.86904907226562,155.96986389160156],"size":[463.81591796875,312.58251953125],"flags":{},"order":17,"mode":0,"inputs":[{"label":"图像","localized_name":"images","name":"images","type":"IMAGE","link":1355},{"label":"图层(或组)","localized_name":"layer_or_group","name":"layer_or_group","type":"LAYER","link":null},{"label":"范围","localized_name":"bound","name":"bound","shape":7,"type":"MASK","link":null}],"outputs":[{"label":"图层(或组)","localized_name":"layer_or_group","name":"layer_or_group","shape":6,"type":"LAYER","links":null}],"properties":{"cnr_id":"sd-ppp","ver":"2fdc67b9c5becd5ee1336883ab609fb7fbc59849","Node name for S&R":"Send Images To Photoshop","sdppp_send_prefix":"","sdppp-version":"507","ue_properties":{"version":"7.0.1","widget_ue_connectable":{}}},"widgets_values":[null,"### 新图层 ###",""]},{"id":207,"type":"SDPPP Get Layer By ID","pos":[-2351.287841796875,-713.5848999023438],"size":[270,146],"flags":{},"order":5,"mode":0,"inputs":[{"label":"文档","localized_name":"document","name":"document","type":"DOCUMENT","link":1346},{"label":"图层(或组)","localized_name":"layer_or_group","name":"layer_or_group","type":"STRING","widget":{"name":"layer_or_group"},"link":null}],"outputs":[{"label":"图层(或组)","localized_name":"layer_or_group","name":"layer_or_group","type":"LAYER","links":[1343]},{"label":"图层范围","localized_name":"layer boundary","name":"layer boundary","type":"MASK","links":[]},{"label":"图层信息","localized_name":"layer_info","name":"layer_info","type":"LAYER_INFO","links":null}],"properties":{"cnr_id":"sd-ppp","ver":"2fdc67b9c5becd5ee1336883ab609fb7fbc59849","Node name for S&R":"SDPPP Get Layer By ID","layerWidgetDetail2":{"id":0,"name":"","identify":"","level":0,"fullPath":""},"sdppp-version":"507","ue_properties":{"version":"7.0.1","widget_ue_connectable":{}}},"widgets_values":["### 整个画布 ###",""]},{"id":32,"type":"VAELoader","pos":[-2045.885986328125,370.58905029296875],"size":[534.7349853515625,65.53285217285156],"flags":{"collapsed":false},"order":2,"mode":0,"inputs":[{"localized_name":"vae名称","name":"vae_name","type":"COMBO","widget":{"name":"vae_name"},"link":null}],"outputs":[{"localized_name":"VAE","name":"VAE","type":"VAE","slot_index":0,"links":[1191,1211]}],"properties":{"cnr_id":"comfy-core","ver":"0.3.26","Node name for S&R":"VAELoader","ue_properties":{"version":"7.0.1","widget_ue_connectable":{}}},"widgets_values":["ae.safetensors"],"color":"#223","bgcolor":"#335"},{"id":31,"type":"UNETLoader","pos":[-2050.1875,532.394287109375],"size":[543.669189453125,86.46710968017578],"flags":{"collapsed":false},"order":3,"mode":0,"inputs":[{"localized_name":"UNET名称","name":"unet_name","type":"COMBO","widget":{"name":"unet_name"},"link":null},{"localized_name":"剪枝类型","name":"weight_dtype","type":"COMBO","widget":{"name":"weight_dtype"},"link":null}],"outputs":[{"label":"模型","localized_name":"模型","name":"MODEL","type":"MODEL","slot_index":0,"links":[1352]}],"properties":{"cnr_id":"comfy-core","ver":"0.3.26","Node name for S&R":"UNETLoader","ue_properties":{"version":"7.0.1","widget_ue_connectable":{}}},"widgets_values":["flux1-fill-dev.safetensors","fp8_e4m3fn"],"color":"#323","bgcolor":"#535"},{"id":34,"type":"DualCLIPLoader","pos":[-1873.2681884765625,821.1728515625],"size":[526.1029052734375,130],"flags":{},"order":4,"mode":0,"inputs":[{"localized_name":"CLIP1","name":"clip_name1","type":"COMBO","widget":{"name":"clip_name1"},"link":null},{"localized_name":"CLIP2","name":"clip_name2","type":"COMBO","widget":{"name":"clip_name2"},"link":null},{"localized_name":"类型","name":"type","type":"COMBO","widget":{"name":"type"},"link":null},{"localized_name":"设备","name":"device","shape":7,"type":"COMBO","widget":{"name":"device"},"link":null}],"outputs":[{"label":"CLIP","localized_name":"CLIP","name":"CLIP","type":"CLIP","slot_index":0,"links":[1342,1354]}],"properties":{"cnr_id":"comfy-core","ver":"0.3.26","Node name for S&R":"DualCLIPLoader","ue_properties":{"version":"7.0.1","widget_ue_connectable":{}}},"widgets_values":["flux/clip_l.safetensors","flux/t5xxl_fp8_e4m3fn.safetensors","flux","default"],"color":"#223","bgcolor":"#335"},{"id":210,"type":"LoraLoaderModelOnly","pos":[-1813.7379150390625,1115.483154296875],"size":[460.04559326171875,93.21577453613281],"flags":{},"order":8,"mode":0,"inputs":[{"label":"模型","localized_name":"模型","name":"model","type":"MODEL","link":1352},{"localized_name":"LoRA名称","name":"lora_name","type":"COMBO","widget":{"name":"lora_name"},"link":null},{"localized_name":"模型强度","name":"strength_model","type":"FLOAT","widget":{"name":"strength_model"},"link":null}],"outputs":[{"label":"模型","localized_name":"模型","name":"MODEL","type":"MODEL","links":[1353]}],"properties":{"cnr_id":"comfy-core","ver":"0.3.54","Node name for S&R":"LoraLoaderModelOnly","ue_properties":{"version":"7.0.1","widget_ue_connectable":{}}},"widgets_values":["comfyui_subject_lora16.safetensors",1]}],"links":[[1122,51,0,26,0,"CONDITIONING"],[1191,32,0,104,2,"VAE"],[1197,104,0,98,1,"CONDITIONING"],[1198,104,1,98,2,"CONDITIONING"],[1199,26,0,104,0,"CONDITIONING"],[1202,99,0,104,1,"CONDITIONING"],[1208,104,2,98,3,"LATENT"],[1211,32,0,100,1,"VAE"],[1213,98,0,100,0,"LATENT"],[1229,39,0,98,0,"MODEL"],[1342,34,0,99,0,"CLIP"],[1343,207,0,204,0,"LAYER"],[1344,206,0,205,0,"DOCUMENT"],[1345,206,1,205,1,"MASK"],[1346,206,0,207,0,"DOCUMENT"],[1347,204,0,104,3,"IMAGE"],[1348,205,0,104,4,"MASK"],[1350,208,0,209,6,"STRING"],[1351,209,0,51,1,"STRING"],[1352,31,0,210,0,"MODEL"],[1353,210,0,39,0,"MODEL"],[1354,34,0,51,0,"CLIP"],[1355,100,0,211,0,"IMAGE"]],"groups":[],"config":{},"extra":{"ds":{"scale":1.1671841070450013,"offset":[2463.126149706253,-549.7553218274306]},"groupNodes":{},"ue_links":[],"VHS_latentpreview":false,"VHS_latentpreviewrate":0,"VHS_MetadataImage":true,"VHS_KeepIntermediate":true,"links_added_by_ue":[]},"version":0.4}