{"id":"d1a50f84-77b4-467f-a3e7-fac0e8941b99","revision":0,"last_node_id":204,"last_link_id":282,"nodes":[{"id":130,"type":"ConditioningZeroOut","pos":[1354.6463623046875,368.3216857910156],"size":[211.60000610351562,26],"flags":{},"order":13,"mode":0,"inputs":[{"label":"条件","localized_name":"条件","name":"conditioning","type":"CONDITIONING","link":186}],"outputs":[{"label":"条件","localized_name":"条件","name":"CONDITIONING","type":"CONDITIONING","slot_index":0,"links":[187]}],"properties":{"cnr_id":"comfy-core","ver":"0.3.54","Node name for S&R":"ConditioningZeroOut","ue_properties":{"version":"7.0.1","widget_ue_connectable":{}}},"widgets_values":[]},{"id":131,"type":"DifferentialDiffusion","pos":[1212.94580078125,603.409912109375],"size":[210,26],"flags":{},"order":9,"mode":0,"inputs":[{"label":"模型","localized_name":"模型","name":"model","type":"MODEL","link":203}],"outputs":[{"label":"模型","localized_name":"模型","name":"MODEL","type":"MODEL","slot_index":0,"links":[193]}],"properties":{"cnr_id":"comfy-core","ver":"0.3.54","Node name for S&R":"DifferentialDiffusion","ue_properties":{"version":"7.0.1","widget_ue_connectable":{}}},"widgets_values":[]},{"id":129,"type":"FluxGuidance","pos":[1292.8017578125,236.02194213867188],"size":[211.60000610351562,58],"flags":{},"order":12,"mode":0,"inputs":[{"label":"条件","localized_name":"条件","name":"conditioning","type":"CONDITIONING","link":184},{"localized_name":"引导","name":"guidance","type":"FLOAT","widget":{"name":"guidance"},"link":null}],"outputs":[{"label":"条件","localized_name":"条件","name":"CONDITIONING","type":"CONDITIONING","slot_index":0,"links":[185]}],"properties":{"cnr_id":"comfy-core","ver":"0.3.54","Node name for S&R":"FluxGuidance","ue_properties":{"version":"7.0.1","widget_ue_connectable":{}}},"widgets_values":[30]},{"id":127,"type":"CLIPTextEncode","pos":[951.3052368164062,400.2045593261719],"size":[220.50274658203125,99.69268035888672],"flags":{},"order":11,"mode":0,"inputs":[{"label":"CLIP","localized_name":"clip","name":"clip","type":"CLIP","link":182},{"label":"text","localized_name":"文本","name":"text","type":"STRING","widget":{"name":"text"},"link":273}],"outputs":[{"label":"条件","localized_name":"条件","name":"CONDITIONING","type":"CONDITIONING","slot_index":0,"links":[184,186]}],"properties":{"cnr_id":"comfy-core","ver":"0.3.54","Node name for S&R":"CLIPTextEncode","ue_properties":{"version":"7.0.1","widget_ue_connectable":{"text":true}}},"widgets_values":["",[false,true]]},{"id":198,"type":"DeepTranslatorTextNode","pos":[467.54522705078125,-248.44326782226562],"size":[400,340],"flags":{},"order":8,"mode":0,"inputs":[{"localized_name":"从","name":"from_translate","type":"COMBO","widget":{"name":"from_translate"},"link":null},{"localized_name":"到","name":"to_translate","type":"COMBO","widget":{"name":"to_translate"},"link":null},{"localized_name":"添加代理","name":"add_proxies","type":"BOOLEAN","widget":{"name":"add_proxies"},"link":null},{"localized_name":"代理","name":"proxies","type":"STRING","widget":{"name":"proxies"},"link":null},{"localized_name":"账户信息","name":"auth_data","type":"STRING","widget":{"name":"auth_data"},"link":null},{"localized_name":"服务","name":"service","type":"COMBO","widget":{"name":"service"},"link":null},{"localized_name":"文本","name":"text","type":"STRING","widget":{"name":"text"},"link":274}],"outputs":[{"label":"文本","localized_name":"text","name":"text","type":"STRING","links":[273]}],"properties":{"cnr_id":"comfyui_custom_nodes_alekpet","ver":"c87493b98237b1edd9018c4974c10fe0c2b870c9","Node name for S&R":"DeepTranslatorTextNode","ue_properties":{"version":"7.0.1","widget_ue_connectable":{}}},"widgets_values":["auto","english",false,"","","GoogleTranslator","","proxy_hide","authorization_hide",[false,true],[false,true],[false,true]]},{"id":203,"type":"SDPPP Get Layer By ID","pos":[558.2512817382812,-640.5679931640625],"size":[270,146],"flags":{},"order":6,"mode":0,"inputs":[{"label":"文档","localized_name":"document","name":"document","type":"DOCUMENT","link":275},{"label":"图层(或组)","localized_name":"layer_or_group","name":"layer_or_group","type":"STRING","widget":{"name":"layer_or_group"},"link":null}],"outputs":[{"label":"图层(或组)","localized_name":"layer_or_group","name":"layer_or_group","type":"LAYER","links":[276]},{"label":"图层范围","localized_name":"layer boundary","name":"layer boundary","type":"MASK","links":null},{"label":"图层信息","localized_name":"layer_info","name":"layer_info","type":"LAYER_INFO","links":null}],"properties":{"cnr_id":"sd-ppp","ver":"2fdc67b9c5becd5ee1336883ab609fb7fbc59849","Node name for S&R":"SDPPP Get Layer By ID","sdppp-version":"507","ue_properties":{"version":"7.0.1","widget_ue_connectable":{}}},"widgets_values":["### 整个画布 ###",""]},{"id":201,"type":"Send Images To Photoshop","pos":[3030.01318359375,309.2727355957031],"size":[298.2369079589844,146],"flags":{},"order":17,"mode":0,"inputs":[{"label":"图像","localized_name":"images","name":"images","type":"IMAGE","link":278},{"label":"图层(或组)","localized_name":"layer_or_group","name":"layer_or_group","type":"LAYER","link":null},{"label":"范围","localized_name":"bound","name":"bound","shape":7,"type":"MASK","link":null}],"outputs":[{"label":"图层(或组)","localized_name":"layer_or_group","name":"layer_or_group","shape":6,"type":"LAYER","links":null}],"properties":{"cnr_id":"sd-ppp","ver":"2fdc67b9c5becd5ee1336883ab609fb7fbc59849","Node name for S&R":"Send Images To Photoshop","sdppp_send_prefix":"","sdppp-version":"507","ue_properties":{"version":"7.0.1","widget_ue_connectable":{}}},"widgets_values":[null,"### 新图层 ###",""]},{"id":134,"type":"VAEDecode","pos":[2553.21826171875,247.7528533935547],"size":[210,46],"flags":{},"order":16,"mode":0,"inputs":[{"label":"Latent","localized_name":"Latent","name":"samples","type":"LATENT","link":191},{"label":"VAE","localized_name":"vae","name":"vae","type":"VAE","link":201}],"outputs":[{"label":"图像","localized_name":"图像","name":"IMAGE","type":"IMAGE","slot_index":0,"links":[278]}],"properties":{"cnr_id":"comfy-core","ver":"0.3.54","Node name for S&R":"VAEDecode","ue_properties":{"version":"7.0.1","widget_ue_connectable":{}}},"widgets_values":[]},{"id":202,"type":"SDPPP Get Document","pos":[176.69309997558594,-641.4212036132812],"size":[270,146],"flags":{},"order":3,"mode":0,"inputs":[{"label":"document_name","localized_name":"document_name","name":"document_name","type":"STRING","widget":{"name":"document_name"},"link":null}],"outputs":[{"label":"文档","localized_name":"document","name":"document","type":"DOCUMENT","links":[275,279]},{"label":"文档范围","localized_name":"document boundary","name":"document boundary","type":"MASK","links":[280]},{"label":"选中范围","localized_name":"selection boundary","name":"selection boundary","type":"MASK","links":null}],"properties":{"cnr_id":"sd-ppp","ver":"2fdc67b9c5becd5ee1336883ab609fb7fbc59849","Node name for S&R":"SDPPP Get Document","sdppp-version":"507","ue_properties":{"version":"7.0.1","widget_ue_connectable":{}}},"widgets_values":[null,"",""]},{"id":204,"type":"SDPPP Get Selection","pos":[904.2998046875,-377.3658142089844],"size":[210,78],"flags":{},"order":7,"mode":0,"inputs":[{"label":"文档","localized_name":"document","name":"document","type":"DOCUMENT","link":279},{"label":"范围","localized_name":"bound","name":"bound","shape":7,"type":"MASK","link":280}],"outputs":[{"label":"遮罩","localized_name":"mask","name":"mask","type":"MASK","links":[282]}],"properties":{"cnr_id":"sd-ppp","ver":"2fdc67b9c5becd5ee1336883ab609fb7fbc59849","Node name for S&R":"SDPPP Get Selection","sdppp-version":"507","ue_properties":{"version":"7.0.1","widget_ue_connectable":{}}},"widgets_values":[""]},{"id":200,"type":"Get Image From Photoshop Layer","pos":[882.9443969726562,-644.3018188476562],"size":[298.9820251464844,146],"flags":{},"order":10,"mode":0,"inputs":[{"label":"layer_or_group","localized_name":"layer_or_group","name":"layer_or_group","type":"LAYER","link":276},{"label":"bound","localized_name":"bound","name":"bound","shape":7,"type":"MASK","link":null},{"label":"quality","localized_name":"quality","name":"quality","shape":7,"type":"FLOAT","link":null}],"outputs":[{"label":"rgb_out","localized_name":"rgb_out","name":"rgb_out","shape":6,"type":"IMAGE","links":[281]},{"label":"alpha_out","localized_name":"alpha_out","name":"alpha_out","shape":6,"type":"MASK","links":null}],"properties":{"cnr_id":"sd-ppp","ver":"2fdc67b9c5becd5ee1336883ab609fb7fbc59849","Node name for S&R":"Get Image From Photoshop Layer","sdppp-version":"507","ue_properties":{"version":"7.0.1","widget_ue_connectable":{}}},"widgets_values":[null,"",""]},{"id":199,"type":"PrimitiveNode","pos":[96.10792541503906,-142.98875427246094],"size":[319.28216552734375,206.99615478515625],"flags":{},"order":4,"mode":0,"inputs":[],"outputs":[{"name":"STRING","type":"STRING","widget":{"name":"text"},"links":[274]}],"properties":{"Run widget replace on values":false,"sdppp_widgetable_title":"提示词（可中文）","ue_properties":{"version":"7.0.1","widget_ue_connectable":{}}},"widgets_values":[""]},{"id":132,"type":"KSampler","pos":[2186.992919921875,330.20111083984375],"size":[315,262],"flags":{},"order":15,"mode":0,"inputs":[{"label":"模型","localized_name":"模型","name":"model","type":"MODEL","link":193},{"label":"正面条件","localized_name":"正面条件","name":"positive","type":"CONDITIONING","link":194},{"label":"负面条件","localized_name":"负面条件","name":"negative","type":"CONDITIONING","link":195},{"label":"Latent","localized_name":"Latent图像","name":"latent_image","type":"LATENT","link":196},{"label":"seed","localized_name":"随机种","name":"seed","type":"INT","widget":{"name":"seed"},"link":null},{"localized_name":"步数","name":"steps","type":"INT","widget":{"name":"steps"},"link":null},{"localized_name":"CFG","name":"cfg","type":"FLOAT","widget":{"name":"cfg"},"link":null},{"localized_name":"采样器","name":"sampler_name","type":"COMBO","widget":{"name":"sampler_name"},"link":null},{"localized_name":"调度器","name":"scheduler","type":"COMBO","widget":{"name":"scheduler"},"link":null},{"localized_name":"降噪","name":"denoise","type":"FLOAT","widget":{"name":"denoise"},"link":null}],"outputs":[{"label":"Latent","localized_name":"Latent","name":"LATENT","type":"LATENT","slot_index":0,"links":[191]}],"properties":{"cnr_id":"comfy-core","ver":"0.3.54","Node name for S&R":"KSampler","ue_properties":{"version":"7.0.1","widget_ue_connectable":{"seed":true}}},"widgets_values":[44364024579257,"randomize",8,1,"euler","beta",1]},{"id":128,"type":"InpaintModelConditioning","pos":[1671.5242919921875,287.0542297363281],"size":[315,138],"flags":{},"order":14,"mode":0,"inputs":[{"label":"正面条件","localized_name":"正面条件","name":"positive","type":"CONDITIONING","link":185},{"label":"负面条件","localized_name":"负面条件","name":"negative","type":"CONDITIONING","link":187},{"label":"VAE","localized_name":"vae","name":"vae","type":"VAE","link":188},{"label":"图像","localized_name":"像素","name":"pixels","type":"IMAGE","link":281},{"label":"遮罩","localized_name":"遮罩","name":"mask","type":"MASK","link":282},{"localized_name":"噪波遮罩","name":"noise_mask","type":"BOOLEAN","widget":{"name":"noise_mask"},"link":null}],"outputs":[{"label":"正面条件","localized_name":"正面条件","name":"positive","type":"CONDITIONING","slot_index":0,"links":[194]},{"label":"负面条件","localized_name":"负面条件","name":"negative","type":"CONDITIONING","slot_index":1,"links":[195]},{"label":"Latent","localized_name":"Latent","name":"latent","type":"LATENT","slot_index":2,"links":[196]}],"properties":{"cnr_id":"comfy-core","ver":"0.3.54","Node name for S&R":"InpaintModelConditioning","ue_properties":{"version":"7.0.1","widget_ue_connectable":{}}},"widgets_values":[false]},{"id":124,"type":"VAELoader","pos":[484.8122253417969,243.6915740966797],"size":[315,58],"flags":{},"order":0,"mode":0,"inputs":[{"localized_name":"vae名称","name":"vae_name","type":"COMBO","widget":{"name":"vae_name"},"link":null}],"outputs":[{"label":"VAE","localized_name":"VAE","name":"VAE","type":"VAE","slot_index":0,"links":[188,201]}],"properties":{"cnr_id":"comfy-core","ver":"0.3.54","Node name for S&R":"VAELoader","ue_properties":{"version":"7.0.1","widget_ue_connectable":{}}},"widgets_values":["ae.safetensors"]},{"id":125,"type":"DualCLIPLoader","pos":[486.69598388671875,365.43316650390625],"size":[315,130],"flags":{},"order":1,"mode":0,"inputs":[{"localized_name":"CLIP1","name":"clip_name1","type":"COMBO","widget":{"name":"clip_name1"},"link":null},{"localized_name":"CLIP2","name":"clip_name2","type":"COMBO","widget":{"name":"clip_name2"},"link":null},{"localized_name":"类型","name":"type","type":"COMBO","widget":{"name":"type"},"link":null},{"localized_name":"设备","name":"device","shape":7,"type":"COMBO","widget":{"name":"device"},"link":null}],"outputs":[{"label":"CLIP","localized_name":"CLIP","name":"CLIP","type":"CLIP","slot_index":0,"links":[182,204]}],"properties":{"cnr_id":"comfy-core","ver":"0.3.54","Node name for S&R":"DualCLIPLoader","ue_properties":{"version":"7.0.1","widget_ue_connectable":{}}},"widgets_values":["clip_l.safetensors","flux/t5xxl_fp8_e4m3fn.safetensors","flux","default"]},{"id":126,"type":"UNETLoader","pos":[498.976806640625,530.1825561523438],"size":[318.2716979980469,95.51322937011719],"flags":{},"order":2,"mode":0,"inputs":[{"localized_name":"UNET名称","name":"unet_name","type":"COMBO","widget":{"name":"unet_name"},"link":null},{"localized_name":"剪枝类型","name":"weight_dtype","type":"COMBO","widget":{"name":"weight_dtype"},"link":null}],"outputs":[{"label":"模型","localized_name":"模型","name":"MODEL","type":"MODEL","slot_index":0,"links":[202]}],"properties":{"cnr_id":"comfy-core","ver":"0.3.54","Node name for S&R":"UNETLoader","ue_properties":{"version":"7.0.1","widget_ue_connectable":{}}},"widgets_values":["flux1-fill-dev.safetensors","fp8_e4m3fn"]},{"id":140,"type":"LoraLoader","pos":[856.5072631835938,563.9500122070312],"size":[315,126],"flags":{},"order":5,"mode":0,"inputs":[{"label":"模型","localized_name":"模型","name":"model","type":"MODEL","link":202},{"label":"CLIP","localized_name":"CLIPCLIP","name":"clip","type":"CLIP","link":204},{"localized_name":"LoRA名称","name":"lora_name","type":"COMBO","widget":{"name":"lora_name"},"link":null},{"localized_name":"模型强度","name":"strength_model","type":"FLOAT","widget":{"name":"strength_model"},"link":null},{"localized_name":"CLIP强度","name":"strength_clip","type":"FLOAT","widget":{"name":"strength_clip"},"link":null}],"outputs":[{"label":"模型","localized_name":"模型","name":"MODEL","type":"MODEL","slot_index":0,"links":[203]},{"label":"CLIP","localized_name":"CLIP","name":"CLIP","type":"CLIP","links":null}],"properties":{"cnr_id":"comfy-core","ver":"0.3.54","Node name for S&R":"LoraLoader","ue_properties":{"version":"7.0.1","widget_ue_connectable":{}}},"widgets_values":["FLUX.1-Turbo-Alpha.safetensors",1,1]}],"links":[[182,125,0,127,0,"CLIP"],[184,127,0,129,0,"CONDITIONING"],[185,129,0,128,0,"CONDITIONING"],[186,127,0,130,0,"CONDITIONING"],[187,130,0,128,1,"CONDITIONING"],[188,124,0,128,2,"VAE"],[191,132,0,134,0,"LATENT"],[193,131,0,132,0,"MODEL"],[194,128,0,132,1,"CONDITIONING"],[195,128,1,132,2,"CONDITIONING"],[196,128,2,132,3,"LATENT"],[201,124,0,134,1,"VAE"],[202,126,0,140,0,"MODEL"],[203,140,0,131,0,"MODEL"],[204,125,0,140,1,"CLIP"],[273,198,0,127,1,"STRING"],[274,199,0,198,6,"STRING"],[275,202,0,203,0,"DOCUMENT"],[276,203,0,200,0,"LAYER"],[278,134,0,201,0,"IMAGE"],[279,202,0,204,0,"DOCUMENT"],[280,202,1,204,1,"MASK"],[281,200,0,128,3,"IMAGE"],[282,204,0,128,4,"MASK"]],"groups":[{"id":7,"title":"00-移除/重绘","bounding":[460,130,2511.545654296875,582.5105590820312],"color":"#3f789e","font_size":24,"flags":{}}],"config":{},"extra":{"ds":{"scale":1.4122927695244536,"offset":[-336.82753080722034,-254.33313505560477]},"node_versions":{"rgthree-comfy":"5d771b8b56a343c24a26e8cea1f0c87c3d58102f","comfy-core":"0.3.11","ComfyUI_LayerStyle":"f8439eb17f03e0fa60a35303493bfc9a7d5ab098","ComfyUI-IC-Light":"7def1cf111bef9fa368190624370312f03145c28","ComfyUI-Easy-Use":"3a8fcbbcb916af5468dd9d9dca96fa79bd164b5b","comfyui-tooling-nodes":"8ed5591574ff6340729970eed780e79401568dad","ComfyUI_Comfyroll_CustomNodes":"d78b780ae43fcf8c6b7c6505e6ffb4584281ceca","cg-use-everywhere":"ce510b97d10e69d5fd0042e115ecd946890d2079","ComfyUI_AdvancedRefluxControl":"0a87efa252ae5e8f4af1225b0e19c867f908376a","ComfyUI_LayerStyle_Advance":"4991451b73c7f7030114ecce67f31d75aee8a155","ComfyUI-Florence2":"dffd12506d50f0540b8a7f4b36a05d4fb5fed2de","ComfyUI-Custom-Scripts":"bc8922deff73f59311c05cef27b9d4caaf43e87b"},"ue_links":[],"workspace_info":{"id":"W-pIaIgYe-kMwHmrq_T0B","saveLock":false,"cloudID":null,"coverMediaPath":null}},"version":0.4}