{"id":"45b4537f-cb06-497a-97e0-2147a070d51f","revision":0,"last_node_id":58,"last_link_id":79,"nodes":[{"id":23,"type":"SDPPP Get Layer By ID","pos":[5891.3330078125,4848.13330078125],"size":[270,146],"flags":{},"order":8,"mode":0,"inputs":[{"label":"文档","localized_name":"document","name":"document","type":"DOCUMENT","link":22},{"label":"图层(或组)","localized_name":"layer_or_group","name":"layer_or_group","type":"STRING","widget":{"name":"layer_or_group"},"link":null}],"outputs":[{"label":"图层(或组)","localized_name":"layer_or_group","name":"layer_or_group","type":"LAYER","links":[21]},{"label":"图层范围","localized_name":"layer boundary","name":"layer boundary","type":"MASK","links":[]},{"label":"图层信息","localized_name":"layer_info","name":"layer_info","type":"LAYER_INFO","links":null}],"properties":{"cnr_id":"sd-ppp","ver":"2fdc67b9c5becd5ee1336883ab609fb7fbc59849","Node name for S&R":"SDPPP Get Layer By ID","layerWidgetDetail2":{"id":0,"name":"","identify":"","level":0,"fullPath":""},"sdppp-version":"507","ue_properties":{"version":"7.0.1","widget_ue_connectable":{}}},"widgets_values":["### 整个画布 ###",""]},{"id":36,"type":"VAELoader","pos":[7389.6787109375,5547.5537109375],"size":[310,60.429901123046875],"flags":{},"order":0,"mode":0,"inputs":[{"label":"vae_name","localized_name":"vae名称","name":"vae_name","type":"COMBO","widget":{"name":"vae_name"},"link":null}],"outputs":[{"label":"VAE","localized_name":"VAE","name":"VAE","type":"VAE","slot_index":0,"links":[46,66]}],"properties":{"cnr_id":"comfy-core","ver":"0.3.41","Node name for S&R":"VAELoader","ue_properties":{"version":"7.0.1","widget_ue_connectable":{}}},"widgets_values":["ae.safetensors"]},{"id":37,"type":"Reroute","pos":[7863.080078125,5365.779296875],"size":[75,26],"flags":{},"order":10,"mode":0,"inputs":[{"label":"","name":"","type":"*","widget":{"name":"value"},"link":43}],"outputs":[{"name":"","type":"STRING","links":[48]}],"properties":{"showOutputText":false,"horizontal":false,"ue_properties":{"version":"7.0.1","widget_ue_connectable":{}}},"color":"#323","bgcolor":"#535"},{"id":39,"type":"VAEEncode","pos":[7793.88525390625,5694.3720703125],"size":[315,97.2686538696289],"flags":{},"order":22,"mode":0,"inputs":[{"label":"图像","localized_name":"像素","name":"pixels","type":"IMAGE","link":45},{"label":"VAE","localized_name":"vae","name":"vae","type":"VAE","link":46}],"outputs":[{"label":"Latent","localized_name":"Latent","name":"LATENT","type":"LATENT","links":[51]}],"properties":{"cnr_id":"comfy-core","ver":"0.3.41","Node name for S&R":"VAEEncode","ue_properties":{"version":"7.0.1","widget_ue_connectable":{}}}},{"id":40,"type":"CLIPTextEncode","pos":[7789.84423828125,5458.18896484375],"size":[315,172.7949981689453],"flags":{},"order":13,"mode":0,"inputs":[{"label":"CLIP","localized_name":"clip","name":"clip","type":"CLIP","link":47},{"label":"text","localized_name":"文本","name":"text","type":"STRING","widget":{"name":"text"},"link":48}],"outputs":[{"label":"条件","localized_name":"条件","name":"CONDITIONING","type":"CONDITIONING","slot_index":0,"links":[49]}],"properties":{"cnr_id":"comfy-core","ver":"0.3.41","Node name for S&R":"CLIPTextEncode","ue_properties":{"version":"7.0.1","widget_ue_connectable":{}}},"widgets_values":["the anime girl with massive fennec ears is wearing cargo pants while sitting on a log in the woods biting into a sandwitch beside a beautiful alpine lake",[false,true]],"color":"#232","bgcolor":"#353"},{"id":41,"type":"FluxGuidance","pos":[8132.95361328125,5464.77294921875],"size":[310,58],"flags":{},"order":16,"mode":0,"inputs":[{"label":"条件","localized_name":"条件","name":"conditioning","type":"CONDITIONING","link":49},{"label":"guidance","localized_name":"引导","name":"guidance","type":"FLOAT","widget":{"name":"guidance"},"link":null}],"outputs":[{"label":"条件","localized_name":"条件","name":"CONDITIONING","type":"CONDITIONING","slot_index":0,"links":[50]}],"properties":{"cnr_id":"comfy-core","ver":"0.3.41","Node name for S&R":"FluxGuidance","ue_properties":{"version":"7.0.1","widget_ue_connectable":{}}},"widgets_values":[2.5],"color":"#233","bgcolor":"#355"},{"id":42,"type":"ReferenceLatent","pos":[8139.68310546875,5580.83251953125],"size":[310,53.024532318115234],"flags":{},"order":26,"mode":0,"inputs":[{"label":"conditioning","localized_name":"conditioning","name":"conditioning","type":"CONDITIONING","link":50},{"label":"latent","localized_name":"latent","name":"latent","shape":7,"type":"LATENT","link":51}],"outputs":[{"label":"CONDITIONING","localized_name":"条件","name":"CONDITIONING","type":"CONDITIONING","links":[59]}],"properties":{"cnr_id":"comfy-core","ver":"0.3.41","Node name for S&R":"ReferenceLatent","ue_properties":{"version":"7.0.1","widget_ue_connectable":{}}}},{"id":43,"type":"RandomNoise","pos":[8141.68896484375,5690.17724609375],"size":[310,82],"flags":{},"order":1,"mode":0,"inputs":[{"label":"noise_seed","localized_name":"随机种","name":"noise_seed","type":"INT","widget":{"name":"noise_seed"},"link":null}],"outputs":[{"label":"噪波生成","localized_name":"噪波","name":"NOISE","type":"NOISE","links":[60]}],"properties":{"cnr_id":"comfy-core","ver":"0.3.41","Node name for S&R":"RandomNoise","ue_properties":{"version":"7.0.1","widget_ue_connectable":{}}},"widgets_values":[652149853016230,"randomize"],"color":"#2a363b","bgcolor":"#3f5159"},{"id":45,"type":"KSamplerSelect","pos":[8502.57421875,5457.6083984375],"size":[315,58],"flags":{},"order":2,"mode":0,"inputs":[{"label":"sampler_name","localized_name":"采样器","name":"sampler_name","type":"COMBO","widget":{"name":"sampler_name"},"link":null}],"outputs":[{"label":"采样器","localized_name":"采样器","name":"SAMPLER","type":"SAMPLER","links":[62]}],"properties":{"cnr_id":"comfy-core","ver":"0.3.41","Node name for S&R":"KSamplerSelect","ue_properties":{"version":"7.0.1","widget_ue_connectable":{}}},"widgets_values":["euler"]},{"id":46,"type":"BasicScheduler","pos":[8511.51171875,5579.630859375],"size":[315,106],"flags":{},"order":27,"mode":0,"inputs":[{"label":"模型","localized_name":"模型","name":"model","type":"MODEL","link":54},{"label":"scheduler","localized_name":"调度器","name":"scheduler","type":"COMBO","widget":{"name":"scheduler"},"link":null},{"label":"steps","localized_name":"步数","name":"steps","type":"INT","widget":{"name":"steps"},"link":null},{"label":"denoise","localized_name":"降噪","name":"denoise","type":"FLOAT","widget":{"name":"denoise"},"link":null}],"outputs":[{"label":"Sigmas","localized_name":"Sigmas","name":"SIGMAS","type":"SIGMAS","links":[63]}],"properties":{"cnr_id":"comfy-core","ver":"0.3.41","Node name for S&R":"BasicScheduler","ue_properties":{"version":"7.0.1","widget_ue_connectable":{}}},"widgets_values":["simple",20,1]},{"id":47,"type":"ModelSamplingFlux","pos":[8517.7109375,5741.6982421875],"size":[315,130],"flags":{},"order":25,"mode":0,"inputs":[{"label":"模型","localized_name":"模型","name":"model","type":"MODEL","link":55},{"label":"max_shift","localized_name":"最大偏移","name":"max_shift","type":"FLOAT","widget":{"name":"max_shift"},"link":null},{"label":"base_shift","localized_name":"基础偏移","name":"base_shift","type":"FLOAT","widget":{"name":"base_shift"},"link":null},{"label":"width","localized_name":"宽度","name":"width","type":"INT","widget":{"name":"width"},"link":56},{"label":"height","localized_name":"高度","name":"height","type":"INT","widget":{"name":"height"},"link":57}],"outputs":[{"label":"模型","localized_name":"模型","name":"MODEL","type":"MODEL","slot_index":0,"links":[54,58]}],"properties":{"cnr_id":"comfy-core","ver":"0.3.41","Node name for S&R":"ModelSamplingFlux","ue_properties":{"version":"7.0.1","widget_ue_connectable":{"width":true,"height":true}}},"widgets_values":[1.15,0.5,1024,1024]},{"id":48,"type":"BasicGuider","pos":[8868.9111328125,5474.19482421875],"size":[270,46],"flags":{},"order":28,"mode":0,"inputs":[{"label":"模型","localized_name":"模型","name":"model","type":"MODEL","link":58},{"label":"条件","localized_name":"条件","name":"conditioning","type":"CONDITIONING","link":59}],"outputs":[{"label":"引导","localized_name":"引导器","name":"GUIDER","type":"GUIDER","slot_index":0,"links":[61]}],"properties":{"cnr_id":"comfy-core","ver":"0.3.41","Node name for S&R":"BasicGuider","ue_properties":{"version":"7.0.1","widget_ue_connectable":{}}}},{"id":49,"type":"SamplerCustomAdvanced","pos":[8877.73828125,5575.46923828125],"size":[270,326],"flags":{},"order":29,"mode":0,"inputs":[{"label":"噪波生成","localized_name":"噪波","name":"noise","type":"NOISE","link":60},{"label":"引导","localized_name":"引导器","name":"guider","type":"GUIDER","link":61},{"label":"采样器","localized_name":"采样器","name":"sampler","type":"SAMPLER","link":62},{"label":"Sigmas","localized_name":"西格玛","name":"sigmas","type":"SIGMAS","link":63},{"label":"Latent","localized_name":"Latent图像","name":"latent_image","type":"LATENT","link":64}],"outputs":[{"label":"输出","localized_name":"Latent","name":"output","type":"LATENT","slot_index":0,"links":[65]},{"label":"降噪输出","localized_name":"降噪Latent","name":"denoised_output","type":"LATENT"}],"properties":{"cnr_id":"comfy-core","ver":"0.3.41","Node name for S&R":"SamplerCustomAdvanced","ue_properties":{"version":"7.0.1","widget_ue_connectable":{}}}},{"id":53,"type":"GoogleTranslateTextNode","pos":[7659.90625,4632.07177734375],"size":[418.6748962402344,563.4205932617188],"flags":{},"order":7,"mode":0,"inputs":[{"label":"from_translate","localized_name":"from_translate","name":"from_translate","type":"COMBO","widget":{"name":"from_translate"},"link":null},{"label":"to_translate","localized_name":"to_translate","name":"to_translate","type":"COMBO","widget":{"name":"to_translate"},"link":null},{"label":"manual_translate","localized_name":"manual_translate","name":"manual_translate","type":"BOOLEAN","widget":{"name":"manual_translate"},"link":null},{"label":"text","localized_name":"text","name":"text","type":"STRING","widget":{"name":"text"},"link":76}],"outputs":[{"label":"text","localized_name":"text","name":"text","type":"STRING","links":[43]}],"title":"②书写提示词","properties":{"cnr_id":"comfyui_custom_nodes_alekpet","ver":"5fc22da44a04b8d5f75e91d0d9bb9f961e5ab721","Node name for S&R":"GoogleTranslateTextNode","ue_properties":{"version":"7.0.1","widget_ue_connectable":{}}},"widgets_values":["auto","en",false,"Manual Trasnlate","图中黄色的部分换成一只可爱的猫\n",[false,true]]},{"id":55,"type":"UNETLoader","pos":[7389.28125,5408.59814453125],"size":[310,82],"flags":{},"order":3,"mode":0,"inputs":[{"label":"unet_name","localized_name":"UNET名称","name":"unet_name","type":"COMBO","widget":{"name":"unet_name"},"link":null},{"label":"weight_dtype","localized_name":"剪枝类型","name":"weight_dtype","type":"COMBO","widget":{"name":"weight_dtype"},"link":null}],"outputs":[{"label":"模型","localized_name":"模型","name":"MODEL","type":"MODEL","slot_index":0,"links":[55]}],"properties":{"cnr_id":"comfy-core","ver":"0.3.41","Node name for S&R":"UNETLoader","ue_properties":{"version":"7.0.1","widget_ue_connectable":{}}},"widgets_values":["flux1-dev-kontext_fp8_scaled.safetensors","fp8_e4m3fn"],"color":"#223","bgcolor":"#335"},{"id":56,"type":"DualCLIPLoader","pos":[7387.81494140625,5655.69580078125],"size":[342.31231689453125,155.84974670410156],"flags":{},"order":4,"mode":0,"inputs":[{"label":"clip_name1","localized_name":"CLIP1","name":"clip_name1","type":"COMBO","widget":{"name":"clip_name1"},"link":null},{"label":"clip_name2","localized_name":"CLIP2","name":"clip_name2","type":"COMBO","widget":{"name":"clip_name2"},"link":null},{"label":"type","localized_name":"类型","name":"type","type":"COMBO","widget":{"name":"type"},"link":null},{"label":"device","localized_name":"设备","name":"device","shape":7,"type":"COMBO","widget":{"name":"device"},"link":null}],"outputs":[{"label":"CLIP","localized_name":"CLIP","name":"CLIP","type":"CLIP","slot_index":0,"links":[47]}],"properties":{"cnr_id":"comfy-core","ver":"0.3.41","Node name for S&R":"DualCLIPLoader","ue_properties":{"version":"7.0.1","widget_ue_connectable":{}}},"widgets_values":["flux/t5xxl_fp8_e4m3fn_scaled.safetensors","flux/clip_l.safetensors","flux","default"]},{"id":51,"type":"PreviewImage","pos":[7368.78369140625,6007.16796875],"size":[487.23870849609375,495.7928771972656],"flags":{},"order":23,"mode":0,"inputs":[{"label":"图像","localized_name":"图像","name":"images","type":"IMAGE","link":67}],"outputs":[],"properties":{"cnr_id":"comfy-core","ver":"0.3.43","Node name for S&R":"PreviewImage","ue_properties":{"version":"7.0.1","widget_ue_connectable":{}}},"color":"#233","bgcolor":"#355"},{"id":57,"type":"SDPPP Get Selection","pos":[5974.3427734375,5113.21142578125],"size":[185.38241577148438,78],"flags":{},"order":9,"mode":0,"inputs":[{"label":"文档","localized_name":"document","name":"document","type":"DOCUMENT","link":71},{"label":"范围","localized_name":"bound","name":"bound","shape":7,"type":"MASK","link":72}],"outputs":[{"label":"遮罩","localized_name":"mask","name":"mask","type":"MASK","links":[73]}],"properties":{"cnr_id":"sd-ppp","ver":"569685c01c97220e66873e5c2bfd2538ab1171fc","Node name for S&R":"SDPPP Get Selection"},"widgets_values":[""]},{"id":50,"type":"VAEDecode","pos":[9190.3095703125,5509.9658203125],"size":[315,46],"flags":{},"order":30,"mode":0,"inputs":[{"label":"Latent","localized_name":"Latent","name":"samples","type":"LATENT","link":65},{"label":"VAE","localized_name":"vae","name":"vae","type":"VAE","link":66}],"outputs":[{"label":"图像","localized_name":"图像","name":"IMAGE","type":"IMAGE","slot_index":0,"links":[74]}],"properties":{"cnr_id":"comfy-core","ver":"0.3.41","Node name for S&R":"VAEDecode","ue_properties":{"version":"7.0.1","widget_ue_connectable":{}}}},{"id":58,"type":"PrimitiveNode","pos":[7207.00146484375,4725.923828125],"size":[266.2449951171875,163.49696350097656],"flags":{},"order":5,"mode":0,"inputs":[],"outputs":[{"name":"STRING","type":"STRING","widget":{"name":"text"},"links":[76]}],"title":"提示词（可写中文）","properties":{"Run widget replace on values":false,"sdppp_widgetable_title":"提示词（可写中文）"},"widgets_values":["图中黄色的部分换成一只可爱的猫\n"]},{"id":22,"type":"SDPPP Get Document","pos":[5553.60986328125,4851.92626953125],"size":[270,146],"flags":{},"order":6,"mode":0,"inputs":[{"label":"document_name","localized_name":"document_name","name":"document_name","type":"STRING","widget":{"name":"document_name"},"link":null}],"outputs":[{"label":"文档","localized_name":"document","name":"document","type":"DOCUMENT","links":[22,71]},{"label":"文档范围","localized_name":"document boundary","name":"document boundary","type":"MASK","links":[72,77]},{"label":"选中范围","localized_name":"selection boundary","name":"selection boundary","type":"MASK","links":null}],"properties":{"cnr_id":"sd-ppp","ver":"2fdc67b9c5becd5ee1336883ab609fb7fbc59849","Node name for S&R":"SDPPP Get Document","sdppp-version":"507","ue_properties":{"version":"7.0.1","widget_ue_connectable":{}}},"widgets_values":["PS_5jr/### 当前文档 ###","",""]},{"id":26,"type":"Send Images To Photoshop","pos":[9900.98828125,5468.78515625],"size":[298.2369079589844,146],"flags":{},"order":31,"mode":0,"inputs":[{"label":"图像","localized_name":"images","name":"images","type":"IMAGE","link":74},{"label":"图层(或组)","localized_name":"layer_or_group","name":"layer_or_group","type":"LAYER","link":null},{"label":"范围","localized_name":"bound","name":"bound","shape":7,"type":"MASK","link":null}],"outputs":[{"label":"图层(或组)","localized_name":"layer_or_group","name":"layer_or_group","shape":6,"type":"LAYER","links":null}],"properties":{"cnr_id":"sd-ppp","ver":"2fdc67b9c5becd5ee1336883ab609fb7fbc59849","Node name for S&R":"Send Images To Photoshop","sdppp_send_prefix":"","sdppp-version":"507","ue_properties":{"version":"7.0.1","widget_ue_connectable":{}}},"widgets_values":["PS_5jr/### 当前文档 ###","### 新图层 ###",""]},{"id":44,"type":"EmptySD3LatentImage","pos":[8149.1357421875,5901.33544921875],"size":[310,106],"flags":{},"order":24,"mode":0,"inputs":[{"label":"width","localized_name":"宽度","name":"width","type":"INT","widget":{"name":"width"},"link":52},{"label":"height","localized_name":"高度","name":"height","type":"INT","widget":{"name":"height"},"link":53},{"label":"batch_size","localized_name":"批次大小","name":"batch_size","type":"INT","widget":{"name":"batch_size"},"link":null}],"outputs":[{"label":"Latent","localized_name":"Latent","name":"LATENT","type":"LATENT","slot_index":0,"links":[64]}],"properties":{"cnr_id":"comfy-core","ver":"0.3.41","Node name for S&R":"EmptySD3LatentImage","ue_properties":{"version":"7.0.1","widget_ue_connectable":{"width":true,"height":true}}},"widgets_values":[1024,1024,1]},{"id":38,"type":"GetImageSize+","pos":[7776.72998046875,5933.27001953125],"size":[315,66],"flags":{},"order":21,"mode":0,"inputs":[{"label":"图像","localized_name":"image","name":"image","type":"IMAGE","link":44}],"outputs":[{"label":"宽度","localized_name":"width","name":"width","type":"INT","links":[52,56]},{"label":"高度","localized_name":"height","name":"height","type":"INT","links":[53,57]},{"label":"count","localized_name":"count","name":"count","type":"INT"}],"properties":{"cnr_id":"comfyui_essentials","ver":"9d9f4bedfc9f0321c19faf71855e228c93bd0dc9","Node name for S&R":"GetImageSize+","ue_properties":{"version":"7.0.1","widget_ue_connectable":{}}}},{"id":52,"type":"ImageAndMaskPreview","pos":[7057.50390625,5929.2939453125],"size":[282.58905029296875,148.27406311035156],"flags":{},"order":20,"mode":0,"inputs":[{"label":"图像","localized_name":"image","name":"image","shape":7,"type":"IMAGE","link":68},{"label":"遮罩","localized_name":"mask","name":"mask","shape":7,"type":"MASK","link":69},{"label":"mask_opacity","localized_name":"遮罩不透明","name":"mask_opacity","type":"FLOAT","widget":{"name":"mask_opacity"},"link":null},{"label":"mask_color","localized_name":"遮罩颜色","name":"mask_color","type":"STRING","widget":{"name":"mask_color"},"link":null},{"label":"pass_through","localized_name":"穿透","name":"pass_through","type":"BOOLEAN","widget":{"name":"pass_through"},"link":null}],"outputs":[{"label":"图像","localized_name":"composite","name":"composite","type":"IMAGE","links":[44,45,67]}],"properties":{"cnr_id":"comfyui-kjnodes","ver":"aeab1a7de581dc7253f48257392e8287bbeee4a9","Node name for S&R":"ImageAndMaskPreview","ue_properties":{"version":"7.0.1","widget_ue_connectable":{}}},"widgets_values":[1,"FFFF00",true]},{"id":35,"type":"LayerUtility: ImageScaleByAspectRatio V2","pos":[7061.02392578125,5442.67333984375],"size":[275,330],"flags":{},"order":19,"mode":0,"inputs":[{"label":"图像","localized_name":"图像","name":"image","shape":7,"type":"IMAGE","link":78},{"label":"遮罩","localized_name":"遮罩","name":"mask","shape":7,"type":"MASK","link":40},{"label":"aspect_ratio","localized_name":"宽高比","name":"aspect_ratio","type":"COMBO","widget":{"name":"aspect_ratio"},"link":null},{"label":"proportional_width","localized_name":"比例宽","name":"proportional_width","type":"INT","widget":{"name":"proportional_width"},"link":41},{"label":"proportional_height","localized_name":"比例高","name":"proportional_height","type":"INT","widget":{"name":"proportional_height"},"link":42},{"label":"fit","localized_name":"缩放模式","name":"fit","type":"COMBO","widget":{"name":"fit"},"link":null},{"label":"method","localized_name":"采样方法","name":"method","type":"COMBO","widget":{"name":"method"},"link":null},{"label":"round_to_multiple","localized_name":"倍数取整","name":"round_to_multiple","type":"COMBO","widget":{"name":"round_to_multiple"},"link":null},{"label":"scale_to_side","localized_name":"缩放到边","name":"scale_to_side","type":"COMBO","widget":{"name":"scale_to_side"},"link":null},{"label":"scale_to_length","localized_name":"缩放到长度","name":"scale_to_length","type":"INT","widget":{"name":"scale_to_length"},"link":null},{"label":"background_color","localized_name":"背景颜色","name":"background_color","type":"STRING","widget":{"name":"background_color"},"link":null}],"outputs":[{"label":"图像","localized_name":"image","name":"image","type":"IMAGE","links":[68]},{"label":"遮罩","localized_name":"mask","name":"mask","type":"MASK","links":[69]},{"label":"原始大小","localized_name":"original_size","name":"original_size","type":"BOX"},{"label":"width","localized_name":"width","name":"width","type":"INT"},{"label":"height","localized_name":"height","name":"height","type":"INT"}],"properties":{"cnr_id":"comfyui_layerstyle","ver":"a46b1e6d26d45be9784c49f7065ba44700ef2b63","Node name for S&R":"LayerUtility: ImageScaleByAspectRatio V2","ue_properties":{"version":"7.0.1","widget_ue_connectable":{}}},"widgets_values":["custom",1,1,"letterbox","lanczos","8","None",1024,"#000000"],"color":"rgba(38, 73, 116, 0.7)"},{"id":32,"type":"Image To Mask","pos":[6756.19921875,5881.40234375],"size":[275,58],"flags":{},"order":18,"mode":0,"inputs":[{"label":"图像","localized_name":"image","name":"image","type":"IMAGE","link":36},{"label":"method","localized_name":"方法","name":"method","type":"COMBO","widget":{"name":"method"},"link":null}],"outputs":[{"label":"遮罩","localized_name":"遮罩","name":"MASK","type":"MASK","links":[40]}],"properties":{"cnr_id":"masquerade-nodes-comfyui","ver":"432cb4d146a391b387a0cd25ace824328b5b61cf","Node name for S&R":"Image To Mask","ue_properties":{"version":"7.0.1","widget_ue_connectable":{}}},"widgets_values":["intensity"]},{"id":33,"type":"Mask Fill Holes","pos":[6015.990234375,5294.44384765625],"size":[290,26],"flags":{},"order":12,"mode":0,"inputs":[{"label":"遮罩","localized_name":"masks","name":"masks","type":"MASK","link":73}],"outputs":[{"label":"遮罩","localized_name":"MASKS","name":"MASKS","type":"MASK","links":[31]}],"properties":{"cnr_id":"was-node-suite-comfyui","ver":"1cd8d304eda256c412b8589ce1f00be3c61cf9ec","Node name for S&R":"Mask Fill Holes","ue_properties":{"version":"7.0.1","widget_ue_connectable":{}}}},{"id":29,"type":"Convert Masks to Images","pos":[6328.79150390625,5398.8388671875],"size":[290,39.57117462158203],"flags":{},"order":15,"mode":0,"inputs":[{"label":"遮罩","localized_name":"masks","name":"masks","type":"MASK","link":31}],"outputs":[{"label":"图像","localized_name":"IMAGES","name":"IMAGES","type":"IMAGE","links":[33]}],"properties":{"cnr_id":"was-node-suite-comfyui","ver":"1cd8d304eda256c412b8589ce1f00be3c61cf9ec","Node name for S&R":"Convert Masks to Images","ue_properties":{"version":"7.0.1","widget_ue_connectable":{}}}},{"id":31,"type":"ImageScale","pos":[6549.3466796875,5628.88427734375],"size":[290,130],"flags":{},"order":17,"mode":0,"inputs":[{"label":"图像","localized_name":"图像","name":"image","type":"IMAGE","link":33},{"label":"upscale_method","localized_name":"缩放方法","name":"upscale_method","type":"COMBO","widget":{"name":"upscale_method"},"link":null},{"label":"width","localized_name":"宽度","name":"width","type":"INT","widget":{"name":"width"},"link":34},{"label":"height","localized_name":"高度","name":"height","type":"INT","widget":{"name":"height"},"link":35},{"label":"crop","localized_name":"裁剪","name":"crop","type":"COMBO","widget":{"name":"crop"},"link":null}],"outputs":[{"label":"图像","localized_name":"图像","name":"IMAGE","type":"IMAGE","links":[36]}],"properties":{"cnr_id":"comfy-core","ver":"0.3.43","Node name for S&R":"ImageScale","ue_properties":{"version":"7.0.1","widget_ue_connectable":{}}},"widgets_values":["nearest-exact",512,512,"disabled"]},{"id":30,"type":"easy imageSize","pos":[6187.5654296875,5804.25830078125],"size":[290,108],"flags":{},"order":14,"mode":0,"inputs":[{"label":"图像","localized_name":"图像","name":"image","type":"IMAGE","link":79}],"outputs":[{"label":"宽度","localized_name":"宽度","name":"width_int","type":"INT","links":[34,41]},{"label":"高度","localized_name":"高度","name":"height_int","type":"INT","links":[35,42]}],"properties":{"cnr_id":"comfyui-easy-use","ver":"501d97bb5ca8d61b486d47379fb1f21a41b772d7","Node name for S&R":"easy imageSize","ue_properties":{"version":"7.0.1","widget_ue_connectable":{}}},"widgets_values":["Width: 752 , Height: 1392"]},{"id":21,"type":"Get Image From Photoshop Layer","pos":[6271.76708984375,4854.88134765625],"size":[298.9820251464844,146],"flags":{},"order":11,"mode":0,"inputs":[{"label":"layer_or_group","localized_name":"layer_or_group","name":"layer_or_group","type":"LAYER","link":21},{"label":"bound","localized_name":"bound","name":"bound","shape":7,"type":"MASK","link":77},{"label":"quality","localized_name":"quality","name":"quality","shape":7,"type":"FLOAT","link":null}],"outputs":[{"label":"rgb_out","localized_name":"rgb_out","name":"rgb_out","shape":6,"type":"IMAGE","links":[78,79]},{"label":"alpha_out","localized_name":"alpha_out","name":"alpha_out","shape":6,"type":"MASK","links":[]}],"properties":{"cnr_id":"sd-ppp","ver":"2fdc67b9c5becd5ee1336883ab609fb7fbc59849","Node name for S&R":"Get Image From Photoshop Layer","sdppp-version":"507","ue_properties":{"version":"7.0.1","widget_ue_connectable":{}}},"widgets_values":["PS_5jr/### 当前文档 ###","",""]}],"links":[[21,23,0,21,0,"LAYER"],[22,22,0,23,0,"DOCUMENT"],[31,33,0,29,0,"MASK"],[33,29,0,31,0,"IMAGE"],[34,30,0,31,2,"INT"],[35,30,1,31,3,"INT"],[36,31,0,32,0,"IMAGE"],[40,32,0,35,1,"MASK"],[41,30,0,35,3,"INT"],[42,30,1,35,4,"INT"],[43,53,0,37,0,"*"],[44,52,0,38,0,"IMAGE"],[45,52,0,39,0,"IMAGE"],[46,36,0,39,1,"VAE"],[47,56,0,40,0,"CLIP"],[48,37,0,40,1,"STRING"],[49,40,0,41,0,"CONDITIONING"],[50,41,0,42,0,"CONDITIONING"],[51,39,0,42,1,"LATENT"],[52,38,0,44,0,"INT"],[53,38,1,44,1,"INT"],[54,47,0,46,0,"MODEL"],[55,55,0,47,0,"MODEL"],[56,38,0,47,3,"INT"],[57,38,1,47,4,"INT"],[58,47,0,48,0,"MODEL"],[59,42,0,48,1,"CONDITIONING"],[60,43,0,49,0,"NOISE"],[61,48,0,49,1,"GUIDER"],[62,45,0,49,2,"SAMPLER"],[63,46,0,49,3,"SIGMAS"],[64,44,0,49,4,"LATENT"],[65,49,0,50,0,"LATENT"],[66,36,0,50,1,"VAE"],[67,52,0,51,0,"IMAGE"],[68,35,0,52,0,"IMAGE"],[69,35,1,52,1,"MASK"],[71,22,0,57,0,"DOCUMENT"],[72,22,1,57,1,"MASK"],[73,57,0,33,0,"MASK"],[74,50,0,26,0,"IMAGE"],[76,58,0,53,3,"STRING"],[77,22,1,21,1,"MASK"],[78,21,0,35,0,"IMAGE"],[79,21,0,30,0,"IMAGE"]],"groups":[{"id":7,"title":"提示词【很重要】","bounding":[7634.31884765625,4531.47216796875,481.13201904296875,714.9009399414062],"color":"#8A8","font_size":24,"flags":{}},{"id":9,"title":"核心工作区","bounding":[7364.40673828125,5319.49755859375,379.9303894042969,546.5068969726562],"color":"#3f789e","font_size":24,"flags":{}},{"id":10,"title":"Group","bounding":[6686.501953125,5322.177734375,635.491455078125,641.5743408203125],"color":"#3f789e","font_size":24,"flags":{}},{"id":12,"title":"Group","bounding":[7769.74169921875,5322.17919921875,1745.5640869140625,621.2001342773438],"color":"#3f789e","font_size":24,"flags":{}}],"config":{},"extra":{"ds":{"scale":0.6588450000000075,"offset":[-5349.400658602209,-4732.777648376533]},"ue_links":[],"links_added_by_ue":[],"frontendVersion":"1.23.4","VHS_latentpreview":false,"VHS_latentpreviewrate":0,"VHS_MetadataImage":true,"VHS_KeepIntermediate":true},"version":0.4}