{"id":"d07f67dd-fd64-49b5-8187-edcbc8a8ef27","revision":0,"last_node_id":84,"last_link_id":178,"nodes":[{"id":50,"type":"CLIPTextEncode","pos":[651,168],"size":[339.20001220703125,96.39999389648438],"flags":{},"order":8,"mode":0,"inputs":[{"label":"CLIP","localized_name":"clip","name":"clip","type":"CLIP","link":80},{"localized_name":"文本","name":"text","type":"STRING","widget":{"name":"text"},"link":null}],"outputs":[{"label":"条件","localized_name":"条件","name":"CONDITIONING","type":"CONDITIONING","slot_index":0,"links":[146]}],"properties":{"cnr_id":"comfy-core","ver":"0.3.26","Node name for S&R":"CLIPTextEncode","ue_properties":{"version":"7.0.1","widget_ue_connectable":{}}},"widgets_values":["",[false,true]],"color":"#322","bgcolor":"#533"},{"id":52,"type":"KSampler","pos":[1571,117],"size":[315,474],"flags":{},"order":12,"mode":0,"inputs":[{"label":"模型","localized_name":"模型","name":"model","type":"MODEL","link":138},{"label":"正面条件","localized_name":"正面条件","name":"positive","type":"CONDITIONING","link":142},{"label":"负面条件","localized_name":"负面条件","name":"negative","type":"CONDITIONING","link":143},{"label":"Latent","localized_name":"Latent图像","name":"latent_image","type":"LATENT","link":144},{"localized_name":"随机种","name":"seed","type":"INT","widget":{"name":"seed"},"link":null},{"localized_name":"步数","name":"steps","type":"INT","widget":{"name":"steps"},"link":null},{"localized_name":"CFG","name":"cfg","type":"FLOAT","widget":{"name":"cfg"},"link":null},{"localized_name":"采样器","name":"sampler_name","type":"COMBO","widget":{"name":"sampler_name"},"link":null},{"localized_name":"调度器","name":"scheduler","type":"COMBO","widget":{"name":"scheduler"},"link":null},{"localized_name":"降噪","name":"denoise","type":"FLOAT","widget":{"name":"denoise"},"link":null}],"outputs":[{"label":"Latent","localized_name":"Latent","name":"LATENT","type":"LATENT","slot_index":0,"links":[91]}],"properties":{"cnr_id":"comfy-core","ver":"0.3.26","Node name for S&R":"KSampler","ue_properties":{"version":"7.0.1","widget_ue_connectable":{}}},"widgets_values":[0,"fixed",20,7.5,"euler","normal",1]},{"id":65,"type":"PowerPaint","pos":[1154,136],"size":[315,318],"flags":{},"order":11,"mode":0,"inputs":[{"label":"模型","localized_name":"model","name":"model","type":"MODEL","link":139},{"label":"VAE","localized_name":"vae","name":"vae","type":"VAE","link":151},{"label":"图像","localized_name":"image","name":"image","type":"IMAGE","link":173},{"label":"遮罩","localized_name":"mask","name":"mask","type":"MASK","link":172},{"label":"PowerPaint","localized_name":"powerpaint","name":"powerpaint","type":"BRMODEL","link":148},{"label":"CLIP","localized_name":"clip","name":"clip","type":"CLIP","link":147},{"label":"正面条件","localized_name":"positive","name":"positive","type":"CONDITIONING","link":145},{"label":"负面条件","localized_name":"negative","name":"negative","type":"CONDITIONING","link":146},{"localized_name":"fitting","name":"fitting","type":"FLOAT","widget":{"name":"fitting"},"link":null},{"localized_name":"模式","name":"function","type":"COMBO","widget":{"name":"function"},"link":null},{"localized_name":"缩放","name":"scale","type":"FLOAT","widget":{"name":"scale"},"link":null},{"localized_name":"开始引导步数","name":"start_at","type":"INT","widget":{"name":"start_at"},"link":null},{"localized_name":"结束引导步数","name":"end_at","type":"INT","widget":{"name":"end_at"},"link":null},{"localized_name":"save_memory","name":"save_memory","type":"COMBO","widget":{"name":"save_memory"},"link":null}],"outputs":[{"label":"模型","localized_name":"model","name":"model","type":"MODEL","slot_index":0,"links":[138]},{"label":"正面条件","localized_name":"positive","name":"positive","type":"CONDITIONING","slot_index":1,"links":[142]},{"label":"负面条件","localized_name":"negative","name":"negative","type":"CONDITIONING","slot_index":2,"links":[143]},{"label":"Latent","localized_name":"latent","name":"latent","type":"LATENT","slot_index":3,"links":[144]}],"properties":{"cnr_id":"comfyui-brushnet","ver":"505d8ef917ddf3896afd1926770ecc9b099704e2","Node name for S&R":"PowerPaint","ue_properties":{"version":"7.0.1","widget_ue_connectable":{}}},"widgets_values":[1,"image outpainting",1,0,10000,"none"]},{"id":54,"type":"VAEDecode","pos":[1921,38],"size":[210,46],"flags":{},"order":13,"mode":0,"inputs":[{"label":"Latent","localized_name":"Latent","name":"samples","type":"LATENT","link":91},{"label":"VAE","localized_name":"vae","name":"vae","type":"VAE","link":92}],"outputs":[{"label":"图像","localized_name":"图像","name":"IMAGE","type":"IMAGE","slot_index":0,"links":[161]}],"properties":{"cnr_id":"comfy-core","ver":"0.3.26","Node name for S&R":"VAEDecode","ue_properties":{"version":"7.0.1","widget_ue_connectable":{}}},"widgets_values":[]},{"id":75,"type":"Send Images To Photoshop","pos":[2424.945068359375,106.04695129394531],"size":[298.2369079589844,146],"flags":{},"order":14,"mode":0,"inputs":[{"label":"图像","localized_name":"images","name":"images","type":"IMAGE","link":161},{"label":"图层(或组)","localized_name":"layer_or_group","name":"layer_or_group","type":"LAYER","link":null},{"label":"范围","localized_name":"bound","name":"bound","shape":7,"type":"MASK","link":null}],"outputs":[{"label":"图层(或组)","localized_name":"layer_or_group","name":"layer_or_group","shape":6,"type":"LAYER","links":null}],"properties":{"cnr_id":"sd-ppp","ver":"2fdc67b9c5becd5ee1336883ab609fb7fbc59849","Node name for S&R":"Send Images To Photoshop","sdppp_send_prefix":"","sdppp-version":"507","ue_properties":{"version":"7.0.1","widget_ue_connectable":{}}},"widgets_values":["PS_5jr/### 当前文档 ###","### 新图层 ###",""]},{"id":74,"type":"Get Image From Photoshop Layer","pos":[-6.603466987609863,-394.7237548828125],"size":[298.9820251464844,146],"flags":{},"order":10,"mode":0,"inputs":[{"label":"layer_or_group","localized_name":"layer_or_group","name":"layer_or_group","type":"LAYER","link":159},{"label":"bound","localized_name":"bound","name":"bound","shape":7,"type":"MASK","link":null},{"label":"quality","localized_name":"quality","name":"quality","shape":7,"type":"FLOAT","link":null}],"outputs":[{"label":"rgb_out","localized_name":"rgb_out","name":"rgb_out","shape":6,"type":"IMAGE","links":[173]},{"label":"alpha_out","localized_name":"alpha_out","name":"alpha_out","shape":6,"type":"MASK","links":[]}],"properties":{"cnr_id":"sd-ppp","ver":"2fdc67b9c5becd5ee1336883ab609fb7fbc59849","Node name for S&R":"Get Image From Photoshop Layer","sdppp-version":"507","ue_properties":{"version":"7.0.1","widget_ue_connectable":{}}},"widgets_values":["PS_5jr/### 当前文档 ###","",""]},{"id":83,"type":"PrimitiveNode","pos":[-82.74217224121094,427.4012145996094],"size":[210,88],"flags":{},"order":0,"mode":0,"inputs":[],"outputs":[{"name":"STRING","type":"STRING","widget":{"name":"text"},"links":[175]}],"properties":{"Run widget replace on values":false,"sdppp_widgetable_title":"prompt提示词","ue_properties":{"widget_ue_connectable":{},"version":"7.0.1"}},"widgets_values":[""]},{"id":49,"type":"CLIPTextEncode","pos":[412.8761291503906,-78.5215835571289],"size":[339.20001220703125,96.39999389648438],"flags":{},"order":9,"mode":0,"inputs":[{"label":"CLIP","localized_name":"clip","name":"clip","type":"CLIP","link":78},{"localized_name":"文本","name":"text","type":"STRING","widget":{"name":"text"},"link":176}],"outputs":[{"label":"条件","localized_name":"条件","name":"CONDITIONING","type":"CONDITIONING","slot_index":0,"links":[145]}],"properties":{"cnr_id":"comfy-core","ver":"0.3.26","Node name for S&R":"CLIPTextEncode","ue_properties":{"version":"7.0.1","widget_ue_connectable":{}}},"widgets_values":["empty scene",[false,true]],"color":"#232","bgcolor":"#353"},{"id":84,"type":"DeepTranslatorTextNode","pos":[193.8896026611328,422.13568115234375],"size":[400,340],"flags":{},"order":5,"mode":0,"inputs":[{"localized_name":"从","name":"from_translate","type":"COMBO","widget":{"name":"from_translate"},"link":null},{"localized_name":"到","name":"to_translate","type":"COMBO","widget":{"name":"to_translate"},"link":null},{"localized_name":"添加代理","name":"add_proxies","type":"BOOLEAN","widget":{"name":"add_proxies"},"link":null},{"localized_name":"代理","name":"proxies","type":"STRING","widget":{"name":"proxies"},"link":null},{"localized_name":"账户信息","name":"auth_data","type":"STRING","widget":{"name":"auth_data"},"link":null},{"localized_name":"服务","name":"service","type":"COMBO","widget":{"name":"service"},"link":null},{"localized_name":"文本","name":"text","type":"STRING","widget":{"name":"text"},"link":175}],"outputs":[{"label":"文本","localized_name":"text","name":"text","type":"STRING","links":[176]}],"properties":{"cnr_id":"comfyui_custom_nodes_alekpet","ver":"c87493b98237b1edd9018c4974c10fe0c2b870c9","Node name for S&R":"DeepTranslatorTextNode","ue_properties":{"version":"7.0.1","widget_ue_connectable":{}}},"widgets_values":["auto","english",false,"","","GoogleTranslator","","proxy_hide","authorization_hide",[false,true],[false,true],[false,true]]},{"id":82,"type":"SDPPP Get Selection","pos":[-300.7437744140625,-280.9408264160156],"size":[210,78],"flags":{},"order":7,"mode":0,"inputs":[{"label":"文档","localized_name":"document","name":"document","type":"DOCUMENT","link":170},{"label":"范围","localized_name":"bound","name":"bound","shape":7,"type":"MASK","link":178}],"outputs":[{"label":"遮罩","localized_name":"mask","name":"mask","type":"MASK","links":[172]}],"properties":{"cnr_id":"sd-ppp","ver":"2fdc67b9c5becd5ee1336883ab609fb7fbc59849","Node name for S&R":"SDPPP Get Selection","sdppp-version":"507","ue_properties":{"version":"7.0.1","widget_ue_connectable":{}}},"widgets_values":[""]},{"id":76,"type":"SDPPP Get Document","pos":[-799.5464477539062,-446.9217529296875],"size":[270,146],"flags":{},"order":1,"mode":0,"inputs":[{"label":"document_name","localized_name":"document_name","name":"document_name","type":"STRING","widget":{"name":"document_name"},"link":null}],"outputs":[{"label":"文档","localized_name":"document","name":"document","type":"DOCUMENT","links":[158,170]},{"label":"文档范围","localized_name":"document boundary","name":"document boundary","type":"MASK","links":[178]},{"label":"选中范围","localized_name":"selection boundary","name":"selection boundary","type":"MASK","links":null}],"properties":{"cnr_id":"sd-ppp","ver":"2fdc67b9c5becd5ee1336883ab609fb7fbc59849","Node name for S&R":"SDPPP Get Document","sdppp-version":"507","ue_properties":{"version":"7.0.1","widget_ue_connectable":{}}},"widgets_values":["PS_5jr/### 当前文档 ###","",""]},{"id":77,"type":"SDPPP Get Layer By ID","pos":[-329.4767761230469,-523.0103759765625],"size":[270,146],"flags":{},"order":6,"mode":0,"inputs":[{"label":"文档","localized_name":"document","name":"document","type":"DOCUMENT","link":158},{"label":"图层(或组)","localized_name":"layer_or_group","name":"layer_or_group","type":"STRING","widget":{"name":"layer_or_group"},"link":null}],"outputs":[{"label":"图层(或组)","localized_name":"layer_or_group","name":"layer_or_group","type":"LAYER","links":[159]},{"label":"图层范围","localized_name":"layer boundary","name":"layer boundary","type":"MASK","links":[]},{"label":"图层信息","localized_name":"layer_info","name":"layer_info","type":"LAYER_INFO","links":null}],"properties":{"cnr_id":"sd-ppp","ver":"2fdc67b9c5becd5ee1336883ab609fb7fbc59849","Node name for S&R":"SDPPP Get Layer By ID","layerWidgetDetail2":{"id":0,"name":"","identify":"","level":0,"fullPath":""},"sdppp-version":"507","ue_properties":{"version":"7.0.1","widget_ue_connectable":{}}},"widgets_values":["### 所选图层 ###",""]},{"id":47,"type":"CheckpointLoaderSimple","pos":[-191.68080139160156,-41.29835891723633],"size":[481,158],"flags":{},"order":2,"mode":0,"inputs":[{"localized_name":"Checkpoint名称","name":"ckpt_name","type":"COMBO","widget":{"name":"ckpt_name"},"link":null}],"outputs":[{"label":"模型","localized_name":"模型","name":"MODEL","type":"MODEL","slot_index":0,"links":[139]},{"label":"CLIP","localized_name":"CLIP","name":"CLIP","type":"CLIP","slot_index":1,"links":[78,80]},{"label":"VAE","localized_name":"VAE","name":"VAE","type":"VAE","slot_index":2,"links":[92,151]}],"properties":{"cnr_id":"comfy-core","ver":"0.3.26","Node name for S&R":"CheckpointLoaderSimple","sdppp_widgetable_title":"模型（不用动）","ue_properties":{"version":"7.0.1","widget_ue_connectable":{}}},"widgets_values":["realisticVisionV51_v51VAE.safetensors"]},{"id":66,"type":"PowerPaintCLIPLoader","pos":[674,345],"size":[315,82],"flags":{},"order":4,"mode":0,"inputs":[{"localized_name":"CLIP","name":"base","type":"COMBO","widget":{"name":"base"},"link":null},{"localized_name":"PowerPaint","name":"powerpaint","type":"COMBO","widget":{"name":"powerpaint"},"link":null}],"outputs":[{"label":"CLIP","localized_name":"clip","name":"clip","type":"CLIP","slot_index":0,"links":[147]}],"properties":{"cnr_id":"comfyui-brushnet","ver":"505d8ef917ddf3896afd1926770ecc9b099704e2","Node name for S&R":"PowerPaintCLIPLoader","ue_properties":{"version":"7.0.1","widget_ue_connectable":{}}},"widgets_values":["stable-diffusion-1.5-fp16 .safetensors","brushnet/pytorch_model.bin"]},{"id":45,"type":"BrushNetLoader","pos":[-299.8895263671875,256.8017272949219],"size":[576.2000122070312,104],"flags":{},"order":3,"mode":0,"inputs":[{"localized_name":"BrushNet","name":"brushnet","type":"COMBO","widget":{"name":"brushnet"},"link":null},{"localized_name":"dtype","name":"dtype","type":"COMBO","widget":{"name":"dtype"},"link":null}],"outputs":[{"label":"BrushNet","localized_name":"brushnet","name":"brushnet","type":"BRMODEL","slot_index":0,"links":[148]}],"properties":{"cnr_id":"comfyui-brushnet","ver":"505d8ef917ddf3896afd1926770ecc9b099704e2","Node name for S&R":"BrushNetLoader","ue_properties":{"version":"7.0.1","widget_ue_connectable":{}}},"widgets_values":["brushnet/powerpaint/diffusion_pytorch_model.safetensors","float16"]}],"links":[[78,47,1,49,0,"CLIP"],[80,47,1,50,0,"CLIP"],[91,52,0,54,0,"LATENT"],[92,47,2,54,1,"VAE"],[138,65,0,52,0,"MODEL"],[139,47,0,65,0,"MODEL"],[142,65,1,52,1,"CONDITIONING"],[143,65,2,52,2,"CONDITIONING"],[144,65,3,52,3,"LATENT"],[145,49,0,65,6,"CONDITIONING"],[146,50,0,65,7,"CONDITIONING"],[147,66,0,65,5,"CLIP"],[148,45,0,65,4,"BRMODEL"],[151,47,2,65,1,"VAE"],[158,76,0,77,0,"DOCUMENT"],[159,77,0,74,0,"LAYER"],[161,54,0,75,0,"IMAGE"],[170,76,0,82,0,"DOCUMENT"],[172,82,0,65,3,"MASK"],[173,74,0,65,2,"IMAGE"],[175,83,0,84,6,"STRING"],[176,84,0,49,1,"STRING"],[178,76,1,82,1,"MASK"]],"groups":[],"config":{},"extra":{"ds":{"scale":0.5445000000000008,"offset":[1236.9969189677893,445.9158310673787]},"ue_links":[]},"version":0.4}