{"id":"0461c8cb-e5d0-4b9d-bde8-5748bd30ad8d","revision":0,"last_node_id":21,"last_link_id":23,"nodes":[{"id":2,"type":"KSampler","pos":[3029.737060546875,1293.971435546875],"size":[329.6587829589844,474],"flags":{},"order":13,"mode":0,"inputs":[{"label":"模型","localized_name":"模型","name":"model","type":"MODEL","link":2},{"label":"正面条件","localized_name":"正面条件","name":"positive","type":"CONDITIONING","link":3},{"label":"负面条件","localized_name":"负面条件","name":"negative","type":"CONDITIONING","link":4},{"label":"Latent","localized_name":"Latent图像","name":"latent_image","type":"LATENT","link":5},{"localized_name":"随机种","name":"seed","type":"INT","widget":{"name":"seed"},"link":null},{"localized_name":"步数","name":"steps","type":"INT","widget":{"name":"steps"},"link":null},{"localized_name":"CFG","name":"cfg","type":"FLOAT","widget":{"name":"cfg"},"link":null},{"localized_name":"采样器","name":"sampler_name","type":"COMBO","widget":{"name":"sampler_name"},"link":null},{"localized_name":"调度器","name":"scheduler","type":"COMBO","widget":{"name":"scheduler"},"link":null},{"localized_name":"降噪","name":"denoise","type":"FLOAT","widget":{"name":"denoise"},"link":null}],"outputs":[{"label":"Latent","localized_name":"Latent","name":"LATENT","type":"LATENT","slot_index":0,"links":[14]}],"properties":{"cnr_id":"comfy-core","ver":"0.3.38","Node name for S&R":"KSampler","widget_ue_connectable":{}},"widgets_values":[1019182312128415,"randomize",20,1,"euler","simple",1]},{"id":3,"type":"FluxGuidance","pos":[2767.976806640625,1285.5986328125],"size":[240,58],"flags":{"collapsed":false},"order":12,"mode":0,"inputs":[{"label":"条件","localized_name":"条件","name":"conditioning","type":"CONDITIONING","link":6},{"localized_name":"引导","name":"guidance","type":"FLOAT","widget":{"name":"guidance"},"link":null}],"outputs":[{"label":"条件","localized_name":"条件","name":"CONDITIONING","type":"CONDITIONING","slot_index":0,"links":[3]}],"properties":{"cnr_id":"comfy-core","ver":"0.3.38","Node name for S&R":"FluxGuidance","widget_ue_connectable":{}},"widgets_values":[2.5]},{"id":6,"type":"VAELoader","pos":[2111.916015625,1583.5777587890625],"size":[337.76861572265625,58],"flags":{},"order":0,"mode":0,"inputs":[{"localized_name":"vae名称","name":"vae_name","type":"COMBO","widget":{"name":"vae_name"},"link":null}],"outputs":[{"label":"VAE","localized_name":"VAE","name":"VAE","type":"VAE","links":[13,15]}],"properties":{"cnr_id":"comfy-core","ver":"0.3.38","Node name for S&R":"VAELoader","models":[{"name":"ae.safetensors","url":"https://huggingface.co/Comfy-Org/Lumina_Image_2.0_Repackaged/resolve/main/split_files/vae/ae.safetensors","directory":"vae"}],"widget_ue_connectable":{}},"widgets_values":["ae.safetensors"],"color":"#322","bgcolor":"#533"},{"id":7,"type":"ConditioningZeroOut","pos":[2767.976806640625,1395.5986328125],"size":[240,26],"flags":{"collapsed":false},"order":8,"mode":0,"inputs":[{"label":"条件","localized_name":"条件","name":"conditioning","type":"CONDITIONING","link":7}],"outputs":[{"label":"条件","localized_name":"条件","name":"CONDITIONING","type":"CONDITIONING","links":[4]}],"properties":{"cnr_id":"comfy-core","ver":"0.3.39","Node name for S&R":"ConditioningZeroOut","widget_ue_connectable":{}},"widgets_values":[]},{"id":4,"type":"UNETLoader","pos":[2111.916015625,1273.57861328125],"size":[337.76861572265625,82],"flags":{},"order":1,"mode":0,"inputs":[{"localized_name":"UNET名称","name":"unet_name","type":"COMBO","widget":{"name":"unet_name"},"link":null},{"localized_name":"剪枝类型","name":"weight_dtype","type":"COMBO","widget":{"name":"weight_dtype"},"link":null}],"outputs":[{"label":"模型","localized_name":"模型","name":"MODEL","type":"MODEL","links":[2]}],"properties":{"cnr_id":"comfy-core","ver":"0.3.38","Node name for S&R":"UNETLoader","models":[{"name":"flux1-dev-kontext_fp8_scaled.safetensors","url":"https://huggingface.co/Comfy-Org/flux1-kontext-dev_ComfyUI/resolve/main/split_files/diffusion_models/flux1-dev-kontext_fp8_scaled.safetensors","directory":"diffusion_models"}],"widget_ue_connectable":{}},"widgets_values":["flux1-dev-kontext_fp8_scaled.safetensors","default"],"color":"#322","bgcolor":"#533"},{"id":5,"type":"DualCLIPLoader","pos":[2111.916015625,1403.578369140625],"size":[337.76861572265625,130],"flags":{},"order":2,"mode":0,"inputs":[{"localized_name":"CLIP1","name":"clip_name1","type":"COMBO","widget":{"name":"clip_name1"},"link":null},{"localized_name":"CLIP2","name":"clip_name2","type":"COMBO","widget":{"name":"clip_name2"},"link":null},{"localized_name":"类型","name":"type","type":"COMBO","widget":{"name":"type"},"link":null},{"localized_name":"设备","name":"device","shape":7,"type":"COMBO","widget":{"name":"device"},"link":null}],"outputs":[{"label":"CLIP","localized_name":"CLIP","name":"CLIP","type":"CLIP","links":[10]}],"properties":{"cnr_id":"comfy-core","ver":"0.3.38","Node name for S&R":"DualCLIPLoader","models":[{"name":"clip_l.safetensors","url":"https://huggingface.co/comfyanonymous/flux_text_encoders/resolve/main/clip_l.safetensors","directory":"text_encoders"},{"name":"t5xxl_fp8_e4m3fn_scaled.safetensors","url":"https://huggingface.co/comfyanonymous/flux_text_encoders/resolve/main/t5xxl_fp8_e4m3fn_scaled.safetensors","directory":"text_encoders"}],"widget_ue_connectable":{}},"widgets_values":["flux\\clip_l.safetensors","flux\\t5xxl_fp8_e4m3fn_scaled.safetensors","flux","default"],"color":"#322","bgcolor":"#533"},{"id":17,"type":"DeepTranslatorTextNode","pos":[1643.5135498046875,1285.4373779296875],"size":[400,340],"flags":{},"order":3,"mode":4,"inputs":[{"localized_name":"从","name":"from_translate","type":"COMBO","widget":{"name":"from_translate"},"link":null},{"localized_name":"到","name":"to_translate","type":"COMBO","widget":{"name":"to_translate"},"link":null},{"localized_name":"添加代理","name":"add_proxies","type":"BOOLEAN","widget":{"name":"add_proxies"},"link":null},{"localized_name":"代理","name":"proxies","type":"STRING","widget":{"name":"proxies"},"link":null},{"localized_name":"账户信息","name":"auth_data","type":"STRING","widget":{"name":"auth_data"},"link":null},{"localized_name":"服务","name":"service","type":"COMBO","widget":{"name":"service"},"link":null},{"localized_name":"文本","name":"text","type":"STRING","widget":{"name":"text"},"link":null}],"outputs":[{"label":"文本","localized_name":"text","name":"text","type":"STRING","links":[]}],"properties":{"cnr_id":"comfyui_custom_nodes_alekpet","ver":"eff8b1209fc216cffd9f824273aebb5e6764e374","Node name for S&R":"DeepTranslatorTextNode","widget_ue_connectable":{}},"widgets_values":["auto","english",false,"","","GoogleTranslator","变成线稿图","proxy_hide","authorization_hide",[false,true],[false,true],[false,true]]},{"id":16,"type":"SaveImage","pos":[2669.624267578125,286.3935546875],"size":[601.2711181640625,818.1488647460938],"flags":{},"order":15,"mode":0,"inputs":[{"label":"图像","localized_name":"图片","name":"images","type":"IMAGE","link":17},{"localized_name":"文件名前缀","name":"filename_prefix","type":"STRING","widget":{"name":"filename_prefix"},"link":null}],"outputs":[],"properties":{"cnr_id":"comfy-core","ver":"0.3.42","Node name for S&R":"SaveImage","widget_ue_connectable":{"filename_prefix":true}},"widgets_values":["ComfyUI"]},{"id":8,"type":"ReferenceLatent","pos":[2509.775390625,1282.4503173828125],"size":[197.712890625,46],"flags":{},"order":11,"mode":0,"inputs":[{"label":"conditioning","localized_name":"conditioning","name":"conditioning","type":"CONDITIONING","link":8},{"label":"latent","localized_name":"latent","name":"latent","shape":7,"type":"LATENT","link":9}],"outputs":[{"label":"CONDITIONING","localized_name":"条件","name":"CONDITIONING","type":"CONDITIONING","links":[6]}],"properties":{"cnr_id":"comfy-core","ver":"0.3.41","Node name for S&R":"ReferenceLatent","widget_ue_connectable":{}},"widgets_values":[]},{"id":19,"type":"SDPPP Get Document","pos":[940.5858764648438,505.167724609375],"size":[270,146],"flags":{},"order":4,"mode":0,"inputs":[{"label":"document_name","localized_name":"document_name","name":"document_name","type":"STRING","widget":{"name":"document_name"},"link":null}],"outputs":[{"label":"文档","localized_name":"document","name":"document","type":"DOCUMENT","links":[19]},{"label":"文档范围","localized_name":"document boundary","name":"document boundary","type":"MASK","links":null},{"label":"选中范围","localized_name":"selection boundary","name":"selection boundary","type":"MASK","links":null}],"properties":{"cnr_id":"sd-ppp","ver":"964a97c468c7bf9f2c6b2084db936f07832de4df","Node name for S&R":"SDPPP Get Document","widget_ue_connectable":{},"sdppp-version":"507"},"widgets_values":[null,"",""]},{"id":10,"type":"VAEEncode","pos":[2512.44189453125,1409.19482421875],"size":[240,50],"flags":{"collapsed":false},"order":10,"mode":0,"inputs":[{"label":"图像","localized_name":"像素","name":"pixels","type":"IMAGE","link":21},{"label":"VAE","localized_name":"vae","name":"vae","type":"VAE","link":13}],"outputs":[{"label":"Latent","localized_name":"Latent","name":"LATENT","type":"LATENT","links":[5,9]}],"properties":{"cnr_id":"comfy-core","ver":"0.3.39","Node name for S&R":"VAEEncode","widget_ue_connectable":{}},"widgets_values":[]},{"id":18,"type":"Get Image From Photoshop Layer","pos":[1559.4124755859375,499.7308349609375],"size":[298.9820251464844,146],"flags":{},"order":9,"mode":0,"inputs":[{"label":"layer_or_group","localized_name":"layer_or_group","name":"layer_or_group","type":"LAYER","link":20},{"label":"bound","localized_name":"bound","name":"bound","shape":7,"type":"MASK","link":23},{"label":"quality","localized_name":"quality","name":"quality","shape":7,"type":"FLOAT","link":null}],"outputs":[{"label":"rgb_out","localized_name":"rgb_out","name":"rgb_out","shape":6,"type":"IMAGE","links":[21]},{"label":"alpha_out","localized_name":"alpha_out","name":"alpha_out","shape":6,"type":"MASK","links":null}],"properties":{"cnr_id":"sd-ppp","ver":"964a97c468c7bf9f2c6b2084db936f07832de4df","Node name for S&R":"Get Image From Photoshop Layer","widget_ue_connectable":{},"sdppp-version":"507"},"widgets_values":[null,"",""]},{"id":21,"type":"Send Images To Photoshop","pos":[3743.47802734375,1239.2662353515625],"size":[298.2369079589844,146],"flags":{},"order":16,"mode":0,"inputs":[{"label":"图像","localized_name":"images","name":"images","type":"IMAGE","link":22},{"label":"图层(或组)","localized_name":"layer_or_group","name":"layer_or_group","type":"LAYER","link":null},{"label":"范围","localized_name":"bound","name":"bound","shape":7,"type":"MASK","link":null}],"outputs":[{"label":"图层(或组)","localized_name":"layer_or_group","name":"layer_or_group","shape":6,"type":"LAYER","links":null}],"properties":{"cnr_id":"sd-ppp","ver":"964a97c468c7bf9f2c6b2084db936f07832de4df","Node name for S&R":"Send Images To Photoshop","widget_ue_connectable":{},"sdppp_send_prefix":"","sdppp-version":"507"},"widgets_values":[null,"### 新图层 ###",""]},{"id":11,"type":"VAEDecode","pos":[3391.508544921875,1316.5054931640625],"size":[190,46],"flags":{"collapsed":false},"order":14,"mode":0,"inputs":[{"label":"Latent","localized_name":"Latent","name":"samples","type":"LATENT","link":14},{"label":"VAE","localized_name":"vae","name":"vae","type":"VAE","link":15}],"outputs":[{"label":"图像","localized_name":"图像","name":"IMAGE","type":"IMAGE","slot_index":0,"links":[17,22]}],"properties":{"cnr_id":"comfy-core","ver":"0.3.38","Node name for S&R":"VAEDecode","widget_ue_connectable":{}},"widgets_values":[]},{"id":20,"type":"SDPPP Get Layer By ID","pos":[1241.2406005859375,501.8771667480469],"size":[270,146],"flags":{},"order":7,"mode":0,"inputs":[{"label":"文档","localized_name":"document","name":"document","type":"DOCUMENT","link":19},{"label":"图层(或组)","localized_name":"layer_or_group","name":"layer_or_group","type":"STRING","widget":{"name":"layer_or_group"},"link":null}],"outputs":[{"label":"图层(或组)","localized_name":"layer_or_group","name":"layer_or_group","type":"LAYER","links":[20]},{"label":"图层范围","localized_name":"layer boundary","name":"layer boundary","type":"MASK","links":[23]},{"label":"图层信息","localized_name":"layer_info","name":"layer_info","type":"LAYER_INFO","links":null}],"properties":{"cnr_id":"sd-ppp","ver":"964a97c468c7bf9f2c6b2084db936f07832de4df","Node name for S&R":"SDPPP Get Layer By ID","widget_ue_connectable":{},"layerWidgetDetail2":{"level":0,"id":2,"name":"01","identify":"01 (id:2)","fullPath":"/01","dirtyID":0},"sdppp-version":"507"},"widgets_values":["01 (id:2)",""]},{"id":9,"type":"CLIPTextEncode","pos":[2509.885498046875,1524.5894775390625],"size":[385.7064514160156,93],"flags":{},"order":6,"mode":0,"inputs":[{"label":"CLIP","localized_name":"clip","name":"clip","type":"CLIP","link":10},{"label":"text","localized_name":"文本","name":"text","type":"STRING","widget":{"name":"text"},"link":null}],"outputs":[{"label":"条件","localized_name":"条件","name":"CONDITIONING","type":"CONDITIONING","slot_index":0,"links":[7,8]}],"properties":{"cnr_id":"comfy-core","ver":"0.3.38","Node name for S&R":"CLIPTextEncode","widget_ue_connectable":{"text":true,"speak_and_recognation":true}},"widgets_values":["Turned the entire image into a line drawing.",[false,true]],"color":"#232","bgcolor":"#353"},{"id":12,"type":"LoadImage","pos":[1019.872802734375,830.8214721679688],"size":[537.262939453125,830.9277954101562],"flags":{},"order":5,"mode":4,"inputs":[{"localized_name":"图像","name":"image","type":"COMBO","widget":{"name":"image"},"link":null},{"localized_name":"选择文件上传","name":"upload","type":"IMAGEUPLOAD","widget":{"name":"upload"},"link":null}],"outputs":[{"label":"图像","localized_name":"图像","name":"IMAGE","type":"IMAGE","links":[]},{"label":"遮罩","localized_name":"遮罩","name":"MASK","type":"MASK"}],"properties":{"cnr_id":"comfy-core","ver":"0.3.42","Node name for S&R":"LoadImage","widget_ue_connectable":{}},"widgets_values":["01.png","image"]}],"links":[[2,4,0,2,0,"MODEL"],[3,3,0,2,1,"CONDITIONING"],[4,7,0,2,2,"CONDITIONING"],[5,10,0,2,3,"LATENT"],[6,8,0,3,0,"CONDITIONING"],[7,9,0,7,0,"CONDITIONING"],[8,9,0,8,0,"CONDITIONING"],[9,10,0,8,1,"LATENT"],[10,5,0,9,0,"CLIP"],[13,6,0,10,1,"VAE"],[14,2,0,11,0,"LATENT"],[15,6,0,11,1,"VAE"],[17,11,0,16,0,"IMAGE"],[19,19,0,20,0,"DOCUMENT"],[20,20,0,18,0,"LAYER"],[21,18,0,10,0,"IMAGE"],[22,11,0,21,0,"IMAGE"],[23,20,1,18,1,"MASK"]],"groups":[{"id":1,"title":"图像","bounding":[1985.4041748046875,139.73060607910156,1290.844482421875,986.1555786132812],"color":"#3f789e","font_size":40,"flags":{}},{"id":2,"title":"Kontext-线稿提取","bounding":[1981.492919921875,15.552687644958496,1288.155517578125,109.57777404785156],"color":"#8A8","font_size":80,"flags":{}},{"id":3,"title":"填写提示词(可写中文)","bounding":[1602.7584228515625,1196.1422119140625,479.3763427734375,461.6324157714844],"color":"#3f789e","font_size":24,"flags":{}},{"id":4,"title":"核心区","bounding":[2101.916015625,1199.9786376953125,1487.3262939453125,451.5992736816406],"color":"#3f789e","font_size":24,"flags":{}}],"config":{},"extra":{"ds":{"scale":0.4090909090909131,"offset":[-126.11316637934311,173.08667629540878]},"ue_links":[],"links_added_by_ue":[],"frontendVersion":"1.23.4","VHS_latentpreview":false,"VHS_latentpreviewrate":0,"VHS_MetadataImage":true,"VHS_KeepIntermediate":true},"version":0.4}