{"id":"81981a11-3eeb-4d13-a901-fdc8e8847061","revision":0,"last_node_id":50,"last_link_id":63,"nodes":[{"id":26,"type":"FluxGuidance","pos":[1786.8035888671875,885.1764526367188],"size":[240,58],"flags":{"collapsed":false},"order":13,"mode":0,"inputs":[{"label":"条件","localized_name":"条件","name":"conditioning","type":"CONDITIONING","link":35},{"localized_name":"引导","name":"guidance","type":"FLOAT","widget":{"name":"guidance"},"link":null}],"outputs":[{"label":"条件","localized_name":"条件","name":"CONDITIONING","type":"CONDITIONING","slot_index":0,"links":[32]}],"properties":{"cnr_id":"comfy-core","ver":"0.3.38","Node name for S&R":"FluxGuidance","widget_ue_connectable":{}},"widgets_values":[2.5]},{"id":30,"type":"ConditioningZeroOut","pos":[1786.8035888671875,995.1764526367188],"size":[240,26],"flags":{"collapsed":false},"order":9,"mode":0,"inputs":[{"label":"条件","localized_name":"条件","name":"conditioning","type":"CONDITIONING","link":36}],"outputs":[{"label":"条件","localized_name":"条件","name":"CONDITIONING","type":"CONDITIONING","links":[33]}],"properties":{"cnr_id":"comfy-core","ver":"0.3.39","Node name for S&R":"ConditioningZeroOut","widget_ue_connectable":{}},"widgets_values":[]},{"id":31,"type":"ReferenceLatent","pos":[1536.7025146484375,882.6511840820312],"size":[197.712890625,46],"flags":{},"order":12,"mode":0,"inputs":[{"label":"conditioning","localized_name":"conditioning","name":"conditioning","type":"CONDITIONING","link":37},{"label":"latent","localized_name":"latent","name":"latent","shape":7,"type":"LATENT","link":38}],"outputs":[{"label":"CONDITIONING","localized_name":"条件","name":"CONDITIONING","type":"CONDITIONING","links":[35]}],"properties":{"cnr_id":"comfy-core","ver":"0.3.41","Node name for S&R":"ReferenceLatent","widget_ue_connectable":{}},"widgets_values":[]},{"id":37,"type":"SaveImage","pos":[1666.903076171875,-125.62556457519531],"size":[590.2222290039062,815.7777709960938],"flags":{},"order":16,"mode":0,"inputs":[{"label":"图像","localized_name":"图片","name":"images","type":"IMAGE","link":47},{"localized_name":"文件名前缀","name":"filename_prefix","type":"STRING","widget":{"name":"filename_prefix"},"link":null}],"outputs":[],"properties":{"cnr_id":"comfy-core","ver":"0.3.42","Node name for S&R":"SaveImage","widget_ue_connectable":{"filename_prefix":true}},"widgets_values":["ComfyUI"]},{"id":29,"type":"VAELoader","pos":[1130.742919921875,1183.15576171875],"size":[337.76861572265625,58],"flags":{},"order":0,"mode":0,"inputs":[{"localized_name":"vae名称","name":"vae_name","type":"COMBO","widget":{"name":"vae_name"},"link":null}],"outputs":[{"label":"VAE","localized_name":"VAE","name":"VAE","type":"VAE","links":[42,43]}],"properties":{"cnr_id":"comfy-core","ver":"0.3.38","Node name for S&R":"VAELoader","models":[{"name":"ae.safetensors","url":"https://huggingface.co/Comfy-Org/Lumina_Image_2.0_Repackaged/resolve/main/split_files/vae/ae.safetensors","directory":"vae"}],"widget_ue_connectable":{}},"widgets_values":["ae.safetensors"],"color":"#322","bgcolor":"#533"},{"id":28,"type":"DualCLIPLoader","pos":[1130.742919921875,1003.1561889648438],"size":[337.76861572265625,130],"flags":{},"order":1,"mode":0,"inputs":[{"localized_name":"CLIP1","name":"clip_name1","type":"COMBO","widget":{"name":"clip_name1"},"link":null},{"localized_name":"CLIP2","name":"clip_name2","type":"COMBO","widget":{"name":"clip_name2"},"link":null},{"localized_name":"类型","name":"type","type":"COMBO","widget":{"name":"type"},"link":null},{"localized_name":"设备","name":"device","shape":7,"type":"COMBO","widget":{"name":"device"},"link":null}],"outputs":[{"label":"CLIP","localized_name":"CLIP","name":"CLIP","type":"CLIP","links":[39]}],"properties":{"cnr_id":"comfy-core","ver":"0.3.38","Node name for S&R":"DualCLIPLoader","models":[{"name":"clip_l.safetensors","url":"https://huggingface.co/comfyanonymous/flux_text_encoders/resolve/main/clip_l.safetensors","directory":"text_encoders"},{"name":"t5xxl_fp8_e4m3fn_scaled.safetensors","url":"https://huggingface.co/comfyanonymous/flux_text_encoders/resolve/main/t5xxl_fp8_e4m3fn_scaled.safetensors","directory":"text_encoders"}],"widget_ue_connectable":{}},"widgets_values":["flux\\clip_l.safetensors","flux\\t5xxl_fp8_e4m3fn_scaled.safetensors","flux","default"],"color":"#322","bgcolor":"#533"},{"id":25,"type":"KSampler","pos":[2044.9150390625,848.8474731445312],"size":[329.6587829589844,474],"flags":{},"order":14,"mode":0,"inputs":[{"label":"模型","localized_name":"模型","name":"model","type":"MODEL","link":31},{"label":"正面条件","localized_name":"正面条件","name":"positive","type":"CONDITIONING","link":32},{"label":"负面条件","localized_name":"负面条件","name":"negative","type":"CONDITIONING","link":33},{"label":"Latent","localized_name":"Latent图像","name":"latent_image","type":"LATENT","link":34},{"localized_name":"随机种","name":"seed","type":"INT","widget":{"name":"seed"},"link":null},{"localized_name":"步数","name":"steps","type":"INT","widget":{"name":"steps"},"link":null},{"localized_name":"CFG","name":"cfg","type":"FLOAT","widget":{"name":"cfg"},"link":null},{"localized_name":"采样器","name":"sampler_name","type":"COMBO","widget":{"name":"sampler_name"},"link":null},{"localized_name":"调度器","name":"scheduler","type":"COMBO","widget":{"name":"scheduler"},"link":null},{"localized_name":"降噪","name":"denoise","type":"FLOAT","widget":{"name":"denoise"},"link":null}],"outputs":[{"label":"Latent","localized_name":"Latent","name":"LATENT","type":"LATENT","slot_index":0,"links":[41]}],"properties":{"cnr_id":"comfy-core","ver":"0.3.38","Node name for S&R":"KSampler","widget_ue_connectable":{}},"widgets_values":[350677507461907,"randomize",20,1,"euler","simple",1]},{"id":40,"type":"SDPPP Get Document","pos":[-68.30628204345703,-4.432096004486084],"size":[270,146],"flags":{},"order":2,"mode":0,"inputs":[{"label":"document_name","localized_name":"document_name","name":"document_name","type":"STRING","widget":{"name":"document_name"},"link":null}],"outputs":[{"label":"文档","localized_name":"document","name":"document","type":"DOCUMENT","links":[52]},{"label":"文档范围","localized_name":"document boundary","name":"document boundary","type":"MASK","links":null},{"label":"选中范围","localized_name":"selection boundary","name":"selection boundary","type":"MASK","links":null}],"properties":{"cnr_id":"sd-ppp","ver":"964a97c468c7bf9f2c6b2084db936f07832de4df","Node name for S&R":"SDPPP Get Document","widget_ue_connectable":{},"sdppp-version":"507"},"widgets_values":["PS_5jr/### 当前文档 ###","",""]},{"id":42,"type":"SDPPP Get Layer By ID","pos":[232.348388671875,-7.722653865814209],"size":[270,146],"flags":{},"order":6,"mode":0,"inputs":[{"label":"文档","localized_name":"document","name":"document","type":"DOCUMENT","link":52},{"label":"图层(或组)","localized_name":"layer_or_group","name":"layer_or_group","type":"STRING","widget":{"name":"layer_or_group"},"link":null}],"outputs":[{"label":"图层(或组)","localized_name":"layer_or_group","name":"layer_or_group","type":"LAYER","links":[50]},{"label":"图层范围","localized_name":"layer boundary","name":"layer boundary","type":"MASK","links":[51]},{"label":"图层信息","localized_name":"layer_info","name":"layer_info","type":"LAYER_INFO","links":null}],"properties":{"cnr_id":"sd-ppp","ver":"964a97c468c7bf9f2c6b2084db936f07832de4df","Node name for S&R":"SDPPP Get Layer By ID","widget_ue_connectable":{},"layerWidgetDetail2":{"level":0,"id":2,"name":"01","identify":"01 (id:2)","fullPath":"/01","dirtyID":0},"sdppp-version":"507"},"widgets_values":["### 整个画布 ###",""]},{"id":41,"type":"Get Image From Photoshop Layer","pos":[550.52001953125,-9.868986129760742],"size":[298.9820251464844,146],"flags":{},"order":8,"mode":0,"inputs":[{"label":"layer_or_group","localized_name":"layer_or_group","name":"layer_or_group","type":"LAYER","link":50},{"label":"bound","localized_name":"bound","name":"bound","shape":7,"type":"MASK","link":51},{"label":"quality","localized_name":"quality","name":"quality","shape":7,"type":"FLOAT","link":null}],"outputs":[{"label":"rgb_out","localized_name":"rgb_out","name":"rgb_out","shape":6,"type":"IMAGE","links":[54]},{"label":"alpha_out","localized_name":"alpha_out","name":"alpha_out","shape":6,"type":"MASK","links":null}],"properties":{"cnr_id":"sd-ppp","ver":"964a97c468c7bf9f2c6b2084db936f07832de4df","Node name for S&R":"Get Image From Photoshop Layer","widget_ue_connectable":{},"sdppp-version":"507"},"widgets_values":["PS_5jr/### 当前文档 ###","",""]},{"id":3,"type":"LoadImage","pos":[-65.05569458007812,353.77362060546875],"size":[537.262939453125,830.9277954101562],"flags":{},"order":3,"mode":4,"inputs":[{"localized_name":"图像","name":"image","type":"COMBO","widget":{"name":"image"},"link":null},{"localized_name":"选择文件上传","name":"upload","type":"IMAGEUPLOAD","widget":{"name":"upload"},"link":null}],"outputs":[{"label":"图像","localized_name":"图像","name":"IMAGE","type":"IMAGE","links":[]},{"label":"遮罩","localized_name":"遮罩","name":"MASK","type":"MASK"}],"properties":{"cnr_id":"comfy-core","ver":"0.3.42","Node name for S&R":"LoadImage","widget_ue_connectable":{}},"widgets_values":["1-6.png","image"]},{"id":34,"type":"VAEEncode","pos":[1531.2686767578125,1008.7726440429688],"size":[240,50],"flags":{"collapsed":false},"order":11,"mode":0,"inputs":[{"label":"图像","localized_name":"像素","name":"pixels","type":"IMAGE","link":55},{"label":"VAE","localized_name":"vae","name":"vae","type":"VAE","link":43}],"outputs":[{"label":"Latent","localized_name":"Latent","name":"LATENT","type":"LATENT","links":[34,38]}],"properties":{"cnr_id":"comfy-core","ver":"0.3.39","Node name for S&R":"VAEEncode","widget_ue_connectable":{}},"widgets_values":[]},{"id":39,"type":"LayerUtility: ImageScaleByAspectRatio V2","pos":[1253.5465087890625,945.4323120117188],"size":[270,330],"flags":{"collapsed":true,"pinned":true},"order":10,"mode":0,"inputs":[{"label":"图像","localized_name":"图像","name":"image","shape":7,"type":"IMAGE","link":54},{"label":"遮罩","localized_name":"遮罩","name":"mask","shape":7,"type":"MASK","link":null},{"localized_name":"宽高比","name":"aspect_ratio","type":"COMBO","widget":{"name":"aspect_ratio"},"link":null},{"localized_name":"比例宽","name":"proportional_width","type":"INT","widget":{"name":"proportional_width"},"link":null},{"localized_name":"比例高","name":"proportional_height","type":"INT","widget":{"name":"proportional_height"},"link":null},{"localized_name":"缩放模式","name":"fit","type":"COMBO","widget":{"name":"fit"},"link":null},{"localized_name":"采样方法","name":"method","type":"COMBO","widget":{"name":"method"},"link":null},{"localized_name":"倍数取整","name":"round_to_multiple","type":"COMBO","widget":{"name":"round_to_multiple"},"link":null},{"localized_name":"缩放到边","name":"scale_to_side","type":"COMBO","widget":{"name":"scale_to_side"},"link":null},{"localized_name":"缩放到长度","name":"scale_to_length","type":"INT","widget":{"name":"scale_to_length"},"link":null},{"localized_name":"背景颜色","name":"background_color","type":"STRING","widget":{"name":"background_color"},"link":null}],"outputs":[{"label":"图像","localized_name":"image","name":"image","type":"IMAGE","links":[55]},{"label":"遮罩","localized_name":"mask","name":"mask","type":"MASK","links":null},{"label":"原始大小","localized_name":"original_size","name":"original_size","type":"BOX","links":null},{"localized_name":"width","name":"width","type":"INT","links":null},{"localized_name":"height","name":"height","type":"INT","links":null}],"properties":{"cnr_id":"comfyui_layerstyle","ver":"3bfe8e435d167b4a5bf08716729f89802dbbaa6f","Node name for S&R":"LayerUtility: ImageScaleByAspectRatio V2","widget_ue_connectable":{}},"widgets_values":["original",1,1,"letterbox","lanczos","8","longest",1536,"#000000"],"color":"rgba(38, 73, 116, 0.7)"},{"id":33,"type":"VAEDecode","pos":[2408.069580078125,976.69384765625],"size":[190,46],"flags":{"collapsed":false},"order":15,"mode":0,"inputs":[{"label":"Latent","localized_name":"Latent","name":"samples","type":"LATENT","link":41},{"label":"VAE","localized_name":"vae","name":"vae","type":"VAE","link":42}],"outputs":[{"label":"图像","localized_name":"图像","name":"IMAGE","type":"IMAGE","slot_index":0,"links":[47,56]}],"properties":{"cnr_id":"comfy-core","ver":"0.3.38","Node name for S&R":"VAEDecode","widget_ue_connectable":{}},"widgets_values":[]},{"id":43,"type":"Send Images To Photoshop","pos":[2709.219482421875,973.4298095703125],"size":[298.2369079589844,146],"flags":{},"order":17,"mode":0,"inputs":[{"label":"图像","localized_name":"images","name":"images","type":"IMAGE","link":56},{"label":"图层(或组)","localized_name":"layer_or_group","name":"layer_or_group","type":"LAYER","link":null},{"label":"范围","localized_name":"bound","name":"bound","shape":7,"type":"MASK","link":null}],"outputs":[{"label":"图层(或组)","localized_name":"layer_or_group","name":"layer_or_group","shape":6,"type":"LAYER","links":null}],"properties":{"cnr_id":"sd-ppp","ver":"964a97c468c7bf9f2c6b2084db936f07832de4df","Node name for S&R":"Send Images To Photoshop","widget_ue_connectable":{},"sdppp_send_prefix":"","sdppp-version":"507"},"widgets_values":["PS_5jr/### 当前文档 ###","### 新图层 ###",""]},{"id":27,"type":"UNETLoader","pos":[1135.6787109375,846.115966796875],"size":[339.4327697753906,106.96366882324219],"flags":{"pinned":true},"order":4,"mode":0,"inputs":[{"localized_name":"UNET名称","name":"unet_name","type":"COMBO","widget":{"name":"unet_name"},"link":null},{"localized_name":"剪枝类型","name":"weight_dtype","type":"COMBO","widget":{"name":"weight_dtype"},"link":null}],"outputs":[{"label":"模型","localized_name":"模型","name":"MODEL","type":"MODEL","links":[31]}],"properties":{"cnr_id":"comfy-core","ver":"0.3.38","Node name for S&R":"UNETLoader","models":[{"name":"flux1-dev-kontext_fp8_scaled.safetensors","url":"https://huggingface.co/Comfy-Org/flux1-kontext-dev_ComfyUI/resolve/main/split_files/diffusion_models/flux1-dev-kontext_fp8_scaled.safetensors","directory":"diffusion_models"}],"widget_ue_connectable":{}},"widgets_values":["flux1-dev-kontext_fp8_scaled.safetensors","default"],"color":"#322","bgcolor":"#533"},{"id":32,"type":"CLIPTextEncode","pos":[1574.24951171875,1113.9415283203125],"size":[385.7064514160156,93],"flags":{},"order":7,"mode":0,"inputs":[{"label":"CLIP","localized_name":"clip","name":"clip","type":"CLIP","link":39},{"label":"text","localized_name":"文本","name":"text","type":"STRING","widget":{"name":"text"},"link":63}],"outputs":[{"label":"条件","localized_name":"条件","name":"CONDITIONING","type":"CONDITIONING","slot_index":0,"links":[36,37]}],"properties":{"cnr_id":"comfy-core","ver":"0.3.38","Node name for S&R":"CLIPTextEncode","widget_ue_connectable":{"text":true,"speak_and_recognation":true}},"widgets_values":["Turn a woman's dress into a pink sweater.",[false,true]],"color":"#232","bgcolor":"#353"},{"id":50,"type":"PrimitiveNode","pos":[709.5068969726562,857.2056884765625],"size":[365.7286071777344,256.482177734375],"flags":{},"order":5,"mode":0,"inputs":[],"outputs":[{"name":"STRING","type":"STRING","widget":{"name":"text"},"links":[63]}],"title":"正向提示词","properties":{"Run widget replace on values":false},"widgets_values":["Turn a woman's dress into a pink sweater."]}],"links":[[31,27,0,25,0,"MODEL"],[32,26,0,25,1,"CONDITIONING"],[33,30,0,25,2,"CONDITIONING"],[34,34,0,25,3,"LATENT"],[35,31,0,26,0,"CONDITIONING"],[36,32,0,30,0,"CONDITIONING"],[37,32,0,31,0,"CONDITIONING"],[38,34,0,31,1,"LATENT"],[39,28,0,32,0,"CLIP"],[41,25,0,33,0,"LATENT"],[42,29,0,33,1,"VAE"],[43,29,0,34,1,"VAE"],[47,33,0,37,0,"IMAGE"],[50,42,0,41,0,"LAYER"],[51,42,1,41,1,"MASK"],[52,40,0,42,0,"DOCUMENT"],[54,41,0,39,0,"IMAGE"],[55,39,0,34,0,"IMAGE"],[56,33,0,43,0,"IMAGE"],[63,50,0,32,1,"STRING"]],"groups":[{"id":2,"title":"图像","bounding":[1006.3928833007812,-266.0968322753906,1290.844482421875,986.1555786132812],"color":"#3f789e","font_size":40,"flags":{}},{"id":3,"title":"Kontext-局部编辑","bounding":[1002.481689453125,-390.2747497558594,1288.155517578125,109.57777404785156],"color":"#8A8","font_size":80,"flags":{}},{"id":5,"title":"核心区","bounding":[1120.742919921875,799.556396484375,1487.3262939453125,451.5992736816406],"color":"#3f789e","font_size":24,"flags":{}}],"config":{},"extra":{"ds":{"scale":1.1918176537727265,"offset":[-80.37005164172433,-473.1725812893866]},"frontendVersion":"1.23.4","VHS_KeepIntermediate":true,"ue_links":[],"VHS_MetadataImage":true,"0246.VERSION":[0,0,4],"VHS_latentpreviewrate":0,"VHS_latentpreview":false,"links_added_by_ue":[]},"version":0.4}