{"last_node_id":15,"last_link_id":14,"nodes":[{"id":7,"type":"CLIPTextEncode","pos":[413,389],"size":[425.27801513671875,180.6060791015625],"flags":{},"order":3,"mode":0,"inputs":[{"name":"clip","localized_name":"clip","label":"CLIP","type":"CLIP","link":5}],"outputs":[{"name":"CONDITIONING","localized_name":"条件","label":"条件","type":"CONDITIONING","links":[6],"slot_index":0}],"properties":{"cnr_id":"comfy-core","ver":"0.3.26","Node name for S&R":"CLIPTextEncode"},"widgets_values":["text, watermark",[false,true]]},{"id":3,"type":"KSampler","pos":[863,186],"size":[315,474],"flags":{},"order":5,"mode":0,"inputs":[{"name":"model","localized_name":"模型","label":"模型","type":"MODEL","link":1},{"name":"positive","localized_name":"正面条件","label":"正面条件","type":"CONDITIONING","link":4},{"name":"negative","localized_name":"负面条件","label":"负面条件","type":"CONDITIONING","link":6},{"name":"latent_image","localized_name":"Latent图像","label":"Latent","type":"LATENT","link":2}],"outputs":[{"name":"LATENT","localized_name":"Latent","label":"Latent","type":"LATENT","links":[7],"slot_index":0}],"properties":{"cnr_id":"comfy-core","ver":"0.3.26","Node name for S&R":"KSampler"},"widgets_values":[1007492186057282,"randomize",20,8,"euler","normal",1]},{"id":8,"type":"VAEDecode","pos":[1209,188],"size":[210,46],"flags":{},"order":6,"mode":0,"inputs":[{"name":"samples","localized_name":"Latent","label":"Latent","type":"LATENT","link":7},{"name":"vae","localized_name":"vae","label":"VAE","type":"VAE","link":8}],"outputs":[{"name":"IMAGE","localized_name":"图像","label":"图像","type":"IMAGE","links":[9,12],"slot_index":0}],"properties":{"cnr_id":"comfy-core","ver":"0.3.26","Node name for S&R":"VAEDecode"},"widgets_values":[]},{"id":13,"type":"Send Images To Photoshop","pos":[1606.68408203125,-44.08057403564453],"size":[294,146],"flags":{},"order":8,"mode":0,"inputs":[{"name":"images","localized_name":"images","label":"图像","type":"IMAGE","link":12},{"name":"layer_or_group","localized_name":"layer_or_group","label":"图层(或组)","type":"LAYER","link":null},{"name":"bound","localized_name":"bound","label":"范围","type":"MASK","shape":7,"link":null}],"outputs":[],"properties":{"cnr_id":"sd-ppp","ver":"5a1dfe0d3139de3712d62c16a8b18655dc39a9b2","Node name for S&R":"Send Images To Photoshop","sdppp-version":"502"},"widgets_values":["PS_5jr/### 当前文档 ###","### 新图层 ###",""]},{"id":4,"type":"CheckpointLoaderSimple","pos":[-165.82785034179688,403.3395690917969],"size":[315,98],"flags":{},"order":0,"mode":0,"inputs":[],"outputs":[{"name":"MODEL","localized_name":"模型","label":"模型","type":"MODEL","links":[1],"slot_index":0},{"name":"CLIP","localized_name":"CLIP","label":"CLIP","type":"CLIP","links":[5,10],"slot_index":1},{"name":"VAE","localized_name":"VAE","label":"VAE","type":"VAE","links":[8],"slot_index":2}],"properties":{"cnr_id":"comfy-core","ver":"0.3.26","Node name for S&R":"CheckpointLoaderSimple"},"widgets_values":["layer diffusion工作流模型\\animaPencilXL_v100.safetensors"]},{"id":9,"type":"SaveImage","pos":[1581.85107421875,223.27052307128906],"size":[210,270],"flags":{},"order":7,"mode":0,"inputs":[{"name":"images","localized_name":"图片","label":"图像","type":"IMAGE","link":9}],"outputs":[],"properties":{"cnr_id":"comfy-core","ver":"0.3.26","Node name for S&R":"SaveImage"},"widgets_values":["ComfyUI"]},{"id":5,"type":"EmptyLatentImage","pos":[473,609],"size":[315,106],"flags":{},"order":1,"mode":0,"inputs":[],"outputs":[{"name":"LATENT","localized_name":"Latent","label":"Latent","type":"LATENT","links":[2],"slot_index":0}],"properties":{"cnr_id":"comfy-core","ver":"0.3.26","Node name for S&R":"EmptyLatentImage"},"widgets_values":[1024,1024,1]},{"id":6,"type":"CLIPTextEncode","pos":[415,186],"size":[422.84503173828125,164.31304931640625],"flags":{},"order":4,"mode":0,"inputs":[{"name":"clip","localized_name":"clip","label":"CLIP","type":"CLIP","link":10},{"name":"text","localized_name":"文本","type":"STRING","widget":{"name":"text"},"link":14}],"outputs":[{"name":"CONDITIONING","localized_name":"条件","label":"条件","type":"CONDITIONING","links":[4],"slot_index":0}],"properties":{"cnr_id":"comfy-core","ver":"0.3.26","Node name for S&R":"CLIPTextEncode"},"widgets_values":["beautiful scenery nature glass bottle landscape, , purple galaxy bottle,",[false,true]]},{"id":15,"type":"PrimitiveNode","pos":[-47.49018859863281,150.1397247314453],"size":[273.1002502441406,167.0740966796875],"flags":{},"order":2,"mode":0,"inputs":[],"outputs":[{"name":"STRING","label":"STRING","type":"STRING","links":[14],"slot_index":0}],"properties":{"Run widget replace on values":false},"widgets_values":["beautiful scenery nature glass bottle landscape, , purple galaxy bottle,"]}],"links":[[1,4,0,3,0,"MODEL"],[2,5,0,3,3,"LATENT"],[4,6,0,3,1,"CONDITIONING"],[5,4,1,7,0,"CLIP"],[6,7,0,3,2,"CONDITIONING"],[7,3,0,8,0,"LATENT"],[8,4,2,8,1,"VAE"],[9,8,0,9,0,"IMAGE"],[10,4,1,6,0,"CLIP"],[12,8,0,13,0,"IMAGE"],[14,15,0,6,1,"STRING"]],"groups":[],"config":{},"extra":{"ds":{"scale":0.8769226950000016,"offset":[-921.0272255304337,72.02607666392703]},"node_versions":{"comfy-core":"0.3.26"},"VHS_latentpreview":false,"VHS_latentpreviewrate":0,"ue_links":[]},"version":0.4}