{"last_node_id":21,"last_link_id":21,"nodes":[{"id":6,"type":"CLIPTextEncode","pos":[231.35791015625,125.99018096923828],"size":[422.84503173828125,164.31304931640625],"flags":{},"order":5,"mode":0,"inputs":[{"name":"clip","localized_name":"clip","label":"CLIP","type":"CLIP","link":10},{"name":"text","localized_name":"文本","type":"STRING","widget":{"name":"text"},"link":14}],"outputs":[{"name":"CONDITIONING","localized_name":"条件","label":"条件","type":"CONDITIONING","links":[4],"slot_index":0}],"properties":{"cnr_id":"comfy-core","ver":"0.3.26","Node name for S&R":"CLIPTextEncode"},"widgets_values":["a cat "]},{"id":7,"type":"CLIPTextEncode","pos":[216.21176147460938,374.9508361816406],"size":[425.27801513671875,180.6060791015625],"flags":{},"order":4,"mode":0,"inputs":[{"name":"clip","localized_name":"clip","label":"CLIP","type":"CLIP","link":5}],"outputs":[{"name":"CONDITIONING","localized_name":"条件","label":"条件","type":"CONDITIONING","links":[6],"slot_index":0}],"properties":{"cnr_id":"comfy-core","ver":"0.3.26","Node name for S&R":"CLIPTextEncode"},"widgets_values":["text, watermark"]},{"id":5,"type":"EmptyLatentImage","pos":[371.6455383300781,650.8465576171875],"size":[315,106],"flags":{},"order":0,"mode":0,"inputs":[],"outputs":[{"name":"LATENT","localized_name":"Latent","label":"Latent","type":"LATENT","links":[],"slot_index":0}],"properties":{"cnr_id":"comfy-core","ver":"0.3.26","Node name for S&R":"EmptyLatentImage"},"widgets_values":[1024,1024,1]},{"id":8,"type":"VAEDecode","pos":[877.0186157226562,85.8929443359375],"size":[210,46],"flags":{},"order":8,"mode":0,"inputs":[{"name":"samples","localized_name":"Latent","label":"Latent","type":"LATENT","link":7},{"name":"vae","localized_name":"vae","label":"VAE","type":"VAE","link":8}],"outputs":[{"name":"IMAGE","localized_name":"图像","label":"图像","type":"IMAGE","links":[9,12],"slot_index":0}],"properties":{"cnr_id":"comfy-core","ver":"0.3.26","Node name for S&R":"VAEDecode"},"widgets_values":[]},{"id":4,"type":"CheckpointLoaderSimple","pos":[-304.91412353515625,387.8855895996094],"size":[453.7270812988281,156.80816650390625],"flags":{},"order":1,"mode":0,"inputs":[],"outputs":[{"name":"MODEL","localized_name":"模型","label":"模型","type":"MODEL","links":[1],"slot_index":0},{"name":"CLIP","localized_name":"CLIP","label":"CLIP","type":"CLIP","links":[5,10],"slot_index":1},{"name":"VAE","localized_name":"VAE","label":"VAE","type":"VAE","links":[8,21],"slot_index":2}],"properties":{"cnr_id":"comfy-core","ver":"0.3.26","Node name for S&R":"CheckpointLoaderSimple"},"widgets_values":["layer diffusion工作流模型\\animaPencilXL_v100.safetensors"]},{"id":15,"type":"PrimitiveNode","pos":[-119.96190643310547,129.3123321533203],"size":[273.1002502441406,167.0740966796875],"flags":{},"order":2,"mode":0,"inputs":[],"outputs":[{"name":"STRING","label":"STRING","type":"STRING","links":[14],"slot_index":0}],"properties":{"Run widget replace on values":false},"widgets_values":["a cat "]},{"id":13,"type":"Send Images To Photoshop","pos":[1239.8800048828125,-77.34794616699219],"size":[466.74530029296875,219.49868774414062],"flags":{},"order":10,"mode":0,"inputs":[{"name":"images","localized_name":"images","label":"images","type":"IMAGE","link":12},{"name":"layer_or_group","localized_name":"layer_or_group","label":"layer_or_group","type":"LAYER","link":null},{"name":"bound","localized_name":"bound","label":"bound","type":"MASK","shape":7,"link":null}],"outputs":[],"properties":{"cnr_id":"sd-ppp","ver":"5a1dfe0d3139de3712d62c16a8b18655dc39a9b2","Node name for S&R":"Send Images To Photoshop","sdppp-version":"502"},"widgets_values":[null,"### 新图层 ###",""]},{"id":9,"type":"SaveImage","pos":[1260.0390625,272.7354736328125],"size":[507.4712829589844,512.5030517578125],"flags":{},"order":9,"mode":0,"inputs":[{"name":"images","localized_name":"图片","label":"图像","type":"IMAGE","link":9}],"outputs":[],"properties":{"cnr_id":"comfy-core","ver":"0.3.26","Node name for S&R":"SaveImage"},"widgets_values":["ComfyUI"]},{"id":21,"type":"VAEEncode","pos":[428.8497314453125,-9.035700798034668],"size":[210,46],"flags":{},"order":6,"mode":0,"inputs":[{"name":"pixels","localized_name":"像素","label":"图像","type":"IMAGE","link":19},{"name":"vae","localized_name":"vae","label":"VAE","type":"VAE","link":21}],"outputs":[{"name":"LATENT","localized_name":"Latent","label":"Latent","type":"LATENT","links":[20],"slot_index":0}],"properties":{"cnr_id":"comfy-core","ver":"0.3.26","Node name for S&R":"VAEEncode"},"widgets_values":[]},{"id":3,"type":"KSampler","pos":[859.3408203125,201.5990447998047],"size":[315,474],"flags":{},"order":7,"mode":0,"inputs":[{"name":"model","localized_name":"模型","label":"模型","type":"MODEL","link":1},{"name":"positive","localized_name":"正面条件","label":"正面条件","type":"CONDITIONING","link":4},{"name":"negative","localized_name":"负面条件","label":"负面条件","type":"CONDITIONING","link":6},{"name":"latent_image","localized_name":"Latent图像","label":"Latent","type":"LATENT","link":20}],"outputs":[{"name":"LATENT","localized_name":"Latent","label":"Latent","type":"LATENT","links":[7],"slot_index":0}],"properties":{"cnr_id":"comfy-core","ver":"0.3.26","Node name for S&R":"KSampler"},"widgets_values":[146204683273751,"randomize",20,8,"euler","normal",1]},{"id":20,"type":"Get Image From Photoshop Layer","pos":[25.968875885009766,-92.24908447265625],"size":[318.87237548828125,126],"flags":{},"order":3,"mode":0,"inputs":[{"name":"layer_or_group","localized_name":"layer_or_group","label":"layer_or_group","type":"LAYER","link":null},{"name":"bound","localized_name":"bound","label":"bound","type":"MASK","shape":7,"link":null}],"outputs":[{"name":"rgb_out","localized_name":"rgb_out","label":"rgb_out","type":"IMAGE","shape":6,"links":[19],"slot_index":0},{"name":"alpha_out","localized_name":"alpha_out","label":"alpha_out","type":"MASK","shape":6,"links":null}],"properties":{"cnr_id":"sd-ppp","ver":"688836efca08756836003eb07ff79140e499fb7c","Node name for S&R":"Get Image From Photoshop Layer","sdppp-version":"502"},"widgets_values":[null,"SDPPP Images 3 (id:5)",""]}],"links":[[1,4,0,3,0,"MODEL"],[4,6,0,3,1,"CONDITIONING"],[5,4,1,7,0,"CLIP"],[6,7,0,3,2,"CONDITIONING"],[7,3,0,8,0,"LATENT"],[8,4,2,8,1,"VAE"],[9,8,0,9,0,"IMAGE"],[10,4,1,6,0,"CLIP"],[12,8,0,13,0,"IMAGE"],[14,15,0,6,1,"STRING"],[19,20,0,21,0,"IMAGE"],[20,21,0,3,3,"LATENT"],[21,4,2,21,1,"VAE"]],"groups":[],"config":{},"extra":{"ds":{"scale":0.45,"offset":[1830.7565525324658,900.3601955837673]},"node_versions":{"comfy-core":"0.3.26"},"VHS_latentpreview":false,"VHS_latentpreviewrate":0,"ue_links":[]},"version":0.4}