{"last_node_id":87,"last_link_id":125,"nodes":[{"id":80,"type":"PrimitiveNode","pos":[2383.0068359375,541.7578735351562],"size":[210,82],"flags":{},"order":0,"mode":0,"inputs":[],"outputs":[{"name":"FLOAT","type":"FLOAT","links":[110],"slot_index":0}],"properties":{"Run widget replace on values":false},"widgets_values":[1.5,"fixed"]},{"id":81,"type":"PrimitiveNode","pos":[2379.013671875,675.800048828125],"size":[210,106],"flags":{},"order":1,"mode":0,"inputs":[],"outputs":[{"name":"COMBO","type":"COMBO","links":[109],"slot_index":0}],"properties":{"Run widget replace on values":false},"widgets_values":["dpmpp_2m_sde_gpu","fixed",""]},{"id":78,"type":"PrimitiveNode","pos":[2408.74609375,238.16261291503906],"size":[210,106],"flags":{},"order":2,"mode":0,"inputs":[],"outputs":[{"name":"COMBO","type":"COMBO","links":[112],"slot_index":0}],"properties":{"Run widget replace on values":false},"widgets_values":["karras","fixed",""]},{"id":79,"type":"PrimitiveNode","pos":[2369.9072265625,417.02838134765625],"size":[210,82],"flags":{},"order":3,"mode":0,"inputs":[],"outputs":[{"name":"INT","type":"INT","links":[111],"slot_index":0}],"properties":{"Run widget replace on values":false},"widgets_values":[8,"fixed"]},{"id":74,"type":"Note","pos":[211.59629821777344,-636.3655395507812],"size":[330.8898010253906,198.7212677001953],"flags":{},"order":4,"mode":0,"inputs":[],"outputs":[],"properties":{},"widgets_values":["# EN:\nAll the regional prompts are inside the group `regional prompt`, prompt text and the area are a couple of text layer and image layer with linked together. See the sample PSD for detail.\n\n# ZH-HANS:\n所有分区提示词都在regional prompt目录下。各自以 一对互相链接的文本图层和图像图层 表示。详见PSD。"],"color":"#432","bgcolor":"#653"},{"id":73,"type":"Note","pos":[600.4822998046875,-636.58203125],"size":[517.2171630859375,336.77716064453125],"flags":{},"order":5,"mode":0,"inputs":[],"outputs":[],"properties":{},"widgets_values":["# English introduction\nThis workflow depends on https://github.com/zombieyang/sd-ppp. You can find related tutorials on that github.\n1. First click `download Photoshop plugin (.ccx)`. If you have installed Adobe Creative Cloud, you can double-click to install it directly.\n   > If not, rename it to `.zip` and unzip it to <Photoshop installation directory>/Plug-ins or <Photoshop installation directory>/Plug-ins/Generator\n2. Fill the address of ComfyUI in the sd-ppp plugin panel of Photoshop (menubar-plugin-SDPPP), then click connect, the green light is connected.\n3. Create a new PS document. In ComfyUI, click \"extract saved .psd to Photoshop\" of \"SDPPP get document\" node to import the example PSD.\n4. Refresh the ComfyUI page, click Queue to run."],"color":"#432","bgcolor":"#653"},{"id":72,"type":"Note","pos":[1164.28125,-632.7847900390625],"size":[501.76171875,334.2947998046875],"flags":{},"order":6,"mode":0,"inputs":[],"outputs":[],"properties":{},"widgets_values":["# 中文说明:\n本工作流依赖于https://github.com/zombieyang/sd-ppp。相关教程也可以在该github找到\n\n1. 首先点击下载Photoshop插件(.ccx)。如果你安装了Adobe Creative Cloud，可以直接双击安装。\n  > 如果没有，则将它重命名为.zip，解压到 <Photoshop安装目录>/Plug-ins 或者 <Photoshop安装目录>/Plug-ins/Generator\n\n2. 在Photoshop的sd-ppp插件面板（插件-SDPPP）里填入comfyUI的地址，然后点击连接，变绿灯就是连上了。\n\n3. 新建一个PS文档。在ComfyUI点击\"SDPPP获取文档\"节点里的“提取保存的.psd到Photoshop”即可导入示例PSD。\n\n4. 刷新ComfyUI页面，点击Queue运行。\n\n\n\n"],"color":"#432","bgcolor":"#653"},{"id":38,"type":"CheckpointLoaderSimple","pos":[1384.923583984375,181.00953674316406],"size":[315,98],"flags":{},"order":7,"mode":0,"inputs":[],"outputs":[{"name":"MODEL","localized_name":"模型","label":"模型","type":"MODEL","shape":3,"links":[53],"slot_index":0},{"name":"CLIP","localized_name":"CLIP","label":"CLIP","type":"CLIP","shape":3,"links":[102,117],"slot_index":1},{"name":"VAE","localized_name":"VAE","label":"VAE","type":"VAE","shape":3,"links":[58],"slot_index":2}],"properties":{"cnr_id":"comfy-core","ver":"0.3.26","Node name for S&R":"CheckpointLoaderSimple"},"widgets_values":["XL\\juggernautXL_RunDiffusion Photo2_lightning_4step.safetensors"]},{"id":86,"type":"PrimitiveNode","pos":[1411.8060302734375,612.69970703125],"size":[210,82],"flags":{},"order":8,"mode":0,"inputs":[],"outputs":[{"name":"INT","type":"INT","links":[124],"slot_index":0}],"properties":{"Run widget replace on values":false},"widgets_values":[1024,"fixed"]},{"id":84,"type":"PrimitiveNode","pos":[1529.47509765625,349.3778381347656],"size":[273.1002502441406,167.0740966796875],"flags":{},"order":9,"mode":0,"inputs":[],"outputs":[{"name":"STRING","label":"STRING","type":"STRING","links":[122],"slot_index":0}],"properties":{"Run widget replace on values":false},"widgets_values":["(worst quality, low quality:1.4), (deformed, distorted, disfigured:1.3), poorly drawn, bad anatomy, wrong anatomy, extra limb, missing limb, floating limbs, (mutated hands and fingers:1.4), embedding:negative_hand-neg,embedding:FastNegativeV2,embedding:zPDXL-neg, embedding:bad-hands-5,embedding:bad_prompt_version2-neg,(freckles:1.2)"]},{"id":87,"type":"PrimitiveNode","pos":[1651.6788330078125,612.6729736328125],"size":[210,82],"flags":{},"order":10,"mode":0,"inputs":[],"outputs":[{"name":"INT","type":"INT","links":[125],"slot_index":0}],"properties":{"Run widget replace on values":false},"widgets_values":[512,"fixed"]},{"id":39,"type":"KSampler","pos":[2713.47314453125,147.66000366210938],"size":[315,474],"flags":{},"order":16,"mode":0,"inputs":[{"name":"model","localized_name":"模型","label":"模型","type":"MODEL","link":53},{"name":"positive","localized_name":"正面条件","label":"正面条件","type":"CONDITIONING","link":115},{"name":"negative","localized_name":"负面条件","label":"负面条件","type":"CONDITIONING","link":56},{"name":"latent_image","localized_name":"Latent图像","label":"Latent","type":"LATENT","link":55},{"name":"denoise","localized_name":"降噪","type":"FLOAT","widget":{"name":"denoise"},"link":108},{"name":"scheduler","localized_name":"调度器","type":"COMBO","widget":{"name":"scheduler"},"link":112},{"name":"steps","localized_name":"步数","type":"INT","widget":{"name":"steps"},"link":111},{"name":"cfg","localized_name":"CFG","type":"FLOAT","widget":{"name":"cfg"},"link":110},{"name":"sampler_name","localized_name":"采样器","type":"COMBO","widget":{"name":"sampler_name"},"link":109}],"outputs":[{"name":"LATENT","localized_name":"Latent","label":"Latent","type":"LATENT","shape":3,"links":[57],"slot_index":0}],"properties":{"cnr_id":"comfy-core","ver":"0.3.26","Node name for S&R":"KSampler"},"widgets_values":[301717244703438,"randomize",8,1.5,"dpmpp_2m_sde_gpu","karras",1]},{"id":42,"type":"VAEDecode","pos":[2761.32666015625,708.541259765625],"size":[210,46],"flags":{},"order":17,"mode":0,"inputs":[{"name":"samples","localized_name":"Latent","label":"Latent","type":"LATENT","link":57},{"name":"vae","localized_name":"vae","label":"VAE","type":"VAE","link":58}],"outputs":[{"name":"IMAGE","localized_name":"图像","label":"图像","type":"IMAGE","shape":3,"links":[123],"slot_index":0}],"properties":{"cnr_id":"comfy-core","ver":"0.3.26","Node name for S&R":"VAEDecode"},"widgets_values":[]},{"id":85,"type":"Send Images To Photoshop","pos":[3123.322998046875,57.32080841064453],"size":[330.71124267578125,146],"flags":{},"order":18,"mode":0,"inputs":[{"name":"images","localized_name":"images","label":"图像","type":"IMAGE","link":123},{"name":"layer_or_group","localized_name":"layer_or_group","label":"图层(或组)","type":"LAYER","link":null},{"name":"bound","localized_name":"bound","label":"范围","type":"MASK","shape":7,"link":null}],"outputs":[],"properties":{"cnr_id":"sd-ppp","ver":"688836efca08756836003eb07ff79140e499fb7c","Node name for S&R":"Send Images To Photoshop","sdppp-version":"502"},"widgets_values":[null,"### 新图层 ###",""]},{"id":83,"type":"PrimitiveNode","pos":[1444.8599853515625,-34.98820114135742],"size":[273.1002502441406,167.0740966796875],"flags":{},"order":11,"mode":0,"inputs":[],"outputs":[{"name":"STRING","label":"STRING","type":"STRING","links":[121],"slot_index":0}],"properties":{"Run widget replace on values":false},"widgets_values":["1girl, "]},{"id":63,"type":"CLIPTextEncode","pos":[1827.3663330078125,15.237979888916016],"size":[210,78],"flags":{},"order":15,"mode":0,"inputs":[{"name":"clip","localized_name":"clip","label":"CLIP","type":"CLIP","link":117},{"name":"text","localized_name":"文本","type":"STRING","widget":{"name":"text"},"link":121}],"outputs":[{"name":"CONDITIONING","localized_name":"条件","label":"条件","type":"CONDITIONING","shape":3,"links":[115],"slot_index":0}],"properties":{"cnr_id":"comfy-core","ver":"0.3.26","Node name for S&R":"CLIPTextEncode"},"widgets_values":["1girl, ",[false,true]]},{"id":41,"type":"CLIPTextEncode","pos":[1834.4959716796875,176.78663635253906],"size":[364.3610534667969,163.11355590820312],"flags":{},"order":13,"mode":0,"inputs":[{"name":"clip","localized_name":"clip","label":"CLIP","type":"CLIP","link":102},{"name":"text","localized_name":"文本","label":"文本","type":"STRING","widget":{"name":"text"},"link":122}],"outputs":[{"name":"CONDITIONING","localized_name":"条件","label":"条件","type":"CONDITIONING","shape":3,"links":[56],"slot_index":0}],"properties":{"cnr_id":"comfy-core","ver":"0.3.26","Node name for S&R":"CLIPTextEncode"},"widgets_values":["(worst quality, low quality:1.4), (deformed, distorted, disfigured:1.3), poorly drawn, bad anatomy, wrong anatomy, extra limb, missing limb, floating limbs, (mutated hands and fingers:1.4), embedding:negative_hand-neg,embedding:FastNegativeV2,embedding:zPDXL-neg, embedding:bad-hands-5,embedding:bad_prompt_version2-neg,(freckles:1.2)",[false,true]]},{"id":77,"type":"PrimitiveNode","pos":[2150.275634765625,14.234811782836914],"size":[210,82],"flags":{},"order":12,"mode":0,"inputs":[],"outputs":[{"name":"FLOAT","type":"FLOAT","links":[108],"slot_index":0}],"properties":{"Run widget replace on values":false},"widgets_values":[1,"fixed"]},{"id":40,"type":"EmptyLatentImage","pos":[1903.943359375,509.46649169921875],"size":[289.90045166015625,126],"flags":{},"order":14,"mode":0,"inputs":[{"name":"width","localized_name":"宽度","type":"INT","widget":{"name":"width"},"link":124},{"name":"height","localized_name":"高度","type":"INT","widget":{"name":"height"},"link":125}],"outputs":[{"name":"LATENT","localized_name":"Latent","label":"Latent","type":"LATENT","shape":3,"links":[55],"slot_index":0}],"properties":{"cnr_id":"comfy-core","ver":"0.3.26","Node name for S&R":"EmptyLatentImage"},"widgets_values":[1024,512,1]}],"links":[[53,38,0,39,0,"MODEL"],[55,40,0,39,3,"LATENT"],[56,41,0,39,2,"CONDITIONING"],[57,39,0,42,0,"LATENT"],[58,38,2,42,1,"VAE"],[102,38,1,41,0,"CLIP"],[108,77,0,39,4,"FLOAT"],[109,81,0,39,8,"COMBO"],[110,80,0,39,7,"FLOAT"],[111,79,0,39,6,"INT"],[112,78,0,39,5,"COMBO"],[115,63,0,39,1,"CONDITIONING"],[117,38,1,63,0,"CLIP"],[121,83,0,63,1,"STRING"],[122,84,0,41,1,"STRING"],[123,42,0,85,0,"IMAGE"],[124,86,0,40,0,"INT"],[125,87,0,40,1,"INT"]],"groups":[{"id":2,"title":"generation","bounding":[1376,-56,1817,883],"color":"#3f789e","font_size":24,"flags":{}}],"config":{},"extra":{"ds":{"scale":0.7247295000000004,"offset":[-883.6798192413635,238.55185376622728]},"groupNodes":{},"workspace_info":{"id":"TGao0ZcF39UnMB5LNZaRP","saveLock":false,"cloudID":null,"coverMediaPath":null},"ue_links":[]},"version":0.4}