{"last_node_id":60,"last_link_id":124,"nodes":[{"id":6,"type":"Reroute","pos":[-223.4803009033203,-89.31143188476562],"size":[75,26],"flags":{},"order":6,"mode":0,"inputs":[{"name":"","type":"*","link":18,"label":""}],"outputs":[{"name":"","type":"MODEL","links":[1],"label":""}],"properties":{"showOutputText":false,"horizontal":false}},{"id":49,"type":"VAEEncode","pos":[-28.276517868041992,75.65027618408203],"size":[210,46],"flags":{},"order":11,"mode":0,"inputs":[{"name":"pixels","type":"IMAGE","link":89,"label":"pixels","localized_name":"像素"},{"name":"vae","type":"VAE","link":90,"label":"vae","localized_name":"vae"}],"outputs":[{"name":"LATENT","type":"LATENT","links":[97],"slot_index":0,"label":"LATENT","localized_name":"潜空间"}],"properties":{"Node name for S&R":"VAEEncode"},"widgets_values":[]},{"id":15,"type":"SDPPP Get Document","pos":[-1143.209716796875,-71.58515930175781],"size":[384.9624328613281,146],"flags":{},"order":0,"mode":0,"inputs":[],"outputs":[{"name":"document","type":"DOCUMENT","links":[91,92],"slot_index":0,"label":"文档","localized_name":"document"},{"name":"document boundary","type":"MASK","links":null,"slot_index":1,"label":"文档边界","localized_name":"document boundary"},{"name":"selection boundary","type":"MASK","links":null,"label":"选中边界","localized_name":"selection boundary"}],"title":"#00 Working Document","properties":{"Node name for S&R":"SDPPP Get Document","sdppp-version":"502"},"widgets_values":["PS_st0/### 当前文档 ###","",""]},{"id":52,"type":"SDPPP Get Layer By ID","pos":[-725.4229736328125,51.41978073120117],"size":[297.9753112792969,122],"flags":{},"order":5,"mode":0,"inputs":[{"name":"document","type":"DOCUMENT","link":92,"label":"文档","localized_name":"document"}],"outputs":[{"name":"layer_or_group","type":"LAYER","links":[96],"slot_index":0,"label":"图层(或组)","localized_name":"layer_or_group"},{"name":"layer boundary","type":"MASK","links":null,"label":"图层边界","localized_name":"layer boundary"},{"name":"layer_info","type":"LAYER_INFO","links":null,"label":"图层信息","localized_name":"layer_info"}],"title":".canvas area inpaint","properties":{"Node name for S&R":"SDPPP Get Layer By ID","sdppp-version":"502","layerWidgetDetail0":{"id":0,"name":"","identify":"","level":0,"fullPath":""}},"widgets_values":["### 整个画布 ###",""]},{"id":55,"type":"SetLatentNoiseMask","pos":[-372.7684326171875,-79.56439971923828],"size":[264.5999755859375,46],"flags":{},"order":12,"mode":0,"inputs":[{"name":"samples","type":"LATENT","link":97,"label":"samples","localized_name":"样本"},{"name":"mask","type":"MASK","link":98,"label":"mask","localized_name":"遮罩"}],"outputs":[{"name":"LATENT","type":"LATENT","links":[122],"slot_index":0,"label":"LATENT","localized_name":"潜空间"}],"properties":{"Node name for S&R":"SetLatentNoiseMask"},"widgets_values":[]},{"id":51,"type":"SDPPP Get Selection","pos":[-707.6926879882812,-99.58780670166016],"size":[239.40000915527344,78],"flags":{},"order":4,"mode":0,"inputs":[{"name":"document","type":"DOCUMENT","link":91,"label":"文档","localized_name":"document"},{"name":"bound","type":"MASK","link":null,"shape":7,"label":"边界","localized_name":"bound"}],"outputs":[{"name":"mask","type":"MASK","links":[98],"slot_index":0,"label":"遮罩","localized_name":"mask"}],"properties":{"Node name for S&R":"SDPPP Get Selection","sdppp-version":"502"},"widgets_values":[""]},{"id":8,"type":"PrimitiveNode","pos":[-1139.095947265625,-580.1731567382812],"size":[242.99490356445312,134.9618377685547],"flags":{},"order":1,"mode":0,"inputs":[],"outputs":[{"name":"STRING","type":"STRING","links":[13],"slot_index":0,"widget":{"name":"text"},"label":"STRING"}],"properties":{"Run widget replace on values":false},"widgets_values":[""]},{"id":4,"type":"CLIPTextEncode","pos":[-866.3099975585938,-675.832275390625],"size":[210,101],"flags":{},"order":8,"mode":0,"inputs":[{"name":"clip","type":"CLIP","link":14,"label":"clip","localized_name":"clip"}],"outputs":[{"name":"CONDITIONING","type":"CONDITIONING","links":[100],"slot_index":0,"label":"CONDITIONING","localized_name":"条件"}],"properties":{"Node name for S&R":"CLIPTextEncode"},"widgets_values":["bad quality, low resolution, blurry",[false,true]]},{"id":3,"type":"CLIPTextEncode","pos":[-825.5660400390625,-518.568603515625],"size":[210,54],"flags":{},"order":7,"mode":0,"inputs":[{"name":"clip","type":"CLIP","link":12,"label":"clip","localized_name":"clip"},{"name":"text","type":"STRING","link":13,"widget":{"name":"text"},"label":"text"}],"outputs":[{"name":"CONDITIONING","type":"CONDITIONING","links":[101],"slot_index":0,"label":"CONDITIONING","localized_name":"条件"}],"properties":{"Node name for S&R":"CLIPTextEncode"},"widgets_values":["",[false,true]]},{"id":1,"type":"KSampler","pos":[-568.3524169921875,-672.5277099609375],"size":[315,262],"flags":{},"order":13,"mode":0,"inputs":[{"name":"model","type":"MODEL","link":1,"label":"model","localized_name":"模型"},{"name":"positive","type":"CONDITIONING","link":101,"label":"positive","localized_name":"正"},{"name":"negative","type":"CONDITIONING","link":100,"label":"negative","localized_name":"负"},{"name":"latent_image","type":"LATENT","link":122,"label":"latent_image","localized_name":"潜空间图像"},{"name":"denoise","type":"FLOAT","link":5,"widget":{"name":"denoise"},"label":"denoise"}],"outputs":[{"name":"LATENT","type":"LATENT","links":[16],"slot_index":0,"label":"LATENT","localized_name":"潜空间"}],"properties":{"Node name for S&R":"KSampler"},"widgets_values":[297096270842231,"randomize",8,2,"dpmpp_sde_gpu","karras",0.6]},{"id":7,"type":"Reroute","pos":[-494.82080078125,-363.2670593261719],"size":[75,26],"flags":{},"order":9,"mode":0,"inputs":[{"name":"","type":"*","link":19,"pos":[37.5,0],"label":""}],"outputs":[{"name":"","type":"VAE","links":[17,90],"label":""}],"properties":{"showOutputText":false,"horizontal":true}},{"id":54,"type":"Get Image From Photoshop Layer","pos":[-381.5246887207031,30.523834228515625],"size":[294,126],"flags":{},"order":10,"mode":0,"inputs":[{"name":"layer_or_group","type":"LAYER","link":96,"label":"图层(或组)","localized_name":"layer_or_group"},{"name":"bound","type":"MASK","link":null,"shape":7,"label":"边界","localized_name":"bound"}],"outputs":[{"name":"rgb_out","type":"IMAGE","links":[89],"slot_index":0,"shape":6,"label":"RGB输出","localized_name":"rgb_out"},{"name":"alpha_out","type":"MASK","links":[],"slot_index":1,"shape":6,"label":"Alpha输出","localized_name":"alpha_out"}],"properties":{"Node name for S&R":"Get Image From Photoshop Layer","sdppp-version":"502"},"widgets_values":["PS_st0/### 当前文档 ###","",""]},{"id":5,"type":"VAEDecode","pos":[-3.547555923461914,-37.58259582519531],"size":[210,46],"flags":{},"order":14,"mode":0,"inputs":[{"name":"samples","type":"LATENT","link":16,"label":"samples","localized_name":"样本"},{"name":"vae","type":"VAE","link":17,"label":"vae","localized_name":"vae"}],"outputs":[{"name":"IMAGE","type":"IMAGE","links":[121],"slot_index":0,"label":"IMAGE","localized_name":"图像"}],"properties":{"Node name for S&R":"VAEDecode"},"widgets_values":[]},{"id":57,"type":"Send Images To Photoshop","pos":[-222.88412475585938,-543.5687255859375],"size":[346.6939392089844,146],"flags":{},"order":15,"mode":0,"inputs":[{"name":"images","type":"IMAGE","link":121,"label":"图像","localized_name":"images"},{"name":"layer_or_group","type":"LAYER","link":null,"label":"图层(或组)","localized_name":"layer_or_group"},{"name":"bound","type":"MASK","link":null,"shape":7,"label":"边界","localized_name":"bound"}],"outputs":[],"properties":{"Node name for S&R":"Send Images To Photoshop","sdppp-version":"502"},"widgets_values":["PS_st0/### 当前文档 ###","### 新图层 ###",""]},{"id":10,"type":"PrimitiveNode","pos":[-1140,-720],"size":[210,82],"flags":{},"order":2,"mode":0,"inputs":[],"outputs":[{"name":"FLOAT","type":"FLOAT","links":[5],"slot_index":0,"widget":{"name":"denoise"},"label":"FLOAT"}],"properties":{"Run widget replace on values":false},"widgets_values":[0.6,"fixed"]},{"id":2,"type":"CheckpointLoaderSimple","pos":[-1144.554931640625,-376.17449951171875],"size":[315,98],"flags":{},"order":3,"mode":0,"inputs":[],"outputs":[{"name":"MODEL","type":"MODEL","links":[18],"slot_index":0,"label":"MODEL","localized_name":"模型"},{"name":"CLIP","type":"CLIP","links":[12,14],"slot_index":1,"label":"CLIP","localized_name":"CLIP"},{"name":"VAE","type":"VAE","links":[19],"slot_index":2,"label":"VAE","localized_name":"VAE"}],"properties":{"Node name for S&R":"CheckpointLoaderSimple"},"widgets_values":["SDXL/RealVisXL V5.0_V5.0 闪电(内嵌VAE).safetensors"]}],"links":[[1,6,0,1,0,"MODEL"],[5,10,0,1,4,"FLOAT"],[12,2,1,3,0,"CLIP"],[13,8,0,3,1,"STRING"],[14,2,1,4,0,"CLIP"],[16,1,0,5,0,"LATENT"],[17,7,0,5,1,"VAE"],[18,2,0,6,0,"*"],[19,2,2,7,0,"*"],[89,54,0,49,0,"IMAGE"],[90,7,0,49,1,"VAE"],[91,15,0,51,0,"DOCUMENT"],[92,15,0,52,0,"DOCUMENT"],[96,52,0,54,0,"LAYER"],[97,49,0,55,0,"LATENT"],[98,51,0,55,1,"MASK"],[100,4,0,1,2,"CONDITIONING"],[101,3,0,1,1,"CONDITIONING"],[121,5,0,57,0,"IMAGE"],[122,55,0,1,3,"LATENT"]],"groups":[{"id":1,"title":"Inputs","bounding":[-1160,-780,1387.5135498046875,566.5208129882812],"color":"#3f789e","font_size":24,"flags":{}},{"id":2,"title":"Inpaint","bounding":[-1170,-190,1378.7196044921875,415.6268005371094],"color":"#3f789e","font_size":24,"flags":{}}],"config":{},"extra":{"ds":{"scale":0.9646149645000008,"offset":[1535.081032525356,691.8467035265722]},"node_versions":{"comfy-core":"v0.3.9"},"ue_links":[]},"version":0.4}