{
  "id": "e6d265a6-9871-49e8-b198-988b00d250d7",
  "revision": 0,
  "last_node_id": 142,
  "last_link_id": 324,
  "nodes": [
    {
      "id": 14,
      "type": "DualCLIPLoader",
      "pos": [
        2229.5517578125,
        557.6719360351562
      ],
      "size": [
        320,
        130
      ],
      "flags": {
        "pinned": true
      },
      "order": 0,
      "mode": 4,
      "inputs": [],
      "outputs": [
        {
          "label": "CLIP",
          "name": "CLIP",
          "type": "CLIP",
          "slot_index": 0,
          "links": [
            1,
            2
          ]
        }
      ],
      "properties": {
        "cnr_id": "comfy-core",
        "ver": "0.3.26",
        "Node name for S&R": "DualCLIPLoader",
        "ue_properties": {
          "version": "7.2.2",
          "widget_ue_connectable": {},
          "input_ue_unconnectable": {}
        }
      },
      "widgets_values": [
        "flux/clip_l.safetensors",
        "flux/t5xxl_fp8_e4m3fn.safetensors",
        "flux",
        "default"
      ],
      "color": "#30640d"
    },
    {
      "id": 4,
      "type": "VAELoader",
      "pos": [
        2204.913330078125,
        735.3447265625
      ],
      "size": [
        320,
        60
      ],
      "flags": {
        "pinned": true
      },
      "order": 1,
      "mode": 4,
      "inputs": [],
      "outputs": [
        {
          "label": "VAE",
          "name": "VAE",
          "type": "VAE",
          "slot_index": 0,
          "links": [
            6
          ]
        }
      ],
      "properties": {
        "cnr_id": "comfy-core",
        "ver": "0.3.26",
        "Node name for S&R": "VAELoader",
        "ue_properties": {
          "version": "7.2.2",
          "widget_ue_connectable": {},
          "input_ue_unconnectable": {}
        }
      },
      "widgets_values": [
        "ae.safetensors"
      ],
      "color": "#30640d"
    },
    {
      "id": 7,
      "type": "CR Aspect Ratio",
      "pos": [
        2583.34423828125,
        210.29293823242188
      ],
      "size": [
        320,
        322
      ],
      "flags": {
        "pinned": true
      },
      "order": 2,
      "mode": 4,
      "inputs": [],
      "outputs": [
        {
          "label": "width",
          "name": "width",
          "type": "INT",
          "slot_index": 0,
          "links": [
            18
          ]
        },
        {
          "label": "height",
          "name": "height",
          "type": "INT",
          "slot_index": 1,
          "links": [
            19
          ]
        },
        {
          "label": "upscale_factor",
          "name": "upscale_factor",
          "type": "FLOAT",
          "links": null
        },
        {
          "label": "prescale_factor",
          "name": "prescale_factor",
          "type": "FLOAT",
          "links": null
        },
        {
          "label": "batch_size",
          "name": "batch_size",
          "type": "INT",
          "links": null
        },
        {
          "label": "empty_latent",
          "name": "empty_latent",
          "type": "LATENT",
          "slot_index": 5,
          "links": [
            16
          ]
        },
        {
          "label": "show_help",
          "name": "show_help",
          "type": "STRING",
          "slot_index": 6,
          "links": null
        }
      ],
      "properties": {
        "cnr_id": "ComfyUI_Comfyroll_CustomNodes",
        "ver": "d78b780ae43fcf8c6b7c6505e6ffb4584281ceca",
        "Node name for S&R": "CR Aspect Ratio",
        "ue_properties": {
          "version": "7.2.2",
          "widget_ue_connectable": {},
          "input_ue_unconnectable": {}
        }
      },
      "widgets_values": [
        896,
        1152,
        "SDXL - 1:1 square 1024x1024",
        "On",
        1,
        1,
        3
      ],
      "color": "#30640d"
    },
    {
      "id": 2,
      "type": "CLIPTextEncode",
      "pos": [
        3035.66650390625,
        469.2528381347656
      ],
      "size": [
        350,
        100
      ],
      "flags": {
        "collapsed": true,
        "pinned": true
      },
      "order": 27,
      "mode": 4,
      "inputs": [
        {
          "label": "CLIP",
          "name": "clip",
          "type": "CLIP",
          "link": 2
        },
        {
          "label": "text",
          "name": "text",
          "type": "STRING",
          "widget": {
            "name": "text"
          },
          "link": 3
        }
      ],
      "outputs": [
        {
          "label": "条件",
          "name": "CONDITIONING",
          "type": "CONDITIONING",
          "slot_index": 0,
          "links": []
        }
      ],
      "properties": {
        "cnr_id": "comfy-core",
        "ver": "0.3.26",
        "Node name for S&R": "CLIPTextEncode",
        "ue_properties": {
          "version": "7.2.2",
          "widget_ue_connectable": {
            "text": true
          },
          "input_ue_unconnectable": {}
        }
      },
      "widgets_values": [
        "",
        [
          false,
          true
        ]
      ],
      "color": "#30640d"
    },
    {
      "id": 126,
      "type": "Note",
      "pos": [
        2171.5869140625,
        196.96670532226562
      ],
      "size": [
        387.2240905761719,
        287.6031188964844
      ],
      "flags": {
        "pinned": true
      },
      "order": 3,
      "mode": 4,
      "inputs": [],
      "outputs": [],
      "properties": {
        "ue_properties": {
          "version": "7.2.2",
          "widget_ue_connectable": {},
          "input_ue_unconnectable": {}
        }
      },
      "widgets_values": [
        "1、宽度，高度这里是自定义尺寸，尺寸必须是8的倍数\n2、如果要按照宽高比来，那么把切换宽高off变成on之后再选择宽高比"
      ],
      "color": "#323",
      "bgcolor": "#535"
    },
    {
      "id": 29,
      "type": "Note",
      "pos": [
        2580.536865234375,
        859.2066040039062
      ],
      "size": [
        477.450927734375,
        210.10975646972656
      ],
      "flags": {
        "pinned": true
      },
      "order": 4,
      "mode": 4,
      "inputs": [],
      "outputs": [],
      "properties": {
        "ue_properties": {
          "version": "7.2.2",
          "widget_ue_connectable": {},
          "input_ue_unconnectable": {}
        }
      },
      "widgets_values": [
        "此处填写提示词，要出现在画面中的内容，提示词是可以自己微调单词的，不一定要按照反推的 来，反推只是一个借鉴。"
      ],
      "color": "#323",
      "bgcolor": "#535"
    },
    {
      "id": 9,
      "type": "KSamplerSelect",
      "pos": [
        3345.453369140625,
        95.13496398925781
      ],
      "size": [
        320,
        60
      ],
      "flags": {
        "collapsed": true,
        "pinned": true
      },
      "order": 5,
      "mode": 4,
      "inputs": [],
      "outputs": [
        {
          "label": "采样器",
          "name": "SAMPLER",
          "type": "SAMPLER",
          "links": [
            10,
            24
          ]
        }
      ],
      "properties": {
        "cnr_id": "comfy-core",
        "ver": "0.3.26",
        "Node name for S&R": "KSamplerSelect",
        "ue_properties": {
          "version": "7.2.2",
          "widget_ue_connectable": {},
          "input_ue_unconnectable": {}
        }
      },
      "widgets_values": [
        "deis"
      ],
      "color": "#30640d"
    },
    {
      "id": 11,
      "type": "RandomNoise",
      "pos": [
        3352.896240234375,
        170.67282104492188
      ],
      "size": [
        260,
        82
      ],
      "flags": {
        "collapsed": true,
        "pinned": true
      },
      "order": 6,
      "mode": 4,
      "inputs": [],
      "outputs": [
        {
          "label": "噪波生成",
          "name": "NOISE",
          "type": "NOISE",
          "slot_index": 0,
          "links": [
            8
          ]
        }
      ],
      "properties": {
        "cnr_id": "comfy-core",
        "ver": "0.3.26",
        "Node name for S&R": "RandomNoise",
        "ue_properties": {
          "version": "7.2.2",
          "widget_ue_connectable": {},
          "input_ue_unconnectable": {}
        }
      },
      "widgets_values": [
        1399,
        "increment"
      ],
      "color": "#30640d"
    },
    {
      "id": 3,
      "type": "FluxGuidance",
      "pos": [
        2964.685302734375,
        74.81993103027344
      ],
      "size": [
        280,
        60
      ],
      "flags": {
        "pinned": true
      },
      "order": 36,
      "mode": 4,
      "inputs": [
        {
          "label": "条件",
          "name": "conditioning",
          "type": "CONDITIONING",
          "link": 4
        }
      ],
      "outputs": [
        {
          "label": "条件",
          "name": "CONDITIONING",
          "type": "CONDITIONING",
          "slot_index": 0,
          "links": [
            15
          ]
        }
      ],
      "properties": {
        "cnr_id": "comfy-core",
        "ver": "0.3.26",
        "Node name for S&R": "FluxGuidance",
        "ue_properties": {
          "version": "7.2.2",
          "widget_ue_connectable": {},
          "input_ue_unconnectable": {}
        }
      },
      "widgets_values": [
        3.5
      ],
      "color": "#30640d"
    },
    {
      "id": 15,
      "type": "LatentUpscaleBy",
      "pos": [
        2964.804443359375,
        196.0594940185547
      ],
      "size": [
        290,
        82
      ],
      "flags": {
        "pinned": true
      },
      "order": 26,
      "mode": 4,
      "inputs": [
        {
          "label": "Latent",
          "name": "samples",
          "type": "LATENT",
          "link": 16
        }
      ],
      "outputs": [
        {
          "label": "Latent",
          "name": "LATENT",
          "type": "LATENT",
          "slot_index": 0,
          "links": [
            12
          ]
        }
      ],
      "properties": {
        "cnr_id": "comfy-core",
        "ver": "0.3.26",
        "Node name for S&R": "LatentUpscaleBy",
        "ue_properties": {
          "version": "7.2.2",
          "widget_ue_connectable": {},
          "input_ue_unconnectable": {}
        }
      },
      "widgets_values": [
        "nearest-exact",
        1.5
      ],
      "color": "#30640d"
    },
    {
      "id": 16,
      "type": "ModelSamplingFlux",
      "pos": [
        3366.245849609375,
        275.70733642578125
      ],
      "size": [
        320,
        170
      ],
      "flags": {
        "collapsed": true,
        "pinned": true
      },
      "order": 37,
      "mode": 4,
      "inputs": [
        {
          "label": "模型",
          "name": "model",
          "type": "MODEL",
          "link": 170
        },
        {
          "label": "width",
          "name": "width",
          "type": "INT",
          "widget": {
            "name": "width"
          },
          "link": 18
        },
        {
          "label": "height",
          "name": "height",
          "type": "INT",
          "widget": {
            "name": "height"
          },
          "link": 19
        }
      ],
      "outputs": [
        {
          "label": "模型",
          "name": "MODEL",
          "type": "MODEL",
          "slot_index": 0,
          "links": [
            13,
            14
          ]
        }
      ],
      "properties": {
        "cnr_id": "comfy-core",
        "ver": "0.3.26",
        "Node name for S&R": "ModelSamplingFlux",
        "ue_properties": {
          "version": "7.2.2",
          "widget_ue_connectable": {
            "width": true,
            "height": true
          },
          "input_ue_unconnectable": {}
        }
      },
      "widgets_values": [
        1.1500000000000001,
        0.5,
        1024,
        1024
      ],
      "color": "#30640d"
    },
    {
      "id": 20,
      "type": "InjectLatentNoise+",
      "pos": [
        3358.25244140625,
        213.0262451171875
      ],
      "size": [
        320,
        150
      ],
      "flags": {
        "collapsed": true,
        "pinned": true
      },
      "order": 58,
      "mode": 4,
      "inputs": [
        {
          "label": "Latent",
          "name": "latent",
          "type": "LATENT",
          "link": 27
        },
        {
          "label": "遮罩",
          "name": "mask",
          "shape": 7,
          "type": "MASK",
          "link": null
        }
      ],
      "outputs": [
        {
          "label": "Latent",
          "name": "LATENT",
          "type": "LATENT",
          "slot_index": 0,
          "links": [
            26
          ]
        }
      ],
      "properties": {
        "cnr_id": "comfyui_essentials",
        "ver": "33ff89fd354d8ec3ab6affb605a79a931b445d99",
        "Node name for S&R": "InjectLatentNoise+",
        "ue_properties": {
          "version": "7.2.2",
          "widget_ue_connectable": {},
          "input_ue_unconnectable": {}
        }
      },
      "widgets_values": [
        1035047830218227,
        "randomize",
        0.3
      ],
      "color": "#30640d"
    },
    {
      "id": 12,
      "type": "BasicGuider",
      "pos": [
        3348.64697265625,
        310.61334228515625
      ],
      "size": [
        260,
        50
      ],
      "flags": {
        "collapsed": true,
        "pinned": true
      },
      "order": 45,
      "mode": 4,
      "inputs": [
        {
          "label": "模型",
          "name": "model",
          "type": "MODEL",
          "link": 14
        },
        {
          "label": "条件",
          "name": "conditioning",
          "type": "CONDITIONING",
          "link": 15
        }
      ],
      "outputs": [
        {
          "label": "引导",
          "name": "GUIDER",
          "type": "GUIDER",
          "slot_index": 0,
          "links": [
            9,
            23
          ]
        }
      ],
      "properties": {
        "cnr_id": "comfy-core",
        "ver": "0.3.26",
        "Node name for S&R": "BasicGuider",
        "ue_properties": {
          "version": "7.2.2",
          "widget_ue_connectable": {},
          "input_ue_unconnectable": {}
        }
      },
      "widgets_values": [],
      "color": "#30640d"
    },
    {
      "id": 21,
      "type": "DisableNoise",
      "pos": [
        3354.306640625,
        325.6487121582031
      ],
      "size": [
        210,
        30
      ],
      "flags": {
        "collapsed": true,
        "pinned": true
      },
      "order": 7,
      "mode": 4,
      "inputs": [],
      "outputs": [
        {
          "label": "噪波生成",
          "name": "NOISE",
          "type": "NOISE",
          "links": [
            22
          ]
        }
      ],
      "properties": {
        "cnr_id": "comfy-core",
        "ver": "0.3.26",
        "Node name for S&R": "DisableNoise",
        "ue_properties": {
          "version": "7.2.2",
          "widget_ue_connectable": {},
          "input_ue_unconnectable": {}
        }
      },
      "widgets_values": [],
      "color": "#30640d"
    },
    {
      "id": 19,
      "type": "SamplerCustomAdvanced",
      "pos": [
        3384.877197265625,
        378.84552001953125
      ],
      "size": [
        310,
        330
      ],
      "flags": {
        "collapsed": true,
        "pinned": true
      },
      "order": 61,
      "mode": 4,
      "inputs": [
        {
          "label": "噪波生成",
          "name": "noise",
          "type": "NOISE",
          "link": 22
        },
        {
          "label": "引导",
          "name": "guider",
          "type": "GUIDER",
          "link": 23
        },
        {
          "label": "采样器",
          "name": "sampler",
          "type": "SAMPLER",
          "link": 24
        },
        {
          "label": "Sigmas",
          "name": "sigmas",
          "type": "SIGMAS",
          "link": 25
        },
        {
          "label": "Latent",
          "name": "latent_image",
          "type": "LATENT",
          "link": 26
        }
      ],
      "outputs": [
        {
          "label": "输出",
          "name": "output",
          "type": "LATENT",
          "slot_index": 0,
          "links": [
            5
          ]
        },
        {
          "label": "降噪输出",
          "name": "denoised_output",
          "type": "LATENT",
          "slot_index": 1,
          "links": []
        }
      ],
      "properties": {
        "cnr_id": "comfy-core",
        "ver": "0.3.26",
        "Node name for S&R": "SamplerCustomAdvanced",
        "ue_properties": {
          "version": "7.2.2",
          "widget_ue_connectable": {},
          "input_ue_unconnectable": {}
        }
      },
      "widgets_values": [],
      "color": "#30640d"
    },
    {
      "id": 18,
      "type": "SplitSigmasDenoise",
      "pos": [
        3382.6953125,
        393.08294677734375
      ],
      "size": [
        320,
        80
      ],
      "flags": {
        "collapsed": true,
        "pinned": true
      },
      "order": 51,
      "mode": 4,
      "inputs": [
        {
          "label": "Sigmas",
          "name": "sigmas",
          "type": "SIGMAS",
          "link": 21
        }
      ],
      "outputs": [
        {
          "label": "高Sigmas",
          "name": "high_sigmas",
          "type": "SIGMAS",
          "slot_index": 0,
          "links": [
            11
          ]
        },
        {
          "label": "低Sigmas",
          "name": "low_sigmas",
          "type": "SIGMAS",
          "slot_index": 1,
          "links": [
            25
          ]
        }
      ],
      "properties": {
        "cnr_id": "comfy-core",
        "ver": "0.3.26",
        "Node name for S&R": "SplitSigmasDenoise",
        "ue_properties": {
          "version": "7.2.2",
          "widget_ue_connectable": {},
          "input_ue_unconnectable": {}
        }
      },
      "widgets_values": [
        0.4
      ],
      "color": "#30640d"
    },
    {
      "id": 8,
      "type": "SamplerCustomAdvanced",
      "pos": [
        3322.177734375,
        67.14286804199219
      ],
      "size": [
        415.57421875,
        439.87750244140625
      ],
      "flags": {
        "pinned": true
      },
      "order": 56,
      "mode": 4,
      "inputs": [
        {
          "label": "噪波生成",
          "name": "noise",
          "type": "NOISE",
          "link": 8
        },
        {
          "label": "引导",
          "name": "guider",
          "type": "GUIDER",
          "link": 9
        },
        {
          "label": "采样器",
          "name": "sampler",
          "type": "SAMPLER",
          "link": 10
        },
        {
          "label": "Sigmas",
          "name": "sigmas",
          "type": "SIGMAS",
          "link": 11
        },
        {
          "label": "Latent",
          "name": "latent_image",
          "type": "LATENT",
          "link": 12
        }
      ],
      "outputs": [
        {
          "label": "输出",
          "name": "output",
          "type": "LATENT",
          "slot_index": 0,
          "links": [
            27
          ]
        },
        {
          "label": "降噪输出",
          "name": "denoised_output",
          "type": "LATENT",
          "slot_index": 1,
          "links": []
        }
      ],
      "properties": {
        "cnr_id": "comfy-core",
        "ver": "0.3.26",
        "Node name for S&R": "SamplerCustomAdvanced",
        "ue_properties": {
          "version": "7.2.2",
          "widget_ue_connectable": {},
          "input_ue_unconnectable": {}
        }
      },
      "widgets_values": [],
      "color": "#30640d"
    },
    {
      "id": 10,
      "type": "BasicScheduler",
      "pos": [
        3495.038330078125,
        597.5377807617188
      ],
      "size": [
        317.0160827636719,
        106
      ],
      "flags": {
        "pinned": true
      },
      "order": 44,
      "mode": 4,
      "inputs": [
        {
          "label": "模型",
          "name": "model",
          "type": "MODEL",
          "link": 13
        }
      ],
      "outputs": [
        {
          "label": "Sigmas",
          "name": "SIGMAS",
          "type": "SIGMAS",
          "slot_index": 0,
          "links": [
            21
          ]
        }
      ],
      "properties": {
        "cnr_id": "comfy-core",
        "ver": "0.3.26",
        "Node name for S&R": "BasicScheduler",
        "ue_properties": {
          "version": "7.2.2",
          "widget_ue_connectable": {},
          "input_ue_unconnectable": {}
        }
      },
      "widgets_values": [
        "beta",
        30,
        1
      ],
      "color": "#30640d"
    },
    {
      "id": 5,
      "type": "VAEDecode",
      "pos": [
        3094.44775390625,
        900.0709228515625
      ],
      "size": [
        210,
        50
      ],
      "flags": {
        "pinned": true
      },
      "order": 64,
      "mode": 4,
      "inputs": [
        {
          "label": "Latent",
          "name": "samples",
          "type": "LATENT",
          "link": 5
        },
        {
          "label": "VAE",
          "name": "vae",
          "type": "VAE",
          "link": 6
        }
      ],
      "outputs": [
        {
          "label": "图像",
          "name": "IMAGE",
          "type": "IMAGE",
          "slot_index": 0,
          "links": [
            7
          ]
        }
      ],
      "properties": {
        "cnr_id": "comfy-core",
        "ver": "0.3.26",
        "Node name for S&R": "VAEDecode",
        "ue_properties": {
          "version": "7.2.2",
          "widget_ue_connectable": {},
          "input_ue_unconnectable": {}
        }
      },
      "widgets_values": [],
      "color": "#30640d"
    },
    {
      "id": 23,
      "type": "Text Concatenate",
      "pos": [
        3070.510498046875,
        592.4338989257812
      ],
      "size": [
        401.1001281738281,
        238
      ],
      "flags": {
        "pinned": true
      },
      "order": 8,
      "mode": 4,
      "inputs": [
        {
          "label": "文本_A",
          "name": "text_a",
          "shape": 7,
          "type": "STRING",
          "link": null
        },
        {
          "label": "文本_B",
          "name": "text_b",
          "shape": 7,
          "type": "STRING",
          "link": null
        },
        {
          "label": "文本_C",
          "name": "text_c",
          "shape": 7,
          "type": "STRING",
          "link": null
        },
        {
          "label": "文本_d",
          "name": "text_d",
          "shape": 7,
          "type": "STRING",
          "link": null
        }
      ],
      "outputs": [
        {
          "label": "字符串",
          "name": "STRING",
          "type": "STRING",
          "slot_index": 0,
          "links": [
            3
          ]
        }
      ],
      "properties": {
        "cnr_id": "pr-was-node-suite-comfyui-47064894",
        "ver": "43039ea455fc4a4f99f38048273f72a75a0523c0",
        "Node name for S&R": "Text Concatenate",
        "ue_properties": {
          "version": "7.2.2",
          "widget_ue_connectable": {},
          "input_ue_unconnectable": {}
        }
      },
      "widgets_values": [
        ", ",
        "true"
      ],
      "color": "#30640d"
    },
    {
      "id": 6,
      "type": "SaveImage",
      "pos": [
        3857.79931640625,
        -51.59215545654297
      ],
      "size": [
        923.9282836914062,
        1013.6954345703125
      ],
      "flags": {
        "pinned": true
      },
      "order": 66,
      "mode": 4,
      "inputs": [
        {
          "label": "图像",
          "name": "images",
          "type": "IMAGE",
          "link": 7
        }
      ],
      "outputs": [],
      "properties": {
        "cnr_id": "comfy-core",
        "ver": "0.3.26",
        "Node name for S&R": "SaveImage",
        "ue_properties": {
          "version": "7.2.2",
          "widget_ue_connectable": {},
          "input_ue_unconnectable": {}
        }
      },
      "widgets_values": [
        "ComfyUI"
      ],
      "color": "#30640d"
    },
    {
      "id": 13,
      "type": "UNETLoader",
      "pos": [
        2172.557373046875,
        43.33245086669922
      ],
      "size": [
        320,
        82
      ],
      "flags": {
        "pinned": true
      },
      "order": 9,
      "mode": 4,
      "inputs": [],
      "outputs": [
        {
          "label": "模型",
          "name": "MODEL",
          "type": "MODEL",
          "slot_index": 0,
          "links": [
            169
          ]
        }
      ],
      "properties": {
        "cnr_id": "comfy-core",
        "ver": "0.3.26",
        "Node name for S&R": "UNETLoader",
        "ue_properties": {
          "version": "7.2.2",
          "widget_ue_connectable": {},
          "input_ue_unconnectable": {}
        }
      },
      "widgets_values": [
        "flux1-dev-fp8.safetensors",
        "fp8_e4m3fn"
      ],
      "color": "#30640d"
    },
    {
      "id": 93,
      "type": "UNETLoader",
      "pos": [
        2801.7333984375,
        1704.8665771484375
      ],
      "size": [
        315,
        82
      ],
      "flags": {
        "pinned": true
      },
      "order": 10,
      "mode": 0,
      "inputs": [],
      "outputs": [
        {
          "label": "模型",
          "name": "MODEL",
          "type": "MODEL",
          "slot_index": 0,
          "links": [
            125
          ]
        }
      ],
      "properties": {
        "cnr_id": "comfy-core",
        "ver": "0.3.26",
        "Node name for S&R": "UNETLoader",
        "ue_properties": {
          "version": "7.2.2",
          "widget_ue_connectable": {},
          "input_ue_unconnectable": {}
        }
      },
      "widgets_values": [
        "flux1-dev-fp8.safetensors",
        "fp8_e4m3fn"
      ],
      "color": "#223",
      "bgcolor": "#335"
    },
    {
      "id": 87,
      "type": "VAELoader",
      "pos": [
        2827.715087890625,
        1864.5684814453125
      ],
      "size": [
        311.81634521484375,
        60.429901123046875
      ],
      "flags": {
        "pinned": true
      },
      "order": 11,
      "mode": 0,
      "inputs": [],
      "outputs": [
        {
          "label": "VAE",
          "name": "VAE",
          "type": "VAE",
          "slot_index": 0,
          "links": [
            176
          ]
        }
      ],
      "properties": {
        "cnr_id": "comfy-core",
        "ver": "0.3.26",
        "Node name for S&R": "VAELoader",
        "ue_properties": {
          "version": "7.2.2",
          "widget_ue_connectable": {},
          "input_ue_unconnectable": {}
        }
      },
      "widgets_values": [
        "ae.safetensors"
      ]
    },
    {
      "id": 92,
      "type": "DualCLIPLoader",
      "pos": [
        2801.0791015625,
        1507.248046875
      ],
      "size": [
        315,
        130
      ],
      "flags": {
        "pinned": true
      },
      "order": 12,
      "mode": 0,
      "inputs": [],
      "outputs": [
        {
          "label": "CLIP",
          "name": "CLIP",
          "type": "CLIP",
          "slot_index": 0,
          "links": [
            162,
            174
          ]
        }
      ],
      "properties": {
        "cnr_id": "comfy-core",
        "ver": "0.3.26",
        "Node name for S&R": "DualCLIPLoader",
        "ue_properties": {
          "version": "7.2.2",
          "widget_ue_connectable": {},
          "input_ue_unconnectable": {}
        }
      },
      "widgets_values": [
        "flux/clip_l.safetensors",
        "flux/t5xxl_fp8_e4m3fn.safetensors",
        "flux",
        "default"
      ]
    },
    {
      "id": 95,
      "type": "ControlNetLoader",
      "pos": [
        3138.905517578125,
        2145.4072265625
      ],
      "size": [
        462.9835510253906,
        121.4271240234375
      ],
      "flags": {
        "pinned": true
      },
      "order": 13,
      "mode": 0,
      "inputs": [],
      "outputs": [
        {
          "label": "ControlNet",
          "name": "CONTROL_NET",
          "type": "CONTROL_NET",
          "links": [
            115
          ]
        }
      ],
      "properties": {
        "cnr_id": "comfy-core",
        "ver": "0.3.26",
        "Node name for S&R": "ControlNetLoader",
        "ue_properties": {
          "version": "7.2.2",
          "widget_ue_connectable": {},
          "input_ue_unconnectable": {}
        }
      },
      "widgets_values": [
        "flux/FLUX.1-dev-ControlNet-Union-Pro-2.0-fp8.safetensors"
      ]
    },
    {
      "id": 76,
      "type": "SamplerCustomAdvanced",
      "pos": [
        3890.82763671875,
        1538.5302734375
      ],
      "size": [
        272.3617858886719,
        326
      ],
      "flags": {
        "pinned": true
      },
      "order": 57,
      "mode": 0,
      "inputs": [
        {
          "label": "噪波生成",
          "name": "noise",
          "type": "NOISE",
          "link": 103
        },
        {
          "label": "引导",
          "name": "guider",
          "type": "GUIDER",
          "link": 104
        },
        {
          "label": "采样器",
          "name": "sampler",
          "type": "SAMPLER",
          "link": 105
        },
        {
          "label": "Sigmas",
          "name": "sigmas",
          "type": "SIGMAS",
          "link": 106
        },
        {
          "label": "Latent",
          "name": "latent_image",
          "type": "LATENT",
          "link": 107
        }
      ],
      "outputs": [
        {
          "label": "输出",
          "name": "output",
          "type": "LATENT",
          "slot_index": 0,
          "links": [
            100,
            167
          ]
        },
        {
          "label": "降噪输出",
          "name": "denoised_output",
          "type": "LATENT",
          "links": null
        }
      ],
      "properties": {
        "cnr_id": "comfy-core",
        "ver": "0.3.26",
        "Node name for S&R": "SamplerCustomAdvanced",
        "ue_properties": {
          "version": "7.2.2",
          "widget_ue_connectable": {},
          "input_ue_unconnectable": {}
        }
      },
      "widgets_values": []
    },
    {
      "id": 94,
      "type": "ControlNetApplySD3",
      "pos": [
        3924.27880859375,
        1927.1917724609375
      ],
      "size": [
        315,
        186
      ],
      "flags": {
        "pinned": true
      },
      "order": 42,
      "mode": 0,
      "inputs": [
        {
          "label": "正面条件",
          "name": "positive",
          "type": "CONDITIONING",
          "link": 120
        },
        {
          "label": "负面条件",
          "name": "negative",
          "type": "CONDITIONING",
          "link": 121
        },
        {
          "label": "ControlNet",
          "name": "control_net",
          "type": "CONTROL_NET",
          "link": 122
        },
        {
          "label": "VAE",
          "name": "vae",
          "type": "VAE",
          "link": null
        },
        {
          "label": "图像",
          "name": "image",
          "type": "IMAGE",
          "link": 124
        }
      ],
      "outputs": [
        {
          "label": "正面条件",
          "name": "positive",
          "type": "CONDITIONING",
          "slot_index": 0,
          "links": [
            111
          ]
        },
        {
          "label": "负面条件",
          "name": "negative",
          "type": "CONDITIONING",
          "links": null
        }
      ],
      "properties": {
        "cnr_id": "comfy-core",
        "ver": "0.3.26",
        "Node name for S&R": "ControlNetApplySD3",
        "ue_properties": {
          "version": "7.2.2",
          "widget_ue_connectable": {},
          "input_ue_unconnectable": {}
        }
      },
      "widgets_values": [
        0.6,
        0,
        0.8
      ]
    },
    {
      "id": 90,
      "type": "DepthAnythingV2Preprocessor",
      "pos": [
        3948.406494140625,
        2177.85205078125
      ],
      "size": [
        315,
        82
      ],
      "flags": {
        "pinned": true
      },
      "order": 31,
      "mode": 0,
      "inputs": [
        {
          "label": "图像",
          "name": "image",
          "type": "IMAGE",
          "link": 116
        }
      ],
      "outputs": [
        {
          "label": "图像",
          "name": "IMAGE",
          "type": "IMAGE",
          "links": [
            124
          ]
        }
      ],
      "properties": {
        "cnr_id": "comfyui_controlnet_aux",
        "ver": "83463c2e4b04e729268e57f638b4212e0da4badc",
        "Node name for S&R": "DepthAnythingV2Preprocessor",
        "ue_properties": {
          "version": "7.2.2",
          "widget_ue_connectable": {},
          "input_ue_unconnectable": {}
        }
      },
      "widgets_values": [
        "depth_anything_v2_vitl.pth",
        1024
      ]
    },
    {
      "id": 89,
      "type": "SetUnionControlNetType",
      "pos": [
        3960.718017578125,
        2302.354736328125
      ],
      "size": [
        315,
        58
      ],
      "flags": {
        "pinned": true
      },
      "order": 30,
      "mode": 0,
      "inputs": [
        {
          "label": "ControlNet",
          "name": "control_net",
          "type": "CONTROL_NET",
          "link": 115
        }
      ],
      "outputs": [
        {
          "label": "ControlNet",
          "name": "CONTROL_NET",
          "type": "CONTROL_NET",
          "links": [
            122
          ]
        }
      ],
      "properties": {
        "cnr_id": "comfy-core",
        "ver": "0.3.26",
        "Node name for S&R": "SetUnionControlNetType",
        "ue_properties": {
          "version": "7.2.2",
          "widget_ue_connectable": {},
          "input_ue_unconnectable": {}
        }
      },
      "widgets_values": [
        "depth"
      ]
    },
    {
      "id": 118,
      "type": "CLIPTextEncode",
      "pos": [
        5075.322265625,
        1546.8565673828125
      ],
      "size": [
        422.84503173828125,
        164.31304931640625
      ],
      "flags": {
        "collapsed": true
      },
      "order": 35,
      "mode": 0,
      "inputs": [
        {
          "label": "CLIP",
          "name": "clip",
          "type": "CLIP",
          "link": null
        },
        {
          "label": "text",
          "name": "text",
          "type": "STRING",
          "widget": {
            "name": "text"
          },
          "link": 166
        }
      ],
      "outputs": [
        {
          "label": "条件",
          "name": "CONDITIONING",
          "type": "CONDITIONING",
          "slot_index": 0,
          "links": [
            154
          ]
        }
      ],
      "properties": {
        "cnr_id": "comfy-core",
        "ver": "0.3.26",
        "Node name for S&R": "CLIPTextEncode",
        "ue_properties": {
          "version": "7.2.2",
          "widget_ue_connectable": {
            "text": true
          },
          "input_ue_unconnectable": {}
        }
      },
      "widgets_values": [
        "A portrait of a woman standing in a lush garden. She wears a white blazer with a deep V-neck and mustard-yellow shorts. She accessorizes with white ankle boots. The garden is filled with various plants and flowers, including purple flowers and green foliage. Sunlight filters through the trees, casting a warm glow on the scene. The background shows a ladder leaning against a wall, and a building is visible in the distance. The image style is contemporary, emphasizing fashion and natural beauty.",
        [
          false,
          true
        ]
      ],
      "color": "#232",
      "bgcolor": "#353"
    },
    {
      "id": 102,
      "type": "BasicGuider",
      "pos": [
        5035.69580078125,
        1526.357177734375
      ],
      "size": [
        222.3482666015625,
        46
      ],
      "flags": {
        "pinned": true
      },
      "order": 54,
      "mode": 0,
      "inputs": [
        {
          "label": "模型",
          "name": "model",
          "type": "MODEL",
          "link": 135
        },
        {
          "label": "条件",
          "name": "conditioning",
          "type": "CONDITIONING",
          "link": 136
        }
      ],
      "outputs": [
        {
          "label": "引导",
          "name": "GUIDER",
          "type": "GUIDER",
          "slot_index": 0,
          "links": [
            130
          ]
        }
      ],
      "properties": {
        "cnr_id": "comfy-core",
        "ver": "0.3.26",
        "Node name for S&R": "BasicGuider",
        "ue_properties": {
          "version": "7.2.2",
          "widget_ue_connectable": {},
          "input_ue_unconnectable": {}
        }
      },
      "widgets_values": []
    },
    {
      "id": 114,
      "type": "ModelSamplingFlux",
      "pos": [
        5045.86083984375,
        1911.1461181640625
      ],
      "size": [
        315,
        170
      ],
      "flags": {
        "pinned": true
      },
      "order": 48,
      "mode": 0,
      "inputs": [
        {
          "label": "模型",
          "name": "model",
          "type": "MODEL",
          "link": null
        },
        {
          "label": "width",
          "name": "width",
          "type": "INT",
          "widget": {
            "name": "width"
          },
          "link": 227
        },
        {
          "label": "height",
          "name": "height",
          "type": "INT",
          "widget": {
            "name": "height"
          },
          "link": 228
        }
      ],
      "outputs": [
        {
          "label": "模型",
          "name": "MODEL",
          "type": "MODEL",
          "slot_index": 0,
          "links": [
            134,
            135
          ]
        }
      ],
      "properties": {
        "cnr_id": "comfy-core",
        "ver": "0.3.26",
        "Node name for S&R": "ModelSamplingFlux",
        "ue_properties": {
          "version": "7.2.2",
          "widget_ue_connectable": {
            "width": true,
            "height": true
          },
          "input_ue_unconnectable": {}
        }
      },
      "widgets_values": [
        1.15,
        0.5,
        800,
        1200
      ]
    },
    {
      "id": 101,
      "type": "BasicScheduler",
      "pos": [
        5045.81689453125,
        2138.029296875
      ],
      "size": [
        315,
        106
      ],
      "flags": {
        "pinned": true
      },
      "order": 53,
      "mode": 0,
      "inputs": [
        {
          "label": "模型",
          "name": "model",
          "type": "MODEL",
          "link": 134
        }
      ],
      "outputs": [
        {
          "label": "Sigmas",
          "name": "SIGMAS",
          "type": "SIGMAS",
          "links": [
            132
          ]
        }
      ],
      "properties": {
        "cnr_id": "comfy-core",
        "ver": "0.3.26",
        "Node name for S&R": "BasicScheduler",
        "ue_properties": {
          "version": "7.2.2",
          "widget_ue_connectable": {},
          "input_ue_unconnectable": {}
        }
      },
      "widgets_values": [
        "simple",
        30,
        0.55
      ]
    },
    {
      "id": 134,
      "type": "LatentUpscaleBy",
      "pos": [
        5056.7548828125,
        2310.214111328125
      ],
      "size": [
        315,
        82
      ],
      "flags": {
        "pinned": true
      },
      "order": 60,
      "mode": 0,
      "inputs": [
        {
          "label": "Latent",
          "name": "samples",
          "type": "LATENT",
          "link": 167
        }
      ],
      "outputs": [
        {
          "label": "Latent",
          "name": "LATENT",
          "type": "LATENT",
          "slot_index": 0,
          "links": [
            168
          ]
        }
      ],
      "properties": {
        "cnr_id": "comfy-core",
        "ver": "0.3.39",
        "Node name for S&R": "LatentUpscaleBy",
        "ue_properties": {
          "version": "7.2.2",
          "widget_ue_connectable": {},
          "input_ue_unconnectable": {}
        }
      },
      "widgets_values": [
        "nearest-exact",
        1.5
      ]
    },
    {
      "id": 100,
      "type": "KSamplerSelect",
      "pos": [
        5037.58349609375,
        1776.7596435546875
      ],
      "size": [
        315,
        58
      ],
      "flags": {
        "pinned": true
      },
      "order": 14,
      "mode": 0,
      "inputs": [],
      "outputs": [
        {
          "label": "采样器",
          "name": "SAMPLER",
          "type": "SAMPLER",
          "links": [
            131
          ]
        }
      ],
      "properties": {
        "cnr_id": "comfy-core",
        "ver": "0.3.26",
        "Node name for S&R": "KSamplerSelect",
        "ue_properties": {
          "version": "7.2.2",
          "widget_ue_connectable": {},
          "input_ue_unconnectable": {}
        }
      },
      "widgets_values": [
        "euler"
      ]
    },
    {
      "id": 103,
      "type": "RandomNoise",
      "pos": [
        5023.171875,
        1632.3238525390625
      ],
      "size": [
        315,
        82
      ],
      "flags": {
        "pinned": true
      },
      "order": 15,
      "mode": 0,
      "inputs": [],
      "outputs": [
        {
          "label": "噪波生成",
          "name": "NOISE",
          "type": "NOISE",
          "links": [
            129
          ]
        }
      ],
      "properties": {
        "cnr_id": "comfy-core",
        "ver": "0.3.26",
        "Node name for S&R": "RandomNoise",
        "ue_properties": {
          "version": "7.2.2",
          "widget_ue_connectable": {},
          "input_ue_unconnectable": {}
        }
      },
      "widgets_values": [
        1017903502334209,
        "randomize"
      ],
      "color": "#2a363b",
      "bgcolor": "#3f5159"
    },
    {
      "id": 104,
      "type": "FluxGuidance",
      "pos": [
        5049.96923828125,
        1423.6241455078125
      ],
      "size": [
        317.4000244140625,
        58
      ],
      "flags": {
        "pinned": true
      },
      "order": 43,
      "mode": 0,
      "inputs": [
        {
          "label": "条件",
          "name": "conditioning",
          "type": "CONDITIONING",
          "link": 154
        }
      ],
      "outputs": [
        {
          "label": "条件",
          "name": "CONDITIONING",
          "type": "CONDITIONING",
          "slot_index": 0,
          "links": [
            136
          ]
        }
      ],
      "properties": {
        "cnr_id": "comfy-core",
        "ver": "0.3.26",
        "Node name for S&R": "FluxGuidance",
        "ue_properties": {
          "version": "7.2.2",
          "widget_ue_connectable": {},
          "input_ue_unconnectable": {}
        }
      },
      "widgets_values": [
        3.5
      ],
      "color": "#233",
      "bgcolor": "#355"
    },
    {
      "id": 99,
      "type": "SamplerCustomAdvanced",
      "pos": [
        5443.3544921875,
        1453.7569580078125
      ],
      "size": [
        272.3617858886719,
        326
      ],
      "flags": {
        "pinned": true
      },
      "order": 63,
      "mode": 0,
      "inputs": [
        {
          "label": "噪波生成",
          "name": "noise",
          "type": "NOISE",
          "link": 129
        },
        {
          "label": "引导",
          "name": "guider",
          "type": "GUIDER",
          "link": 130
        },
        {
          "label": "采样器",
          "name": "sampler",
          "type": "SAMPLER",
          "link": 131
        },
        {
          "label": "Sigmas",
          "name": "sigmas",
          "type": "SIGMAS",
          "link": 132
        },
        {
          "label": "Latent",
          "name": "latent_image",
          "type": "LATENT",
          "link": 168
        }
      ],
      "outputs": [
        {
          "label": "输出",
          "name": "output",
          "type": "LATENT",
          "slot_index": 0,
          "links": [
            127
          ]
        },
        {
          "label": "降噪输出",
          "name": "denoised_output",
          "type": "LATENT",
          "links": null
        }
      ],
      "properties": {
        "cnr_id": "comfy-core",
        "ver": "0.3.26",
        "Node name for S&R": "SamplerCustomAdvanced",
        "ue_properties": {
          "version": "7.2.2",
          "widget_ue_connectable": {},
          "input_ue_unconnectable": {}
        }
      },
      "widgets_values": []
    },
    {
      "id": 98,
      "type": "VAEDecode",
      "pos": [
        5478.29248046875,
        1858.546630859375
      ],
      "size": [
        210,
        46
      ],
      "flags": {
        "pinned": true
      },
      "order": 65,
      "mode": 0,
      "inputs": [
        {
          "label": "Latent",
          "name": "samples",
          "type": "LATENT",
          "link": 127
        },
        {
          "label": "VAE",
          "name": "vae",
          "type": "VAE",
          "link": null
        }
      ],
      "outputs": [
        {
          "label": "图像",
          "name": "IMAGE",
          "type": "IMAGE",
          "slot_index": 0,
          "links": [
            153
          ]
        }
      ],
      "properties": {
        "cnr_id": "comfy-core",
        "ver": "0.3.26",
        "Node name for S&R": "VAEDecode",
        "ue_properties": {
          "version": "7.2.2",
          "widget_ue_connectable": {},
          "input_ue_unconnectable": {}
        }
      },
      "widgets_values": []
    },
    {
      "id": 122,
      "type": "SaveImage",
      "pos": [
        5795.21826171875,
        1320.2613525390625
      ],
      "size": [
        903.260498046875,
        1446.2735595703125
      ],
      "flags": {},
      "order": 67,
      "mode": 0,
      "inputs": [
        {
          "label": "图像",
          "name": "images",
          "type": "IMAGE",
          "link": 153
        }
      ],
      "outputs": [],
      "properties": {
        "cnr_id": "comfy-core",
        "ver": "0.3.26",
        "Node name for S&R": "SaveImage",
        "ue_properties": {
          "version": "7.2.2",
          "widget_ue_connectable": {},
          "input_ue_unconnectable": {}
        }
      },
      "widgets_values": [
        "ComfyUI"
      ]
    },
    {
      "id": 78,
      "type": "BasicScheduler",
      "pos": [
        3195.174560546875,
        1862.4007568359375
      ],
      "size": [
        315,
        106
      ],
      "flags": {
        "pinned": true
      },
      "order": 52,
      "mode": 0,
      "inputs": [
        {
          "label": "模型",
          "name": "model",
          "type": "MODEL",
          "link": 108
        }
      ],
      "outputs": [
        {
          "label": "Sigmas",
          "name": "SIGMAS",
          "type": "SIGMAS",
          "links": [
            106
          ]
        }
      ],
      "properties": {
        "cnr_id": "comfy-core",
        "ver": "0.3.26",
        "Node name for S&R": "BasicScheduler",
        "ue_properties": {
          "version": "7.2.2",
          "widget_ue_connectable": {},
          "input_ue_unconnectable": {}
        }
      },
      "widgets_values": [
        "simple",
        28,
        1
      ]
    },
    {
      "id": 74,
      "type": "VAEDecode",
      "pos": [
        3885.57470703125,
        1432.9224853515625
      ],
      "size": [
        210,
        46
      ],
      "flags": {
        "pinned": true
      },
      "order": 59,
      "mode": 0,
      "inputs": [
        {
          "label": "Latent",
          "name": "samples",
          "type": "LATENT",
          "link": 100
        },
        {
          "label": "VAE",
          "name": "vae",
          "type": "VAE",
          "link": null
        }
      ],
      "outputs": [
        {
          "label": "图像",
          "name": "IMAGE",
          "type": "IMAGE",
          "slot_index": 0,
          "links": [
            102
          ]
        }
      ],
      "properties": {
        "cnr_id": "comfy-core",
        "ver": "0.3.26",
        "Node name for S&R": "VAEDecode",
        "ue_properties": {
          "version": "7.2.2",
          "widget_ue_connectable": {},
          "input_ue_unconnectable": {}
        }
      },
      "widgets_values": []
    },
    {
      "id": 97,
      "type": "LoadImage",
      "pos": [
        1961.499267578125,
        1401.4466552734375
      ],
      "size": [
        816.101806640625,
        1221.450439453125
      ],
      "flags": {
        "pinned": true
      },
      "order": 16,
      "mode": 0,
      "inputs": [],
      "outputs": [
        {
          "label": "图像",
          "name": "IMAGE",
          "type": "IMAGE",
          "slot_index": 0,
          "links": [
            116,
            221
          ]
        },
        {
          "label": "遮罩",
          "name": "MASK",
          "type": "MASK",
          "links": null
        }
      ],
      "properties": {
        "cnr_id": "comfy-core",
        "ver": "0.3.26",
        "Node name for S&R": "LoadImage",
        "ue_properties": {
          "version": "7.2.2",
          "widget_ue_connectable": {},
          "input_ue_unconnectable": {}
        }
      },
      "widgets_values": [
        "O1CN01jLaa2A1ODpHm7TVrZ_!!2219472231672.jpg",
        "image"
      ]
    },
    {
      "id": 125,
      "type": "Note",
      "pos": [
        2906.31591796875,
        333.52972412109375
      ],
      "size": [
        382.03704833984375,
        138.78387451171875
      ],
      "flags": {
        "pinned": true
      },
      "order": 17,
      "mode": 4,
      "inputs": [],
      "outputs": [],
      "properties": {
        "ue_properties": {
          "version": "7.2.2",
          "widget_ue_connectable": {},
          "input_ue_unconnectable": {}
        }
      },
      "widgets_values": [
        "latent系数缩放：如图1.5就是按照输入宽度和高度的尺寸X1.5倍，小于1的是缩小。"
      ],
      "color": "#323",
      "bgcolor": "#535"
    },
    {
      "id": 26,
      "type": "LoadImage",
      "pos": [
        1943.792236328125,
        -1026.3375244140625
      ],
      "size": [
        440.2314453125,
        397.76416015625
      ],
      "flags": {
        "pinned": true
      },
      "order": 18,
      "mode": 4,
      "inputs": [],
      "outputs": [
        {
          "label": "图像",
          "name": "IMAGE",
          "type": "IMAGE",
          "links": [
            29
          ]
        },
        {
          "label": "遮罩",
          "name": "MASK",
          "type": "MASK",
          "links": null
        }
      ],
      "properties": {
        "cnr_id": "comfy-core",
        "ver": "0.3.26",
        "Node name for S&R": "LoadImage",
        "ue_properties": {
          "version": "7.2.2",
          "widget_ue_connectable": {},
          "input_ue_unconnectable": {}
        }
      },
      "widgets_values": [
        "O1CN01jLaa2A1ODpHm7TVrZ_!!2219472231672.jpg",
        "image"
      ]
    },
    {
      "id": 31,
      "type": "Florence2ModelLoader",
      "pos": [
        2066.671875,
        -597.7689819335938
      ],
      "size": [
        315,
        130
      ],
      "flags": {
        "pinned": true
      },
      "order": 19,
      "mode": 4,
      "inputs": [
        {
          "label": "LoRA",
          "name": "lora",
          "shape": 7,
          "type": "PEFTLORA",
          "link": null
        }
      ],
      "outputs": [
        {
          "label": "Florence2",
          "name": "florence2_model",
          "type": "FL2MODEL",
          "links": [
            34
          ]
        }
      ],
      "properties": {
        "cnr_id": "comfyui-florence2",
        "ver": "257fec56102cf42c7e5a28920b6d1258983ae71c",
        "Node name for S&R": "Florence2ModelLoader",
        "ue_properties": {
          "version": "7.2.2",
          "widget_ue_connectable": {},
          "input_ue_unconnectable": {}
        }
      },
      "widgets_values": [
        "Florence-2-Flux-Large",
        "fp16",
        "sdpa",
        false
      ]
    },
    {
      "id": 25,
      "type": "Florence2Run",
      "pos": [
        2416.302490234375,
        -1005.3098754882812
      ],
      "size": [
        400,
        364
      ],
      "flags": {
        "pinned": true
      },
      "order": 33,
      "mode": 4,
      "inputs": [
        {
          "label": "图像",
          "name": "image",
          "type": "IMAGE",
          "link": 29
        },
        {
          "label": "Florence2",
          "name": "florence2_model",
          "type": "FL2MODEL",
          "link": 34
        }
      ],
      "outputs": [
        {
          "label": "图像",
          "name": "image",
          "type": "IMAGE",
          "links": null
        },
        {
          "label": "遮罩",
          "name": "mask",
          "type": "MASK",
          "links": null
        },
        {
          "label": "caption",
          "name": "caption",
          "type": "STRING",
          "slot_index": 2,
          "links": [
            31,
            219
          ]
        },
        {
          "label": "json数据",
          "name": "data",
          "type": "JSON",
          "links": null
        }
      ],
      "properties": {
        "cnr_id": "comfyui-florence2",
        "ver": "257fec56102cf42c7e5a28920b6d1258983ae71c",
        "Node name for S&R": "Florence2Run",
        "ue_properties": {
          "version": "7.2.2",
          "widget_ue_connectable": {},
          "input_ue_unconnectable": {}
        }
      },
      "widgets_values": [
        "",
        "more_detailed_caption",
        true,
        false,
        1024,
        3,
        true,
        "",
        205921956897319,
        "randomize",
        [
          false,
          true
        ]
      ]
    },
    {
      "id": 137,
      "type": "DeepTranslatorTextNode",
      "pos": [
        3010.94287109375,
        -924.8042602539062
      ],
      "size": [
        386.4288635253906,
        479.4809875488281
      ],
      "flags": {
        "collapsed": true,
        "pinned": true
      },
      "order": 41,
      "mode": 4,
      "inputs": [
        {
          "name": "text",
          "type": "STRING",
          "widget": {
            "name": "text"
          },
          "link": 219
        }
      ],
      "outputs": [
        {
          "label": "文本",
          "name": "text",
          "type": "STRING",
          "links": [
            220
          ]
        }
      ],
      "properties": {
        "cnr_id": "comfyui_custom_nodes_alekpet",
        "ver": "42d420b8854d4cf4aeed3408c10365ffc36b07d8",
        "Node name for S&R": "DeepTranslatorTextNode",
        "ue_properties": {
          "version": "7.2.2",
          "widget_ue_connectable": {
            "from_translate": true,
            "to_translate": true,
            "add_proxies": true,
            "proxies": true,
            "auth_data": true,
            "service": true,
            "text": true
          },
          "input_ue_unconnectable": {}
        }
      },
      "widgets_values": [
        "auto",
        "chinese (simplified)",
        false,
        "",
        "",
        "GoogleTranslator [free]",
        "",
        "proxy_hide",
        "authorization_hide",
        [
          false,
          true
        ],
        [
          false,
          true
        ],
        [
          false,
          true
        ]
      ]
    },
    {
      "id": 139,
      "type": "ShowText|pysssss",
      "pos": [
        3265.90478515625,
        -1027.827392578125
      ],
      "size": [
        414.01812744140625,
        471.508056640625
      ],
      "flags": {
        "pinned": true
      },
      "order": 49,
      "mode": 4,
      "inputs": [
        {
          "name": "text",
          "type": "STRING",
          "link": 220
        }
      ],
      "outputs": [
        {
          "label": "字符串",
          "name": "STRING",
          "shape": 6,
          "type": "STRING",
          "links": null
        }
      ],
      "properties": {
        "cnr_id": "comfyui-custom-scripts",
        "ver": "aac13aa7ce35b07d43633c3bbe654a38c00d74f5",
        "Node name for S&R": "ShowText|pysssss",
        "ue_properties": {
          "version": "7.2.2",
          "widget_ue_connectable": {},
          "input_ue_unconnectable": {}
        }
      },
      "widgets_values": [
        "该图片是一款名为“Elegi”的产品的宣传海报。它展示了一名男子的躯干和上半身的特写镜头，身穿黑色 T 恤和背带。他站在黑色的背景前，双臂向两侧伸展。男子右手拿着一个黄黑相间的工具，看起来像是电动工具。他表情严肃，低头看着工具。该工具被放置在一堆金属零件的顶部，这些金属零件散落在他周围。这些部分的排列方式杂乱无章，有些部分相互重叠。背景是黑色的，白光透过各个部分，营造出戏剧性的效果。图片上方的文字是汉字，翻译过来就是“电动工具”。该公司的标志也可见于右上角。"
      ]
    },
    {
      "id": 141,
      "type": "easy imageScaleDownToSize",
      "pos": [
        2892.022216796875,
        2450.35107421875
      ],
      "size": [
        270,
        82
      ],
      "flags": {},
      "order": 32,
      "mode": 0,
      "inputs": [
        {
          "label": "图像",
          "name": "images",
          "type": "IMAGE",
          "link": 221
        }
      ],
      "outputs": [
        {
          "label": "图像",
          "name": "IMAGE",
          "type": "IMAGE",
          "links": [
            222
          ]
        }
      ],
      "properties": {
        "cnr_id": "comfyui-easy-use",
        "ver": "1.2.8",
        "Node name for S&R": "easy imageScaleDownToSize",
        "ue_properties": {
          "version": "7.2.2",
          "widget_ue_connectable": {
            "size": true,
            "mode": true
          },
          "input_ue_unconnectable": {}
        }
      },
      "widgets_values": [
        1024,
        true
      ]
    },
    {
      "id": 142,
      "type": "Image Size to Number",
      "pos": [
        3248.46826171875,
        2346.475341796875
      ],
      "size": [
        140.396484375,
        126
      ],
      "flags": {},
      "order": 39,
      "mode": 0,
      "inputs": [
        {
          "label": "图像",
          "name": "image",
          "type": "IMAGE",
          "link": 222
        }
      ],
      "outputs": [
        {
          "label": "宽度数字",
          "name": "width_num",
          "type": "NUMBER",
          "links": null
        },
        {
          "label": "高度数字",
          "name": "height_num",
          "type": "NUMBER",
          "links": null
        },
        {
          "label": "宽度浮点",
          "name": "width_float",
          "type": "FLOAT",
          "links": null
        },
        {
          "label": "高度浮点",
          "name": "height_float",
          "type": "FLOAT",
          "links": null
        },
        {
          "label": "宽度整数",
          "name": "width_int",
          "type": "INT",
          "links": [
            223,
            225,
            227
          ]
        },
        {
          "label": "高度整数",
          "name": "height_int",
          "type": "INT",
          "links": [
            224,
            226,
            228
          ]
        }
      ],
      "properties": {
        "cnr_id": "pr-was-node-suite-comfyui-47064894",
        "ver": "9ae952b1b435d2bd846bfe6516919b5a8b9201aa",
        "Node name for S&R": "Image Size to Number",
        "ue_properties": {
          "version": "7.2.2",
          "widget_ue_connectable": {},
          "input_ue_unconnectable": {}
        }
      },
      "widgets_values": []
    },
    {
      "id": 75,
      "type": "SaveImage",
      "pos": [
        4318.3203125,
        1425.5128173828125
      ],
      "size": [
        675.1023559570312,
        1063.478759765625
      ],
      "flags": {},
      "order": 62,
      "mode": 0,
      "inputs": [
        {
          "label": "图像",
          "name": "images",
          "type": "IMAGE",
          "link": 102
        }
      ],
      "outputs": [],
      "properties": {
        "cnr_id": "comfy-core",
        "ver": "0.3.26",
        "Node name for S&R": "SaveImage",
        "ue_properties": {
          "version": "7.2.2",
          "widget_ue_connectable": {},
          "input_ue_unconnectable": {}
        }
      },
      "widgets_values": [
        "ComfyUI"
      ]
    },
    {
      "id": 91,
      "type": "ModelSamplingFlux",
      "pos": [
        3628.03564453125,
        1958.340087890625
      ],
      "size": [
        315,
        170
      ],
      "flags": {},
      "order": 46,
      "mode": 0,
      "inputs": [
        {
          "label": "模型",
          "name": "model",
          "type": "MODEL",
          "link": null
        },
        {
          "label": "width",
          "name": "width",
          "type": "INT",
          "widget": {
            "name": "width"
          },
          "link": 223
        },
        {
          "label": "height",
          "name": "height",
          "type": "INT",
          "widget": {
            "name": "height"
          },
          "link": 224
        }
      ],
      "outputs": [
        {
          "label": "模型",
          "name": "MODEL",
          "type": "MODEL",
          "slot_index": 0,
          "links": [
            108,
            109
          ]
        }
      ],
      "properties": {
        "cnr_id": "comfy-core",
        "ver": "0.3.26",
        "Node name for S&R": "ModelSamplingFlux",
        "ue_properties": {
          "version": "7.2.2",
          "widget_ue_connectable": {
            "width": true,
            "height": true
          },
          "input_ue_unconnectable": {}
        }
      },
      "widgets_values": [
        1.15,
        0.5,
        800,
        1200
      ]
    },
    {
      "id": 77,
      "type": "KSamplerSelect",
      "pos": [
        3682.371337890625,
        1655.990966796875
      ],
      "size": [
        315,
        58
      ],
      "flags": {
        "collapsed": true
      },
      "order": 20,
      "mode": 0,
      "inputs": [],
      "outputs": [
        {
          "label": "采样器",
          "name": "SAMPLER",
          "type": "SAMPLER",
          "links": [
            105
          ]
        }
      ],
      "properties": {
        "cnr_id": "comfy-core",
        "ver": "0.3.26",
        "Node name for S&R": "KSamplerSelect",
        "ue_properties": {
          "version": "7.2.2",
          "widget_ue_connectable": {},
          "input_ue_unconnectable": {}
        }
      },
      "widgets_values": [
        "euler"
      ]
    },
    {
      "id": 73,
      "type": "CLIPTextEncode",
      "pos": [
        3554.037353515625,
        1689.1873779296875
      ],
      "size": [
        422.84503173828125,
        164.31304931640625
      ],
      "flags": {
        "collapsed": true
      },
      "order": 34,
      "mode": 0,
      "inputs": [
        {
          "label": "CLIP",
          "name": "clip",
          "type": "CLIP",
          "link": null
        },
        {
          "label": "text",
          "name": "text",
          "type": "STRING",
          "widget": {
            "name": "text"
          },
          "link": 165
        }
      ],
      "outputs": [
        {
          "label": "条件",
          "name": "CONDITIONING",
          "type": "CONDITIONING",
          "slot_index": 0,
          "links": [
            120
          ]
        }
      ],
      "properties": {
        "cnr_id": "comfy-core",
        "ver": "0.3.26",
        "Node name for S&R": "CLIPTextEncode",
        "ue_properties": {
          "version": "7.2.2",
          "widget_ue_connectable": {
            "text": true
          },
          "input_ue_unconnectable": {}
        }
      },
      "widgets_values": [
        "A portrait of a woman standing in a lush garden. She wears a white blazer with a deep V-neck and mustard-yellow shorts. She also wears white ankle boots. The garden is filled with various plants and flowers, including purple flowers and green foliage. A ladder is visible in the background. The image is contemporary, emphasizing the woman's attire and the natural beauty of the garden.",
        [
          false,
          true
        ]
      ],
      "color": "#232",
      "bgcolor": "#353"
    },
    {
      "id": 86,
      "type": "CLIPTextEncode",
      "pos": [
        3597.93505859375,
        1921.959228515625
      ],
      "size": [
        285.6000061035156,
        88
      ],
      "flags": {
        "collapsed": true
      },
      "order": 21,
      "mode": 0,
      "inputs": [
        {
          "label": "CLIP",
          "name": "clip",
          "type": "CLIP",
          "link": null
        }
      ],
      "outputs": [
        {
          "label": "条件",
          "name": "CONDITIONING",
          "type": "CONDITIONING",
          "slot_index": 0,
          "links": [
            121
          ]
        }
      ],
      "properties": {
        "cnr_id": "comfy-core",
        "ver": "0.3.26",
        "Node name for S&R": "CLIPTextEncode",
        "ue_properties": {
          "version": "7.2.2",
          "widget_ue_connectable": {},
          "input_ue_unconnectable": {}
        }
      },
      "widgets_values": [
        "",
        [
          false,
          true
        ]
      ],
      "color": "#322",
      "bgcolor": "#533"
    },
    {
      "id": 81,
      "type": "FluxGuidance",
      "pos": [
        3744.182373046875,
        1898.0482177734375
      ],
      "size": [
        317.4000244140625,
        58
      ],
      "flags": {
        "collapsed": true
      },
      "order": 50,
      "mode": 0,
      "inputs": [
        {
          "label": "条件",
          "name": "conditioning",
          "type": "CONDITIONING",
          "link": 111
        }
      ],
      "outputs": [
        {
          "label": "条件",
          "name": "CONDITIONING",
          "type": "CONDITIONING",
          "slot_index": 0,
          "links": [
            110
          ]
        }
      ],
      "properties": {
        "cnr_id": "comfy-core",
        "ver": "0.3.26",
        "Node name for S&R": "FluxGuidance",
        "ue_properties": {
          "version": "7.2.2",
          "widget_ue_connectable": {},
          "input_ue_unconnectable": {}
        }
      },
      "widgets_values": [
        3.5
      ],
      "color": "#233",
      "bgcolor": "#355"
    },
    {
      "id": 79,
      "type": "BasicGuider",
      "pos": [
        3596.9013671875,
        1913.8133544921875
      ],
      "size": [
        222.3482666015625,
        46
      ],
      "flags": {
        "collapsed": true
      },
      "order": 55,
      "mode": 0,
      "inputs": [
        {
          "label": "模型",
          "name": "model",
          "type": "MODEL",
          "link": 109
        },
        {
          "label": "条件",
          "name": "conditioning",
          "type": "CONDITIONING",
          "link": 110
        }
      ],
      "outputs": [
        {
          "label": "引导",
          "name": "GUIDER",
          "type": "GUIDER",
          "slot_index": 0,
          "links": [
            104
          ]
        }
      ],
      "properties": {
        "cnr_id": "comfy-core",
        "ver": "0.3.26",
        "Node name for S&R": "BasicGuider",
        "ue_properties": {
          "version": "7.2.2",
          "widget_ue_connectable": {},
          "input_ue_unconnectable": {}
        }
      },
      "widgets_values": []
    },
    {
      "id": 80,
      "type": "RandomNoise",
      "pos": [
        3643.177734375,
        1878.9674072265625
      ],
      "size": [
        315,
        82
      ],
      "flags": {
        "collapsed": true
      },
      "order": 22,
      "mode": 0,
      "inputs": [],
      "outputs": [
        {
          "label": "噪波生成",
          "name": "NOISE",
          "type": "NOISE",
          "links": [
            103
          ]
        }
      ],
      "properties": {
        "cnr_id": "comfy-core",
        "ver": "0.3.26",
        "Node name for S&R": "RandomNoise",
        "ue_properties": {
          "version": "7.2.2",
          "widget_ue_connectable": {},
          "input_ue_unconnectable": {}
        }
      },
      "widgets_values": [
        814134598171250,
        "randomize"
      ],
      "color": "#2a363b",
      "bgcolor": "#3f5159"
    },
    {
      "id": 136,
      "type": "Anything Everywhere",
      "pos": [
        3643.069091796875,
        1751.583984375
      ],
      "size": [
        179.97518920898438,
        86
      ],
      "flags": {
        "collapsed": false
      },
      "order": 38,
      "mode": 0,
      "inputs": [
        {
          "color_on": "#FFD500",
          "label": "输入",
          "name": "anything",
          "shape": 7,
          "type": "CLIP",
          "link": 174
        },
        {
          "color_on": "#FF6E6E",
          "label": "输入2",
          "name": "anything2",
          "shape": 7,
          "type": "VAE",
          "link": 176
        },
        {
          "color_on": "#B39DDB",
          "label": "输入3",
          "name": "anything3",
          "shape": 7,
          "type": "MODEL",
          "link": 175
        },
        {
          "label": "anything",
          "name": "anything11",
          "type": "*",
          "link": null
        }
      ],
      "outputs": [],
      "properties": {
        "cnr_id": "cg-use-everywhere",
        "ver": "5ae64f462ec24fc0100a309c42c3def6aae18d7b",
        "Node name for S&R": "Anything Everywhere3",
        "ue_properties": {
          "version": "7.2.2",
          "group_restricted": 0,
          "color_restricted": 0,
          "widget_ue_connectable": {},
          "input_ue_unconnectable": {},
          "next_input_index": 11
        }
      },
      "widgets_values": []
    },
    {
      "id": 28,
      "type": "ShowText|pysssss",
      "pos": [
        2850.291748046875,
        -1031.0401611328125
      ],
      "size": [
        393.2497253417969,
        459.4533996582031
      ],
      "flags": {
        "pinned": true
      },
      "order": 40,
      "mode": 4,
      "inputs": [
        {
          "label": "text",
          "name": "text",
          "type": "STRING",
          "link": 31
        }
      ],
      "outputs": [
        {
          "label": "字符串",
          "name": "STRING",
          "shape": 6,
          "type": "STRING",
          "links": null
        }
      ],
      "properties": {
        "cnr_id": "comfyui-custom-scripts",
        "ver": "9f7b3215e6af317603056a9a1666bf6e83e28835",
        "Node name for S&R": "ShowText|pysssss",
        "ue_properties": {
          "version": "7.2.2",
          "widget_ue_connectable": {},
          "input_ue_unconnectable": {}
        }
      },
      "widgets_values": [
        "The image is a promotional poster for a product called \"Elegi\". It features a close-up of a man's torso and upper body, wearing a black t-shirt and a harness. He is standing in front of a black background, and his arms are stretched out to the sides. The man is holding a yellow and black tool, which appears to be a power tool, in his right hand. He has a serious expression on his face and is looking down at the tool. The tool is placed on top of a pile of metal parts, which are scattered around him. The parts are arranged in a disorganized manner, with some overlapping each other. The background is black, and there is a white light shining through the parts, creating a dramatic effect. The text on the top of the image is written in Chinese characters, which translates to \"Electric tool\" in English. The company's logo is also visible in the top right corner."
      ]
    },
    {
      "id": 1,
      "type": "CLIPTextEncode",
      "pos": [
        2595,
        589
      ],
      "size": [
        439.9981994628906,
        231.88003540039062
      ],
      "flags": {
        "pinned": true
      },
      "order": 25,
      "mode": 4,
      "inputs": [
        {
          "label": "CLIP",
          "name": "clip",
          "type": "CLIP",
          "link": 1
        }
      ],
      "outputs": [
        {
          "label": "条件",
          "name": "CONDITIONING",
          "type": "CONDITIONING",
          "slot_index": 0,
          "links": [
            4
          ]
        }
      ],
      "properties": {
        "cnr_id": "comfy-core",
        "ver": "0.3.26",
        "Node name for S&R": "CLIPTextEncode",
        "ue_properties": {
          "version": "7.2.2",
          "widget_ue_connectable": {},
          "input_ue_unconnectable": {}
        }
      },
      "widgets_values": [
        "The image is a promotional poster for a product called \"Elegi\". It features a close-up of a man's torso and upper body, wearing a black t-shirt and a harness. He is standing in front of a black background, and his arms are stretched out to the sides. The man is holding a yellow and black tool, which appears to be a power tool, in his right hand. He has a serious expression on his face and is looking down at the tool. The tool is placed on top of a pile of metal parts, which are scattered around him. The parts are arranged in a disorganized manner, with some overlapping each other. The background is black, and there is a white light shining through the parts, creating a dramatic effect. The text on the top of the image is written in Chinese characters, which translates to \"Electric tool\" in English. The company's logo is also visible in the top right corner.",
        [
          false,
          true
        ]
      ],
      "color": "#30640d"
    },
    {
      "id": 135,
      "type": "LoraLoaderModelOnly",
      "pos": [
        2571.388427734375,
        33.10578536987305
      ],
      "size": [
        320,
        82
      ],
      "flags": {},
      "order": 28,
      "mode": 4,
      "inputs": [
        {
          "label": "模型",
          "name": "model",
          "type": "MODEL",
          "link": 169
        }
      ],
      "outputs": [
        {
          "label": "模型",
          "name": "MODEL",
          "type": "MODEL",
          "links": [
            170
          ]
        }
      ],
      "properties": {
        "cnr_id": "comfy-core",
        "ver": "0.3.39",
        "Node name for S&R": "LoraLoaderModelOnly",
        "ue_properties": {
          "version": "7.2.2",
          "widget_ue_connectable": {},
          "input_ue_unconnectable": {}
        }
      },
      "widgets_values": [
        "flux/手部/Muertu F.1丨珠宝设计及模特展示_v1.0.safetensors",
        0.9000000000000001
      ],
      "color": "#30640d"
    },
    {
      "id": 124,
      "type": "Fast Groups Bypasser (rgthree)",
      "pos": [
        1179.6219482421875,
        -1038.313232421875
      ],
      "size": [
        554.1777954101562,
        353.3777770996094
      ],
      "flags": {},
      "order": 23,
      "mode": 0,
      "inputs": [],
      "outputs": [
        {
          "label": "可选连接",
          "name": "OPT_CONNECTION",
          "type": "*",
          "links": null
        }
      ],
      "properties": {
        "matchColors": "",
        "matchTitle": "",
        "showNav": true,
        "sort": "position",
        "customSortAlphabet": "",
        "toggleRestriction": "default",
        "ue_properties": {
          "version": "7.2.2",
          "widget_ue_connectable": {},
          "input_ue_unconnectable": {}
        }
      },
      "color": "#322",
      "bgcolor": "#533"
    },
    {
      "id": 96,
      "type": "LoraLoaderModelOnly",
      "pos": [
        3175.526611328125,
        1714.7359619140625
      ],
      "size": [
        315,
        82
      ],
      "flags": {},
      "order": 29,
      "mode": 0,
      "inputs": [
        {
          "label": "模型",
          "name": "model",
          "type": "MODEL",
          "link": 125
        }
      ],
      "outputs": [
        {
          "label": "模型",
          "name": "MODEL",
          "type": "MODEL",
          "slot_index": 0,
          "links": [
            175
          ]
        }
      ],
      "properties": {
        "cnr_id": "comfy-core",
        "ver": "0.3.26",
        "Node name for S&R": "LoraLoaderModelOnly",
        "ue_properties": {
          "version": "7.2.2",
          "widget_ue_connectable": {},
          "input_ue_unconnectable": {}
        }
      },
      "widgets_values": [
        "flux/手部/Muertu F.1丨珠宝设计及模特展示_v1.0.safetensors",
        0.6000000000000001
      ]
    },
    {
      "id": 133,
      "type": "TextInput_",
      "pos": [
        3119.54052734375,
        1355.7838134765625
      ],
      "size": [
        689.0820922851562,
        226.16128540039062
      ],
      "flags": {},
      "order": 24,
      "mode": 0,
      "inputs": [],
      "outputs": [
        {
          "label": "字符串",
          "name": "STRING",
          "type": "STRING",
          "slot_index": 0,
          "links": [
            165,
            166
          ]
        }
      ],
      "properties": {
        "cnr_id": "comfyui-mixlab-nodes",
        "ver": "b2bb1876def6330fccf1e03cc69d2166cae7bedb",
        "Node name for S&R": "TextInput_",
        "ue_properties": {
          "version": "7.2.2",
          "widget_ue_connectable": {},
          "input_ue_unconnectable": {}
        }
      },
      "widgets_values": [
        "The image is a promotional poster for a product called \"Elegi\". It features a close-up of a man's torso and upper body, wearing a black t-shirt and a harness. He is standing in front of a black background, and his arms are stretched out to the sides. The man is holding a yellow and black tool, which appears to be a power tool, in his right hand. He has a serious expression on his face and is looking down at the tool. The tool is placed on top of a pile of metal parts, which are scattered around him. The parts are arranged in a disorganized manner, with some overlapping each other. The background is black, and there is a white light shining through the parts, creating a dramatic effect. The text on the top of the image is written in Chinese characters, which translates to \"Electric tool\" in English. The company's logo is also visible in the top right corner.",
        [
          false,
          true
        ]
      ]
    },
    {
      "id": 82,
      "type": "EmptySD3LatentImage",
      "pos": [
        3225.30058112535,
        2032.327377443166
      ],
      "size": [
        315,
        126
      ],
      "flags": {},
      "order": 47,
      "mode": 0,
      "inputs": [
        {
          "label": "width",
          "name": "width",
          "type": "INT",
          "widget": {
            "name": "width"
          },
          "link": 225
        },
        {
          "label": "height",
          "name": "height",
          "type": "INT",
          "widget": {
            "name": "height"
          },
          "link": 226
        }
      ],
      "outputs": [
        {
          "label": "Latent",
          "name": "LATENT",
          "type": "LATENT",
          "slot_index": 0,
          "links": [
            107
          ]
        }
      ],
      "properties": {
        "cnr_id": "comfy-core",
        "ver": "0.3.26",
        "Node name for S&R": "EmptySD3LatentImage",
        "ue_properties": {
          "version": "7.2.2",
          "widget_ue_connectable": {
            "width": true,
            "height": true
          },
          "input_ue_unconnectable": {}
        }
      },
      "widgets_values": [
        800,
        1200,
        1
      ]
    }
  ],
  "links": [
    [
      1,
      14,
      0,
      1,
      0,
      "CLIP"
    ],
    [
      2,
      14,
      0,
      2,
      0,
      "CLIP"
    ],
    [
      3,
      23,
      0,
      2,
      1,
      "STRING"
    ],
    [
      4,
      1,
      0,
      3,
      0,
      "CONDITIONING"
    ],
    [
      5,
      19,
      0,
      5,
      0,
      "LATENT"
    ],
    [
      6,
      4,
      0,
      5,
      1,
      "VAE"
    ],
    [
      7,
      5,
      0,
      6,
      0,
      "IMAGE"
    ],
    [
      8,
      11,
      0,
      8,
      0,
      "NOISE"
    ],
    [
      9,
      12,
      0,
      8,
      1,
      "GUIDER"
    ],
    [
      10,
      9,
      0,
      8,
      2,
      "SAMPLER"
    ],
    [
      11,
      18,
      0,
      8,
      3,
      "SIGMAS"
    ],
    [
      12,
      15,
      0,
      8,
      4,
      "LATENT"
    ],
    [
      13,
      16,
      0,
      10,
      0,
      "MODEL"
    ],
    [
      14,
      16,
      0,
      12,
      0,
      "MODEL"
    ],
    [
      15,
      3,
      0,
      12,
      1,
      "CONDITIONING"
    ],
    [
      16,
      7,
      5,
      15,
      0,
      "LATENT"
    ],
    [
      18,
      7,
      0,
      16,
      1,
      "INT"
    ],
    [
      19,
      7,
      1,
      16,
      2,
      "INT"
    ],
    [
      21,
      10,
      0,
      18,
      0,
      "SIGMAS"
    ],
    [
      22,
      21,
      0,
      19,
      0,
      "NOISE"
    ],
    [
      23,
      12,
      0,
      19,
      1,
      "GUIDER"
    ],
    [
      24,
      9,
      0,
      19,
      2,
      "SAMPLER"
    ],
    [
      25,
      18,
      1,
      19,
      3,
      "SIGMAS"
    ],
    [
      26,
      20,
      0,
      19,
      4,
      "LATENT"
    ],
    [
      27,
      8,
      0,
      20,
      0,
      "LATENT"
    ],
    [
      29,
      26,
      0,
      25,
      0,
      "IMAGE"
    ],
    [
      31,
      25,
      2,
      28,
      0,
      "STRING"
    ],
    [
      34,
      31,
      0,
      25,
      1,
      "FL2MODEL"
    ],
    [
      100,
      76,
      0,
      74,
      0,
      "LATENT"
    ],
    [
      102,
      74,
      0,
      75,
      0,
      "IMAGE"
    ],
    [
      103,
      80,
      0,
      76,
      0,
      "NOISE"
    ],
    [
      104,
      79,
      0,
      76,
      1,
      "GUIDER"
    ],
    [
      105,
      77,
      0,
      76,
      2,
      "SAMPLER"
    ],
    [
      106,
      78,
      0,
      76,
      3,
      "SIGMAS"
    ],
    [
      107,
      82,
      0,
      76,
      4,
      "LATENT"
    ],
    [
      108,
      91,
      0,
      78,
      0,
      "MODEL"
    ],
    [
      109,
      91,
      0,
      79,
      0,
      "MODEL"
    ],
    [
      110,
      81,
      0,
      79,
      1,
      "CONDITIONING"
    ],
    [
      111,
      94,
      0,
      81,
      0,
      "CONDITIONING"
    ],
    [
      115,
      95,
      0,
      89,
      0,
      "CONTROL_NET"
    ],
    [
      116,
      97,
      0,
      90,
      0,
      "IMAGE"
    ],
    [
      120,
      73,
      0,
      94,
      0,
      "CONDITIONING"
    ],
    [
      121,
      86,
      0,
      94,
      1,
      "CONDITIONING"
    ],
    [
      122,
      89,
      0,
      94,
      2,
      "CONTROL_NET"
    ],
    [
      124,
      90,
      0,
      94,
      4,
      "IMAGE"
    ],
    [
      125,
      93,
      0,
      96,
      0,
      "MODEL"
    ],
    [
      127,
      99,
      0,
      98,
      0,
      "LATENT"
    ],
    [
      129,
      103,
      0,
      99,
      0,
      "NOISE"
    ],
    [
      130,
      102,
      0,
      99,
      1,
      "GUIDER"
    ],
    [
      131,
      100,
      0,
      99,
      2,
      "SAMPLER"
    ],
    [
      132,
      101,
      0,
      99,
      3,
      "SIGMAS"
    ],
    [
      134,
      114,
      0,
      101,
      0,
      "MODEL"
    ],
    [
      135,
      114,
      0,
      102,
      0,
      "MODEL"
    ],
    [
      136,
      104,
      0,
      102,
      1,
      "CONDITIONING"
    ],
    [
      153,
      98,
      0,
      122,
      0,
      "IMAGE"
    ],
    [
      154,
      118,
      0,
      104,
      0,
      "CONDITIONING"
    ],
    [
      165,
      133,
      0,
      73,
      1,
      "STRING"
    ],
    [
      166,
      133,
      0,
      118,
      1,
      "STRING"
    ],
    [
      167,
      76,
      0,
      134,
      0,
      "LATENT"
    ],
    [
      168,
      134,
      0,
      99,
      4,
      "LATENT"
    ],
    [
      169,
      13,
      0,
      135,
      0,
      "MODEL"
    ],
    [
      170,
      135,
      0,
      16,
      0,
      "MODEL"
    ],
    [
      174,
      92,
      0,
      136,
      0,
      "CLIP"
    ],
    [
      175,
      96,
      0,
      136,
      2,
      "MODEL"
    ],
    [
      176,
      87,
      0,
      136,
      1,
      "VAE"
    ],
    [
      219,
      25,
      2,
      137,
      0,
      "STRING"
    ],
    [
      220,
      137,
      0,
      139,
      0,
      "STRING"
    ],
    [
      221,
      97,
      0,
      141,
      0,
      "IMAGE"
    ],
    [
      222,
      141,
      0,
      142,
      0,
      "IMAGE"
    ],
    [
      223,
      142,
      4,
      91,
      1,
      "INT"
    ],
    [
      224,
      142,
      5,
      91,
      2,
      "INT"
    ],
    [
      225,
      142,
      4,
      82,
      0,
      "INT"
    ],
    [
      226,
      142,
      5,
      82,
      1,
      "INT"
    ],
    [
      227,
      142,
      4,
      114,
      1,
      "INT"
    ],
    [
      228,
      142,
      5,
      114,
      2,
      "INT"
    ]
  ],
  "groups": [
    {
      "id": 1,
      "title": "文生图",
      "bounding": [
        2007.98486328125,
        -211.42356872558594,
        2630.140625,
        1310.9085693359375
      ],
      "color": "#3f789e",
      "font_size": 100,
      "flags": {
        "pinned": true
      }
    },
    {
      "id": 2,
      "title": "第一步 图片反推",
      "bounding": [
        1907.4332275390625,
        -1179.7984619140625,
        1878,
        726
      ],
      "color": "#3f789e",
      "font_size": 100,
      "flags": {
        "pinned": true
      }
    },
    {
      "id": 4,
      "title": "图生图",
      "bounding": [
        1917.56005859375,
        1150.050537109375,
        4863.55712890625,
        1714.7069091796875
      ],
      "color": "#3f789e",
      "font_size": 100,
      "flags": {
        "pinned": true
      }
    }
  ],
  "config": {},
  "extra": {
    "ds": {
      "scale": 0.2853116706110025,
      "offset": [
        -1355.2849364456006,
        -879.1962457387526
      ]
    },
    "frontendVersion": "1.29.1",
    "ue_links": [
      {
        "downstream": 94,
        "downstream_slot": 3,
        "upstream": "87",
        "upstream_slot": 0,
        "controller": 136,
        "type": "VAE"
      },
      {
        "downstream": 118,
        "downstream_slot": 0,
        "upstream": "92",
        "upstream_slot": 0,
        "controller": 136,
        "type": "CLIP"
      },
      {
        "downstream": 114,
        "downstream_slot": 0,
        "upstream": "96",
        "upstream_slot": 0,
        "controller": 136,
        "type": "MODEL"
      },
      {
        "downstream": 98,
        "downstream_slot": 1,
        "upstream": "87",
        "upstream_slot": 0,
        "controller": 136,
        "type": "VAE"
      },
      {
        "downstream": 74,
        "downstream_slot": 1,
        "upstream": "87",
        "upstream_slot": 0,
        "controller": 136,
        "type": "VAE"
      },
      {
        "downstream": 91,
        "downstream_slot": 0,
        "upstream": "96",
        "upstream_slot": 0,
        "controller": 136,
        "type": "MODEL"
      },
      {
        "downstream": 73,
        "downstream_slot": 0,
        "upstream": "92",
        "upstream_slot": 0,
        "controller": 136,
        "type": "CLIP"
      },
      {
        "downstream": 86,
        "downstream_slot": 0,
        "upstream": "92",
        "upstream_slot": 0,
        "controller": 136,
        "type": "CLIP"
      }
    ],
    "VHS_latentpreview": false,
    "VHS_latentpreviewrate": 0,
    "VHS_MetadataImage": true,
    "VHS_KeepIntermediate": true,
    "node_versions": {
      "comfy-core": "0.3.13",
      "ComfyUI_Comfyroll_CustomNodes": "d78b780ae43fcf8c6b7c6505e6ffb4584281ceca",
      "ComfyUI_essentials": "33ff89fd354d8ec3ab6affb605a79a931b445d99",
      "pr-was-node-suite-comfyui-47064894": "1.0.2",
      "cg-use-everywhere": "ce510b97d10e69d5fd0042e115ecd946890d2079",
      "comfyui_controlnet_aux": "5a049bde9cc117dafc327cded156459289097ea1",
      "comfyui-florence2": "1.0.3",
      "comfyui-custom-scripts": "1.0.0",
      "comfyui-mixlab-nodes": "67c974c96e6472316cb4bf4326281d9f86a25ae6"
    },
    "links_added_by_ue": [
      317,
      318,
      319,
      320,
      321,
      322,
      323,
      324
    ]
  },
  "version": 0.4
}