{"id":"c1997283-6dfd-4c33-9481-d5f098448309","revision":0,"last_node_id":37,"last_link_id":75,"nodes":[{"id":25,"type":"UltimateSDUpscale","pos":[2784.1435546875,-202.7591552734375],"size":[323.505859375,614],"flags":{},"order":24,"mode":0,"inputs":[{"label":"图像","localized_name":"image","name":"image","type":"IMAGE","link":49},{"label":"模型","localized_name":"model","name":"model","type":"MODEL","link":52},{"label":"正面条件","localized_name":"positive","name":"positive","type":"CONDITIONING","link":54},{"label":"负面条件","localized_name":"negative","name":"negative","type":"CONDITIONING","link":62},{"label":"VAE","localized_name":"vae","name":"vae","type":"VAE","link":51},{"label":"放大模型","localized_name":"upscale_model","name":"upscale_model","type":"UPSCALE_MODEL","link":50},{"localized_name":"放大系数","name":"upscale_by","type":"FLOAT","widget":{"name":"upscale_by"},"link":null},{"label":"随机种","localized_name":"随机种","name":"seed","type":"INT","widget":{"name":"seed"},"link":59},{"localized_name":"步数","name":"steps","type":"INT","widget":{"name":"steps"},"link":null},{"localized_name":"CFG","name":"cfg","type":"FLOAT","widget":{"name":"cfg"},"link":null},{"localized_name":"采样器","name":"sampler_name","type":"COMBO","widget":{"name":"sampler_name"},"link":null},{"localized_name":"调度器","name":"scheduler","type":"COMBO","widget":{"name":"scheduler"},"link":null},{"localized_name":"降噪","name":"denoise","type":"FLOAT","widget":{"name":"denoise"},"link":null},{"localized_name":"模式类型","name":"mode_type","type":"COMBO","widget":{"name":"mode_type"},"link":null},{"localized_name":"分块宽度","name":"tile_width","type":"INT","widget":{"name":"tile_width"},"link":null},{"localized_name":"分块高度","name":"tile_height","type":"INT","widget":{"name":"tile_height"},"link":null},{"localized_name":"模糊","name":"mask_blur","type":"INT","widget":{"name":"mask_blur"},"link":null},{"localized_name":"分块分区","name":"tile_padding","type":"INT","widget":{"name":"tile_padding"},"link":null},{"localized_name":"接缝修复模式","name":"seam_fix_mode","type":"COMBO","widget":{"name":"seam_fix_mode"},"link":null},{"localized_name":"接缝修复降噪","name":"seam_fix_denoise","type":"FLOAT","widget":{"name":"seam_fix_denoise"},"link":null},{"localized_name":"接缝修复宽度","name":"seam_fix_width","type":"INT","widget":{"name":"seam_fix_width"},"link":null},{"localized_name":"接缝修复模糊","name":"seam_fix_mask_blur","type":"INT","widget":{"name":"seam_fix_mask_blur"},"link":null},{"localized_name":"接缝修复分区","name":"seam_fix_padding","type":"INT","widget":{"name":"seam_fix_padding"},"link":null},{"localized_name":"强制统一分块","name":"force_uniform_tiles","type":"BOOLEAN","widget":{"name":"force_uniform_tiles"},"link":null},{"localized_name":"分块解码","name":"tiled_decode","type":"BOOLEAN","widget":{"name":"tiled_decode"},"link":null}],"outputs":[{"label":"图像","localized_name":"图像","name":"IMAGE","type":"IMAGE","slot_index":0,"links":[65,68]}],"properties":{"cnr_id":"comfyui_ultimatesdupscale","ver":"4ab93ca0d467dbd5619ce6f0b968cb62c849e35e","Node name for S&R":"UltimateSDUpscale","widget_ue_connectable":{"seed":true}},"widgets_values":[4,270287994693794,"randomize",25,7,"dpmpp_2m","karras",0.2,"None",1024,1024,8,32,"None",1,64,8,16,"enable",false]},{"id":19,"type":"GetNode","pos":[1815,-158],"size":[210,58],"flags":{"collapsed":true},"order":0,"mode":0,"inputs":[],"outputs":[{"name":"SUPIRVAE","type":"SUPIRVAE","links":[32]}],"title":"Get_SUPIRVAE","properties":{"widget_ue_connectable":{}},"widgets_values":["SUPIRVAE"],"color":"#2a363b","bgcolor":"#3f5159"},{"id":27,"type":"CLIPTextEncode","pos":[2255.1435546875,-198.7591552734375],"size":[400,200],"flags":{},"order":11,"mode":0,"inputs":[{"label":"CLIP","localized_name":"clip","name":"clip","type":"CLIP","link":56},{"localized_name":"文本","name":"text","type":"STRING","widget":{"name":"text"},"link":null}],"outputs":[{"label":"条件","localized_name":"条件","name":"CONDITIONING","type":"CONDITIONING","slot_index":0,"links":[54]}],"properties":{"cnr_id":"comfy-core","ver":"0.3.40","Node name for S&R":"CLIPTextEncode","widget_ue_connectable":{}},"widgets_values":["best quality,8K",[false,true]]},{"id":31,"type":"CLIPTextEncode","pos":[2258.1435546875,65.2408447265625],"size":[400,200],"flags":{},"order":12,"mode":0,"inputs":[{"label":"CLIP","localized_name":"clip","name":"clip","type":"CLIP","link":61},{"localized_name":"文本","name":"text","type":"STRING","widget":{"name":"text"},"link":null}],"outputs":[{"label":"条件","localized_name":"条件","name":"CONDITIONING","type":"CONDITIONING","slot_index":0,"links":[62]}],"properties":{"cnr_id":"comfy-core","ver":"0.3.40","Node name for S&R":"CLIPTextEncode","widget_ue_connectable":{}},"widgets_values":["water mark",[false,true]]},{"id":15,"type":"SetNode","pos":[-349,-216],"size":[210,58],"flags":{"collapsed":true},"order":10,"mode":0,"inputs":[{"name":"IMAGE","type":"IMAGE","link":28}],"outputs":[{"label":"输出","name":"*","type":"*","links":null}],"properties":{"previousName":"InputImage","widget_ue_connectable":{}},"widgets_values":["InputImage"],"color":"#2a363b","bgcolor":"#3f5159"},{"id":5,"type":"SUPIR_first_stage","pos":[740,-169],"size":[297.7007751464844,170],"flags":{},"order":18,"mode":0,"inputs":[{"label":"SUPIR_VAE","localized_name":"SUPIR_VAE","name":"SUPIR_VAE","type":"SUPIRVAE","link":46},{"label":"图像","localized_name":"image","name":"image","type":"IMAGE","link":25},{"localized_name":"分块VAE","name":"use_tiled_vae","type":"BOOLEAN","widget":{"name":"use_tiled_vae"},"link":null},{"label":"编码分块尺寸","localized_name":"编码分块尺寸","name":"encoder_tile_size","type":"INT","widget":{"name":"encoder_tile_size"},"link":70},{"label":"解码分块尺寸","localized_name":"解码分块尺寸","name":"decoder_tile_size","type":"INT","widget":{"name":"decoder_tile_size"},"link":71},{"localized_name":"编码剪枝","name":"encoder_dtype","type":"COMBO","widget":{"name":"encoder_dtype"},"link":null}],"outputs":[{"label":"SUPIR_VAE","localized_name":"SUPIR_VAE","name":"SUPIR_VAE","type":"SUPIRVAE","slot_index":0,"links":[15]},{"label":"图像","localized_name":"denoised_image","name":"denoised_image","type":"IMAGE","slot_index":1,"links":[16]},{"label":"Latent","localized_name":"denoised_latents","name":"denoised_latents","type":"LATENT","slot_index":2,"links":[20]}],"properties":{"cnr_id":"comfyui-supir","ver":"29f2e8be0e9c32197ab6cf3a79a8c5776867d8f0","Node name for S&R":"SUPIR_first_stage","widget_ue_connectable":{"encoder_tile_size":true,"decoder_tile_size":true}},"widgets_values":[true,512,512,"auto"]},{"id":11,"type":"SUPIR_encode","pos":[1061,-163],"size":[246.84620666503906,155.03585815429688],"flags":{},"order":19,"mode":0,"inputs":[{"label":"SUPIR_VAE","localized_name":"SUPIR_VAE","name":"SUPIR_VAE","type":"SUPIRVAE","link":15},{"label":"图像","localized_name":"image","name":"image","type":"IMAGE","link":16},{"localized_name":"分块VAE","name":"use_tiled_vae","type":"BOOLEAN","widget":{"name":"use_tiled_vae"},"link":null},{"label":"编码分块尺寸","localized_name":"编码分块尺寸","name":"encoder_tile_size","type":"INT","widget":{"name":"encoder_tile_size"},"link":72},{"localized_name":"编码剪枝","name":"encoder_dtype","type":"COMBO","widget":{"name":"encoder_dtype"},"link":null}],"outputs":[{"label":"Latent","localized_name":"latent","name":"latent","type":"LATENT","slot_index":0,"links":[17]}],"properties":{"cnr_id":"comfyui-supir","ver":"29f2e8be0e9c32197ab6cf3a79a8c5776867d8f0","Node name for S&R":"SUPIR_encode","widget_ue_connectable":{"encoder_tile_size":true}},"widgets_values":[true,512,"auto"]},{"id":17,"type":"SetNode","pos":[801,53],"size":[210,58],"flags":{"collapsed":true},"order":17,"mode":0,"inputs":[{"name":"SUPIRVAE","type":"SUPIRVAE","link":45}],"outputs":[{"name":"SUPIRVAE","type":"SUPIRVAE","links":[46]}],"properties":{"previousName":"SUPIRVAE","widget_ue_connectable":{}},"widgets_values":["SUPIRVAE"]},{"id":12,"type":"Reroute","pos":[1106,25],"size":[124,26],"flags":{},"order":16,"mode":0,"inputs":[{"name":"","type":"*","link":44}],"outputs":[{"name":"SUPIRMODEL","type":"SUPIRMODEL","slot_index":0,"links":[22,23]}],"properties":{"showOutputText":true,"horizontal":false,"widget_ue_connectable":{}}},{"id":10,"type":"SUPIR_decode","pos":[1780,-103],"size":[258.0101318359375,102],"flags":{},"order":22,"mode":0,"inputs":[{"label":"SUPIR_VAE","localized_name":"SUPIR_VAE","name":"SUPIR_VAE","type":"SUPIRVAE","link":32},{"label":"Latent","localized_name":"latents","name":"latents","type":"LATENT","link":12},{"localized_name":"分块VAE","name":"use_tiled_vae","type":"BOOLEAN","widget":{"name":"use_tiled_vae"},"link":null},{"label":"解码分块尺寸","localized_name":"解码分块尺寸","name":"decoder_tile_size","type":"INT","widget":{"name":"decoder_tile_size"},"link":75}],"outputs":[{"label":"图像","localized_name":"image","name":"image","type":"IMAGE","slot_index":0,"links":[26]}],"properties":{"cnr_id":"comfyui-supir","ver":"29f2e8be0e9c32197ab6cf3a79a8c5776867d8f0","Node name for S&R":"SUPIR_decode","widget_ue_connectable":{"decoder_tile_size":true}},"widgets_values":[true,512]},{"id":14,"type":"ColorMatch","pos":[1792,49],"size":[255.9095916748047,102],"flags":{},"order":23,"mode":0,"inputs":[{"label":"参考图像","localized_name":"image_ref","name":"image_ref","type":"IMAGE","link":29},{"label":"目标图像","localized_name":"image_target","name":"image_target","type":"IMAGE","link":26},{"localized_name":"方法","name":"method","type":"COMBO","widget":{"name":"method"},"link":null},{"localized_name":"strength","name":"strength","shape":7,"type":"FLOAT","widget":{"name":"strength"},"link":null}],"outputs":[{"label":"图像","localized_name":"image","name":"image","type":"IMAGE","slot_index":0,"links":[49,69]}],"properties":{"cnr_id":"comfyui-kjnodes","ver":"5dcda71011870278c35d92ff77a677ed2e538f2d","Node name for S&R":"ColorMatch","widget_ue_connectable":{}},"widgets_values":["mkl",1]},{"id":29,"type":"Seed (rgthree)","pos":[1064,119],"size":[255.40321350097656,130],"flags":{},"order":1,"mode":0,"inputs":[],"outputs":[{"dir":4,"label":"随机种","name":"SEED","shape":3,"type":"INT","slot_index":0,"links":[58,59]}],"properties":{"cnr_id":"rgthree-comfy","ver":"6c5f7c95ed8487fe08e42bd0341cae6dc9c0f0ad","Node name for S&R":"Seed (rgthree)","widget_ue_connectable":{}},"widgets_values":[-1,null,null,null],"color":"#322","bgcolor":"#533"},{"id":32,"type":"ImpactInt","pos":[-378,324],"size":[244.58290100097656,58],"flags":{},"order":2,"mode":0,"inputs":[{"localized_name":"值","name":"value","type":"INT","widget":{"name":"value"},"link":null}],"outputs":[{"label":"整数","localized_name":"整数","name":"INT","type":"INT","slot_index":0,"links":[63,64]}],"properties":{"cnr_id":"comfyui-impact-pack","ver":"8.14.2","Node name for S&R":"ImpactInt","widget_ue_connectable":{}},"widgets_values":[2000],"color":"#322","bgcolor":"#533"},{"id":34,"type":"Image Comparer (rgthree)","pos":[1500,-1043],"size":[640.09912109375,589.1097412109375],"flags":{},"order":27,"mode":0,"inputs":[{"dir":3,"label":"图像_A","name":"image_a","type":"IMAGE","link":66},{"dir":3,"label":"图像_B","name":"image_b","type":"IMAGE","link":68}],"outputs":[],"properties":{"cnr_id":"rgthree-comfy","ver":"6c5f7c95ed8487fe08e42bd0341cae6dc9c0f0ad","comparer_mode":"Slide","widget_ue_connectable":{}},"widgets_values":[[{"name":"A","selected":true,"url":"/api/view?filename=rgthree.compare._temp_eroxm_00001_.png&type=temp&subfolder=&rand=0.7345533033081361"},{"name":"B","selected":true,"url":"/api/view?filename=rgthree.compare._temp_eroxm_00002_.png&type=temp&subfolder=&rand=0.07083432815865598"}]]},{"id":37,"type":"ImpactInt","pos":[430,234],"size":[248.16917419433594,58],"flags":{},"order":3,"mode":0,"inputs":[{"localized_name":"值","name":"value","type":"INT","widget":{"name":"value"},"link":null}],"outputs":[{"label":"整数","localized_name":"整数","name":"INT","type":"INT","slot_index":0,"links":[74]}],"properties":{"cnr_id":"comfyui-impact-pack","ver":"8.14.2","Node name for S&R":"ImpactInt","widget_ue_connectable":{}},"widgets_values":[512],"color":"#322","bgcolor":"#533"},{"id":36,"type":"ImpactInt","pos":[427,114],"size":[254.5851287841797,61.672119140625],"flags":{},"order":4,"mode":0,"inputs":[{"localized_name":"值","name":"value","type":"INT","widget":{"name":"value"},"link":null}],"outputs":[{"label":"整数","localized_name":"整数","name":"INT","type":"INT","slot_index":0,"links":[70,71,72,73,75]}],"properties":{"cnr_id":"comfyui-impact-pack","ver":"8.14.2","Node name for S&R":"ImpactInt","widget_ue_connectable":{}},"widgets_values":[1024],"color":"#322","bgcolor":"#533"},{"id":7,"type":"SUPIR_sample","pos":[1384,-158],"size":[337.0279541015625,454],"flags":{},"order":21,"mode":0,"inputs":[{"label":"SUPIR模型","localized_name":"SUPIR_model","name":"SUPIR_model","type":"SUPIRMODEL","link":23},{"label":"Latent","localized_name":"latents","name":"latents","type":"LATENT","link":17},{"label":"正面条件","localized_name":"positive","name":"positive","type":"SUPIR_cond_pos","link":8},{"label":"负面条件","localized_name":"negative","name":"negative","type":"SUPIR_cond_neg","link":9},{"label":"随机种","localized_name":"随机种","name":"seed","type":"INT","widget":{"name":"seed"},"link":58},{"localized_name":"步数","name":"steps","type":"INT","widget":{"name":"steps"},"link":null},{"localized_name":"起始CFG缩放","name":"cfg_scale_start","type":"FLOAT","widget":{"name":"cfg_scale_start"},"link":null},{"localized_name":"结束CFG缩放","name":"cfg_scale_end","type":"FLOAT","widget":{"name":"cfg_scale_end"},"link":null},{"localized_name":"EDM_s_churn","name":"EDM_s_churn","type":"INT","widget":{"name":"EDM_s_churn"},"link":null},{"localized_name":"噪波量","name":"s_noise","type":"FLOAT","widget":{"name":"s_noise"},"link":null},{"localized_name":"DPMPP_eta","name":"DPMPP_eta","type":"FLOAT","widget":{"name":"DPMPP_eta"},"link":null},{"localized_name":"起始控制缩放","name":"control_scale_start","type":"FLOAT","widget":{"name":"control_scale_start"},"link":null},{"localized_name":"结束控制缩放","name":"control_scale_end","type":"FLOAT","widget":{"name":"control_scale_end"},"link":null},{"localized_name":"恢复CFG","name":"restore_cfg","type":"FLOAT","widget":{"name":"restore_cfg"},"link":null},{"localized_name":"保持模型加载","name":"keep_model_loaded","type":"BOOLEAN","widget":{"name":"keep_model_loaded"},"link":null},{"localized_name":"采样器","name":"sampler","type":"COMBO","widget":{"name":"sampler"},"link":null},{"label":"采样器分块尺寸","localized_name":"采样器分块尺寸","name":"sampler_tile_size","shape":7,"type":"INT","widget":{"name":"sampler_tile_size"},"link":73},{"label":"采样器分块步长","localized_name":"采样器分块步长","name":"sampler_tile_stride","shape":7,"type":"INT","widget":{"name":"sampler_tile_stride"},"link":74}],"outputs":[{"label":"Latent","localized_name":"latent","name":"latent","type":"LATENT","slot_index":0,"links":[12]}],"properties":{"cnr_id":"comfyui-supir","ver":"29f2e8be0e9c32197ab6cf3a79a8c5776867d8f0","Node name for S&R":"SUPIR_sample","widget_ue_connectable":{"seed":true,"sampler_tile_size":true,"sampler_tile_stride":true}},"widgets_values":[174277455657960,"fixed",10,2,1.5,5,1.002,1,1,0.9,1,false,"RestoreDPMPP2MSampler",512,256],"color":"#322","bgcolor":"#533"},{"id":9,"type":"SUPIR_conditioner","pos":[746,110],"size":[286.7212219238281,284.2606506347656],"flags":{},"order":20,"mode":0,"inputs":[{"localized_name":"SUPIR_model","name":"SUPIR_model","type":"SUPIRMODEL","link":22},{"label":"Latent","localized_name":"latents","name":"latents","type":"LATENT","link":20},{"label":"captions","localized_name":"captions","name":"captions","shape":7,"type":"STRING","link":null},{"localized_name":"正面提示词","name":"positive_prompt","type":"STRING","widget":{"name":"positive_prompt"},"link":null},{"localized_name":"负面提示词","name":"negative_prompt","type":"STRING","widget":{"name":"negative_prompt"},"link":null}],"outputs":[{"label":"正面条件","localized_name":"positive","name":"positive","type":"SUPIR_cond_pos","slot_index":0,"links":[8]},{"label":"负面条件","localized_name":"negative","name":"negative","type":"SUPIR_cond_neg","slot_index":1,"links":[9]}],"properties":{"cnr_id":"comfyui-supir","ver":"29f2e8be0e9c32197ab6cf3a79a8c5776867d8f0","Node name for S&R":"SUPIR_conditioner","widget_ue_connectable":{}},"widgets_values":["high quality, detailed, photograph","bad quality, blurry, messy","",[false,true]],"color":"#322","bgcolor":"#533"},{"id":16,"type":"GetNode","pos":[1813,214],"size":[210,58],"flags":{"collapsed":true},"order":5,"mode":0,"inputs":[],"outputs":[{"name":"IMAGE","type":"IMAGE","links":[29]}],"title":"Get_InputImage","properties":{"widget_ue_connectable":{}},"widgets_values":["InputImage"],"color":"#2a363b","bgcolor":"#3f5159"},{"id":35,"type":"SaveImage","pos":[360,-1038],"size":[485.7738037109375,571.880859375],"flags":{},"order":25,"mode":0,"inputs":[{"label":"图像","localized_name":"图片","name":"images","type":"IMAGE","link":69},{"localized_name":"文件名前缀","name":"filename_prefix","type":"STRING","widget":{"name":"filename_prefix"},"link":null}],"outputs":[],"properties":{"cnr_id":"comfy-core","ver":"0.3.40","Node name for S&R":"SaveImage","widget_ue_connectable":{}},"widgets_values":["ComfyUI"]},{"id":33,"type":"SaveImage","pos":[926,-1038],"size":[468.7818908691406,575.1431884765625],"flags":{},"order":26,"mode":0,"inputs":[{"label":"图像","localized_name":"图片","name":"images","type":"IMAGE","link":65},{"localized_name":"文件名前缀","name":"filename_prefix","type":"STRING","widget":{"name":"filename_prefix"},"link":null}],"outputs":[],"properties":{"cnr_id":"comfy-core","ver":"0.3.40","Node name for S&R":"SaveImage","widget_ue_connectable":{}},"widgets_values":["ComfyUI"]},{"id":23,"type":"Display Int (rgthree)","pos":[215.2644805908203,318.2491760253906],"size":[210,88],"flags":{},"order":14,"mode":0,"inputs":[{"dir":3,"label":"输入","localized_name":"input","name":"input","type":"INT","link":47}],"outputs":[],"properties":{"cnr_id":"rgthree-comfy","ver":"6c5f7c95ed8487fe08e42bd0341cae6dc9c0f0ad","Node name for S&R":"Display Int (rgthree)","widget_ue_connectable":{}},"widgets_values":["1984"]},{"id":24,"type":"Display Int (rgthree)","pos":[-67.49541473388672,307.3814697265625],"size":[210,88],"flags":{},"order":15,"mode":0,"inputs":[{"dir":3,"label":"输入","localized_name":"input","name":"input","type":"INT","link":48}],"outputs":[],"properties":{"cnr_id":"rgthree-comfy","ver":"6c5f7c95ed8487fe08e42bd0341cae6dc9c0f0ad","Node name for S&R":"Display Int (rgthree)","widget_ue_connectable":{}},"widgets_values":["1472"]},{"id":13,"type":"ImageResize+","pos":[-36.67683029174805,1.782667636871338],"size":[315,218],"flags":{},"order":9,"mode":0,"inputs":[{"label":"图像","localized_name":"image","name":"image","type":"IMAGE","link":24},{"label":"宽度","localized_name":"宽度","name":"width","type":"INT","widget":{"name":"width"},"link":63},{"label":"高度","localized_name":"高度","name":"height","type":"INT","widget":{"name":"height"},"link":64},{"localized_name":"插值","name":"interpolation","type":"COMBO","widget":{"name":"interpolation"},"link":null},{"localized_name":"method","name":"method","type":"COMBO","widget":{"name":"method"},"link":null},{"localized_name":"条件","name":"condition","type":"COMBO","widget":{"name":"condition"},"link":null},{"localized_name":"乘数","name":"multiple_of","type":"INT","widget":{"name":"multiple_of"},"link":null}],"outputs":[{"label":"图像","localized_name":"图像","name":"IMAGE","type":"IMAGE","slot_index":0,"links":[25]},{"label":"宽度","localized_name":"width","name":"width","type":"INT","slot_index":1,"links":[47]},{"label":"高度","localized_name":"height","name":"height","type":"INT","slot_index":2,"links":[48]}],"properties":{"cnr_id":"comfyui_essentials","ver":"9d9f4bedfc9f0321c19faf71855e228c93bd0dc9","Node name for S&R":"ImageResize+","widget_ue_connectable":{"width":true,"height":true}},"widgets_values":[2000,2000,"lanczos","keep proportion","always",32]},{"id":2,"type":"LoadImage","pos":[-506.67681884765625,-168.2173309326172],"size":[415.0420837402344,420.9626770019531],"flags":{},"order":6,"mode":0,"inputs":[{"localized_name":"图像","name":"image","type":"COMBO","widget":{"name":"image"},"link":null},{"localized_name":"选择文件上传","name":"upload","type":"IMAGEUPLOAD","widget":{"name":"upload"},"link":null}],"outputs":[{"label":"图像","localized_name":"图像","name":"IMAGE","type":"IMAGE","slot_index":0,"links":[24,28,66]},{"label":"遮罩","localized_name":"遮罩","name":"MASK","type":"MASK","links":null}],"properties":{"cnr_id":"comfy-core","ver":"0.3.40","Node name for S&R":"LoadImage","widget_ue_connectable":{}},"widgets_values":["20250320134500.jpg","image"]},{"id":22,"type":"CheckpointLoaderSimple","pos":[-46.67683029174805,-168.2173309326172],"size":[462.05291748046875,99.07946014404297],"flags":{},"order":7,"mode":0,"inputs":[{"localized_name":"Checkpoint名称","name":"ckpt_name","type":"COMBO","widget":{"name":"ckpt_name"},"link":null}],"outputs":[{"label":"模型","localized_name":"模型","name":"MODEL","type":"MODEL","slot_index":0,"links":[35,52]},{"label":"CLIP","localized_name":"CLIP","name":"CLIP","type":"CLIP","slot_index":1,"links":[39,56,61]},{"label":"VAE","localized_name":"VAE","name":"VAE","type":"VAE","slot_index":2,"links":[40,51]}],"properties":{"cnr_id":"comfy-core","ver":"0.3.40","Node name for S&R":"CheckpointLoaderSimple","widget_ue_connectable":{}},"widgets_values":["juggernautXL_v9Rdphoto2Lightning.safetensors"]},{"id":21,"type":"SUPIR_model_loader_v2","pos":[417,-169],"size":[289.0464172363281,170],"flags":{},"order":13,"mode":0,"inputs":[{"label":"模型","localized_name":"model","name":"model","type":"MODEL","link":35},{"label":"CLIP","localized_name":"clip","name":"clip","type":"CLIP","link":39},{"label":"VAE","localized_name":"vae","name":"vae","type":"VAE","link":40},{"localized_name":"SUPIR模型","name":"supir_model","type":"COMBO","widget":{"name":"supir_model"},"link":null},{"localized_name":"fp8_unet","name":"fp8_unet","type":"BOOLEAN","widget":{"name":"fp8_unet"},"link":null},{"localized_name":"剪枝类型","name":"diffusion_dtype","type":"COMBO","widget":{"name":"diffusion_dtype"},"link":null},{"localized_name":"高显存","name":"high_vram","shape":7,"type":"BOOLEAN","widget":{"name":"high_vram"},"link":null}],"outputs":[{"label":"SUPIR模型","localized_name":"SUPIR_model","name":"SUPIR_model","type":"SUPIRMODEL","slot_index":0,"links":[44]},{"label":"SUPIR_VAE","localized_name":"SUPIR_VAE","name":"SUPIR_VAE","type":"SUPIRVAE","slot_index":1,"links":[45]}],"properties":{"cnr_id":"comfyui-supir","ver":"29f2e8be0e9c32197ab6cf3a79a8c5776867d8f0","Node name for S&R":"SUPIR_model_loader_v2","widget_ue_connectable":{}},"widgets_values":["supir\\SUPIR-v0Q.ckpt",false,"auto",false]},{"id":26,"type":"UpscaleModelLoader","pos":[2326,330],"size":[315,58],"flags":{},"order":8,"mode":0,"inputs":[{"localized_name":"放大模型名称","name":"model_name","type":"COMBO","widget":{"name":"model_name"},"link":null}],"outputs":[{"label":"放大模型","localized_name":"放大模型","name":"UPSCALE_MODEL","type":"UPSCALE_MODEL","links":[50]}],"properties":{"cnr_id":"comfy-core","ver":"0.3.40","Node name for S&R":"UpscaleModelLoader","widget_ue_connectable":{}},"widgets_values":["4x-UltraSharp.pth"]}],"links":[[8,9,0,7,2,"SUPIR_cond_pos"],[9,9,1,7,3,"SUPIR_cond_neg"],[12,7,0,10,1,"LATENT"],[15,5,0,11,0,"SUPIRVAE"],[16,5,1,11,1,"IMAGE"],[17,11,0,7,1,"LATENT"],[20,5,2,9,1,"LATENT"],[22,12,0,9,0,"SUPIRMODEL"],[23,12,0,7,0,"SUPIRMODEL"],[24,2,0,13,0,"IMAGE"],[25,13,0,5,1,"IMAGE"],[26,10,0,14,1,"IMAGE"],[28,2,0,15,0,"*"],[29,16,0,14,0,"IMAGE"],[32,19,0,10,0,"SUPIRVAE"],[35,22,0,21,0,"MODEL"],[39,22,1,21,1,"CLIP"],[40,22,2,21,2,"VAE"],[44,21,0,12,0,"*"],[45,21,1,17,0,"SUPIRVAE"],[46,17,0,5,0,"SUPIRVAE"],[47,13,1,23,0,"INT"],[48,13,2,24,0,"INT"],[49,14,0,25,0,"IMAGE"],[50,26,0,25,5,"UPSCALE_MODEL"],[51,22,2,25,4,"VAE"],[52,22,0,25,1,"MODEL"],[54,27,0,25,2,"CONDITIONING"],[56,22,1,27,0,"CLIP"],[58,29,0,7,4,"INT"],[59,29,0,25,7,"INT"],[61,22,1,31,0,"CLIP"],[62,31,0,25,3,"CONDITIONING"],[63,32,0,13,1,"INT"],[64,32,0,13,2,"INT"],[65,25,0,33,0,"IMAGE"],[66,2,0,34,0,"IMAGE"],[68,25,0,34,1,"IMAGE"],[69,14,0,35,0,"IMAGE"],[70,36,0,5,3,"INT"],[71,36,0,5,4,"INT"],[72,36,0,11,3,"INT"],[73,36,0,7,16,"INT"],[74,37,0,7,17,"INT"],[75,36,0,10,3,"INT"]],"groups":[{"id":1,"title":"2k by supir","bounding":[-549,-308,2673,743],"color":"#3f789e","font_size":36,"flags":{}},{"id":2,"title":"8K by Upscale","bounding":[2185,-311,996,743],"color":"#3f789e","font_size":36,"flags":{}},{"id":3,"title":"2k","bounding":[326,-1131,545,695],"color":"#3f789e","font_size":24,"flags":{}},{"id":4,"title":"8K","bounding":[892,-1134,552,697],"color":"#3f789e","font_size":24,"flags":{}},{"id":5,"title":"Compare","bounding":[1464,-1136,719,698],"color":"#3f789e","font_size":24,"flags":{}}],"config":{},"extra":{"ds":{"scale":2.752159070178669,"offset":[-1366.8868786777898,895.1615690194262]},"node_versions":{"comfyui_UltimateSDUpscale":"ff3fdfeee03de46d4462211cffd165d27155e858","comfy-core":"0.3.18","comfyui-supir":"1.0.1","comfyui-KJNodes":"9a3434ffa335a16949aa4c3196a2cd37ba7b4876","rgthree-comfy":"5d771b8b56a343c24a26e8cea1f0c87c3d58102f","comfyui-Impact-Pack":"1ae7cae2df8cca06027edfa3a24512671239d6c4","comfyui_essentials":"33ff89fd354d8ec3ab6affb605a79a931b445d99"},"ue_links":[],"links_added_by_ue":[]},"version":0.4}