{
  "last_node_id": 701,
  "last_link_id": 1494,
  "nodes": [
    {
      "id": 693,
      "type": "easy imageScaleDownToSize",
      "pos": [
        -6401.3779296875,
        -3296.40380859375
      ],
      "size": [
        315,
        102
      ],
      "flags": {
        "collapsed": true
      },
      "order": 13,
      "mode": 0,
      "inputs": [
        {
          "name": "images",
          "label": "图像",
          "type": "IMAGE",
          "link": 1479
        },
        {
          "name": "size",
          "type": "INT",
          "widget": {
            "name": "size"
          },
          "link": 1489
        }
      ],
      "outputs": [
        {
          "name": "IMAGE",
          "label": "图像",
          "type": "IMAGE",
          "links": [
            1481
          ],
          "slot_index": 0
        }
      ],
      "properties": {
        "cnr_id": "comfyui-easy-use",
        "ver": "1.2.8",
        "Node name for S&R": "easy imageScaleDownToSize"
      },
      "widgets_values": [
        942,
        true
      ]
    },
    {
      "id": 432,
      "type": "ImageAndMaskPreview",
      "pos": [
        -5983.88037109375,
        -3392.1357421875
      ],
      "size": [
        210,
        126
      ],
      "flags": {
        "collapsed": true
      },
      "order": 20,
      "mode": 0,
      "inputs": [
        {
          "name": "image",
          "label": "图像",
          "type": "IMAGE",
          "shape": 7,
          "link": 1372
        },
        {
          "name": "mask",
          "label": "遮罩",
          "type": "MASK",
          "shape": 7,
          "link": 1484
        }
      ],
      "outputs": [
        {
          "name": "composite",
          "label": "图像",
          "type": "IMAGE",
          "links": [
            926
          ],
          "slot_index": 0
        }
      ],
      "properties": {
        "cnr_id": "comfyui-kjnodes",
        "ver": "263961539ee6d374fa145175fee9b21dbd88f00c",
        "Node name for S&R": "ImageAndMaskPreview",
        "ttNbgOverride": {
          "bgcolor": "#3f5159",
          "groupcolor": "#3f789e",
          "color": "#2a363b"
        }
      },
      "widgets_values": [
        0.5,
        "0, 0, 255",
        true
      ],
      "color": "#2a363b",
      "bgcolor": "#3f5159"
    },
    {
      "id": 429,
      "type": "AddMask",
      "pos": [
        -5950.40380859375,
        -3466.068359375
      ],
      "size": [
        184.8000030517578,
        46
      ],
      "flags": {
        "collapsed": true
      },
      "order": 24,
      "mode": 0,
      "inputs": [
        {
          "name": "mask1",
          "label": "遮罩1",
          "type": "MASK",
          "link": 1483
        },
        {
          "name": "mask2",
          "label": "遮罩2",
          "type": "MASK",
          "link": 925
        }
      ],
      "outputs": [
        {
          "name": "MASK",
          "label": "遮罩",
          "type": "MASK",
          "links": [
            1490,
            1491
          ],
          "slot_index": 0
        }
      ],
      "properties": {
        "cnr_id": "comfyui-impact-pack",
        "ver": "0e3e6a193a68748b5e68cfd19fb6c7d92b2fac57",
        "Node name for S&R": "AddMask",
        "ttNbgOverride": {
          "bgcolor": "#3f5159",
          "groupcolor": "#3f789e",
          "color": "#2a363b"
        }
      },
      "widgets_values": [],
      "color": "#2a363b",
      "bgcolor": "#3f5159"
    },
    {
      "id": 380,
      "type": "LayerUtility: ImageBlend",
      "pos": [
        -5951.263671875,
        -3330.6572265625
      ],
      "size": [
        210,
        146
      ],
      "flags": {
        "collapsed": true
      },
      "order": 27,
      "mode": 0,
      "inputs": [
        {
          "name": "background_image",
          "label": "背景图像",
          "type": "IMAGE",
          "link": 1482
        },
        {
          "name": "layer_image",
          "label": "图像层",
          "type": "IMAGE",
          "link": 979
        },
        {
          "name": "layer_mask",
          "label": "遮罩层",
          "type": "MASK",
          "shape": 7,
          "link": 1490
        }
      ],
      "outputs": [
        {
          "name": "image",
          "label": "图像",
          "type": "IMAGE",
          "links": [
            868
          ],
          "slot_index": 0
        }
      ],
      "properties": {
        "cnr_id": "comfyui_layerstyle",
        "ver": "7b326d13e43fc4022cd80e472c7af67027409b1e",
        "Node name for S&R": "LayerUtility: ImageBlend"
      },
      "widgets_values": [
        true,
        "normal",
        100
      ],
      "color": "rgba(38, 73, 116, 0.7)"
    },
    {
      "id": 316,
      "type": "LayerUtility: CropByMask V2",
      "pos": [
        -5986.97314453125,
        -3464.60009765625
      ],
      "size": [
        226.8000030517578,
        262
      ],
      "flags": {
        "collapsed": true
      },
      "order": 29,
      "mode": 0,
      "inputs": [
        {
          "name": "image",
          "label": "图像",
          "type": "IMAGE",
          "link": 868
        },
        {
          "name": "mask",
          "label": "mask",
          "type": "MASK",
          "link": 1491
        },
        {
          "name": "crop_box",
          "label": "裁剪框",
          "type": "BOX",
          "shape": 7
        }
      ],
      "outputs": [
        {
          "name": "croped_image",
          "label": "裁剪图像",
          "type": "IMAGE",
          "links": [
            1365,
            1443
          ],
          "slot_index": 0
        },
        {
          "name": "croped_mask",
          "label": "裁剪遮罩",
          "type": "MASK",
          "links": [],
          "slot_index": 1
        },
        {
          "name": "crop_box",
          "label": "裁剪框",
          "type": "BOX"
        },
        {
          "name": "box_preview",
          "label": "裁剪框预览",
          "type": "IMAGE"
        }
      ],
      "properties": {
        "cnr_id": "comfyui_layerstyle",
        "ver": "7b326d13e43fc4022cd80e472c7af67027409b1e",
        "Node name for S&R": "LayerUtility: CropByMask V2"
      },
      "widgets_values": [
        false,
        "mask_area",
        32,
        32,
        32,
        32,
        "None"
      ],
      "color": "rgba(38, 73, 116, 0.7)"
    },
    {
      "id": 455,
      "type": "LayerUtility: ColorImage V2",
      "pos": [
        -5993.11328125,
        -3353.939208984375
      ],
      "size": [
        226.8000030517578,
        130
      ],
      "flags": {
        "collapsed": true
      },
      "order": 12,
      "mode": 0,
      "inputs": [
        {
          "name": "size_as",
          "label": "参考大小",
          "type": "*",
          "shape": 7,
          "link": 1373
        }
      ],
      "outputs": [
        {
          "name": "image",
          "label": "图像",
          "type": "IMAGE",
          "links": [
            979
          ],
          "slot_index": 0
        }
      ],
      "properties": {
        "cnr_id": "comfyui_layerstyle",
        "ver": "7b326d13e43fc4022cd80e472c7af67027409b1e",
        "Node name for S&R": "LayerUtility: ColorImage V2"
      },
      "widgets_values": [
        "custom",
        512,
        512,
        "#FFFFFF"
      ],
      "color": "rgba(38, 73, 116, 0.7)"
    },
    {
      "id": 409,
      "type": "Mask Fill Holes",
      "pos": [
        -6183.14306640625,
        -2792.57958984375
      ],
      "size": [
        140,
        26
      ],
      "flags": {
        "collapsed": true
      },
      "order": 15,
      "mode": 0,
      "inputs": [
        {
          "name": "masks",
          "label": "遮罩",
          "type": "MASK",
          "link": 888
        }
      ],
      "outputs": [
        {
          "name": "MASKS",
          "label": "遮罩",
          "type": "MASK",
          "links": [
            886
          ],
          "slot_index": 0
        }
      ],
      "properties": {
        "cnr_id": "was-node-suite-comfyui",
        "ver": "9ae952b1b435d2bd846bfe6516919b5a8b9201aa",
        "Node name for S&R": "Mask Fill Holes",
        "ttNbgOverride": {
          "bgcolor": "#3f5159",
          "groupcolor": "#3f789e",
          "color": "#2a363b"
        }
      },
      "widgets_values": [],
      "color": "#2a363b",
      "bgcolor": "#3f5159"
    },
    {
      "id": 408,
      "type": "MaskToImage",
      "pos": [
        -6182.62451171875,
        -2701.118896484375
      ],
      "size": [
        140,
        26
      ],
      "flags": {
        "collapsed": true
      },
      "order": 18,
      "mode": 0,
      "inputs": [
        {
          "name": "mask",
          "label": "遮罩",
          "type": "MASK",
          "link": 886
        }
      ],
      "outputs": [
        {
          "name": "IMAGE",
          "label": "图像",
          "type": "IMAGE",
          "links": [
            943
          ],
          "slot_index": 0
        }
      ],
      "properties": {
        "cnr_id": "comfy-core",
        "ver": "0.3.26",
        "Node name for S&R": "MaskToImage",
        "ttNbgOverride": {
          "bgcolor": "#3f5159",
          "groupcolor": "#3f789e",
          "color": "#2a363b"
        }
      },
      "widgets_values": [],
      "color": "#2a363b",
      "bgcolor": "#3f5159"
    },
    {
      "id": 407,
      "type": "ImageToMask",
      "pos": [
        -6243.50048828125,
        -2629.990966796875
      ],
      "size": [
        210,
        58
      ],
      "flags": {
        "collapsed": true
      },
      "order": 21,
      "mode": 0,
      "inputs": [
        {
          "name": "image",
          "label": "图像",
          "type": "IMAGE",
          "link": 943
        }
      ],
      "outputs": [
        {
          "name": "MASK",
          "label": "遮罩",
          "type": "MASK",
          "links": [
            1423,
            1424
          ],
          "slot_index": 0
        }
      ],
      "properties": {
        "cnr_id": "comfy-core",
        "ver": "0.3.26",
        "Node name for S&R": "ImageToMask",
        "ttNbgOverride": {
          "bgcolor": "#3f5159",
          "groupcolor": "#3f789e",
          "color": "#2a363b"
        }
      },
      "widgets_values": [
        "red"
      ],
      "color": "#2a363b",
      "bgcolor": "#3f5159"
    },
    {
      "id": 499,
      "type": "ImageAndMaskPreview",
      "pos": [
        -6225.8828125,
        -2731.8515625
      ],
      "size": [
        210,
        126
      ],
      "flags": {
        "collapsed": true
      },
      "order": 26,
      "mode": 0,
      "inputs": [
        {
          "name": "image",
          "label": "图像",
          "type": "IMAGE",
          "shape": 7,
          "link": 1065
        },
        {
          "name": "mask",
          "label": "遮罩",
          "type": "MASK",
          "shape": 7,
          "link": 1425
        }
      ],
      "outputs": [
        {
          "name": "composite",
          "label": "图像",
          "type": "IMAGE",
          "links": [],
          "slot_index": 0
        }
      ],
      "properties": {
        "cnr_id": "comfyui-kjnodes",
        "ver": "263961539ee6d374fa145175fee9b21dbd88f00c",
        "Node name for S&R": "ImageAndMaskPreview",
        "ttNbgOverride": {
          "bgcolor": "#3f5159",
          "groupcolor": "#3f789e",
          "color": "#2a363b"
        }
      },
      "widgets_values": [
        0.6,
        "0,0,255",
        true
      ],
      "color": "#2a363b",
      "bgcolor": "#3f5159"
    },
    {
      "id": 326,
      "type": "Get Image Size",
      "pos": [
        -6243.87548828125,
        -2571.893798828125
      ],
      "size": [
        210,
        46
      ],
      "flags": {
        "collapsed": true
      },
      "order": 25,
      "mode": 0,
      "inputs": [
        {
          "name": "image",
          "label": "图像",
          "type": "IMAGE",
          "link": 698
        }
      ],
      "outputs": [
        {
          "name": "width",
          "label": "width",
          "type": "INT",
          "links": [
            677,
            1458
          ],
          "slot_index": 0
        },
        {
          "name": "height",
          "label": "height",
          "type": "INT",
          "links": [
            678,
            1459
          ],
          "slot_index": 1
        }
      ],
      "properties": {
        "cnr_id": "masquerade",
        "ver": "432cb4d146a391b387a0cd25ace824328b5b61cf",
        "Node name for S&R": "Get Image Size",
        "ttNbgOverride": {
          "bgcolor": "#3f5159",
          "groupcolor": "#3f789e",
          "color": "#2a363b"
        }
      },
      "widgets_values": [],
      "color": "#2a363b",
      "bgcolor": "#3f5159"
    },
    {
      "id": 363,
      "type": "LayerUtility: ImageScaleByAspectRatio V2",
      "pos": [
        -6172.81298828125,
        -2666.20947265625
      ],
      "size": [
        336,
        330
      ],
      "flags": {
        "collapsed": true
      },
      "order": 33,
      "mode": 0,
      "inputs": [
        {
          "name": "image",
          "label": "图像",
          "type": "IMAGE",
          "shape": 7,
          "link": 1365
        },
        {
          "name": "mask",
          "label": "遮罩",
          "type": "MASK",
          "shape": 7
        },
        {
          "name": "proportional_width",
          "label": "proportional_width",
          "type": "INT",
          "widget": {
            "name": "proportional_width"
          },
          "link": 1458
        },
        {
          "name": "proportional_height",
          "label": "proportional_height",
          "type": "INT",
          "widget": {
            "name": "proportional_height"
          },
          "link": 1459
        },
        {
          "name": "scale_to_length",
          "label": "scale_to_length",
          "type": "INT",
          "widget": {
            "name": "scale_to_length"
          },
          "link": 1461
        }
      ],
      "outputs": [
        {
          "name": "image",
          "label": "图像",
          "type": "IMAGE",
          "links": [
            763,
            1110
          ],
          "slot_index": 0
        },
        {
          "name": "mask",
          "label": "遮罩",
          "type": "MASK",
          "links": [],
          "slot_index": 1
        },
        {
          "name": "original_size",
          "label": "原始大小",
          "type": "BOX",
          "slot_index": 2
        },
        {
          "name": "width",
          "label": "width",
          "type": "INT",
          "links": [
            1468
          ]
        },
        {
          "name": "height",
          "label": "height",
          "type": "INT",
          "links": [
            1469
          ]
        }
      ],
      "properties": {
        "cnr_id": "comfyui_layerstyle",
        "ver": "7b326d13e43fc4022cd80e472c7af67027409b1e",
        "Node name for S&R": "LayerUtility: ImageScaleByAspectRatio V2"
      },
      "widgets_values": [
        "custom",
        100,
        50,
        "letterbox",
        "bilinear",
        "8",
        "width",
        512,
        "#FFFFFF"
      ],
      "color": "rgba(38, 73, 116, 0.7)"
    },
    {
      "id": 324,
      "type": "CutForInpaint",
      "pos": [
        -6249.60498046875,
        -2508.951171875
      ],
      "size": [
        210,
        142
      ],
      "flags": {
        "collapsed": true
      },
      "order": 28,
      "mode": 0,
      "inputs": [
        {
          "name": "image",
          "label": "图像",
          "type": "IMAGE",
          "link": 673
        },
        {
          "name": "mask",
          "label": "遮罩",
          "type": "MASK",
          "link": 1424
        },
        {
          "name": "width",
          "label": "width",
          "type": "INT",
          "widget": {
            "name": "width"
          },
          "link": 677
        },
        {
          "name": "height",
          "label": "height",
          "type": "INT",
          "widget": {
            "name": "height"
          },
          "link": 678
        }
      ],
      "outputs": [
        {
          "name": "image",
          "label": "图像",
          "type": "IMAGE",
          "links": [
            1095,
            1109,
            1448
          ],
          "slot_index": 0
        },
        {
          "name": "mask",
          "label": "遮罩",
          "type": "MASK",
          "links": [
            1024,
            1398,
            1474
          ],
          "slot_index": 1
        },
        {
          "name": "origin",
          "label": "origin",
          "type": "VECTOR",
          "links": [
            1249
          ],
          "slot_index": 2
        }
      ],
      "properties": {
        "cnr_id": "comfyui-brushnet",
        "ver": "e237b6e64f50fc07143d3271be316933e1abecaa",
        "Node name for S&R": "CutForInpaint",
        "ttNbgOverride": {
          "bgcolor": "#3f5159",
          "groupcolor": "#3f789e",
          "color": "#2a363b"
        }
      },
      "widgets_values": [
        2048,
        2048
      ],
      "color": "#2a363b",
      "bgcolor": "#3f5159"
    },
    {
      "id": 333,
      "type": "LayerUtility: CropByMask V2",
      "pos": [
        -6092.302734375,
        -2705.601318359375
      ],
      "size": [
        228.39999389648438,
        322
      ],
      "flags": {
        "collapsed": true
      },
      "order": 23,
      "mode": 0,
      "inputs": [
        {
          "name": "image",
          "label": "图像",
          "type": "IMAGE",
          "link": 696
        },
        {
          "name": "mask",
          "label": "mask",
          "type": "MASK",
          "link": 1423
        },
        {
          "name": "crop_box",
          "label": "裁剪框",
          "type": "BOX",
          "shape": 7
        }
      ],
      "outputs": [
        {
          "name": "croped_image",
          "label": "裁剪图像",
          "type": "IMAGE",
          "links": [
            698,
            1065
          ],
          "slot_index": 0
        },
        {
          "name": "croped_mask",
          "label": "裁剪遮罩",
          "type": "MASK",
          "links": [
            1425
          ],
          "slot_index": 1
        },
        {
          "name": "crop_box",
          "label": "裁剪框",
          "type": "BOX"
        },
        {
          "name": "box_preview",
          "label": "裁剪框预览",
          "type": "IMAGE"
        }
      ],
      "properties": {
        "cnr_id": "comfyui_layerstyle",
        "ver": "7b326d13e43fc4022cd80e472c7af67027409b1e",
        "Node name for S&R": "LayerUtility: CropByMask V2"
      },
      "widgets_values": [
        false,
        "mask_area",
        64,
        64,
        64,
        64,
        "8"
      ],
      "color": "#322",
      "bgcolor": "#533"
    },
    {
      "id": 685,
      "type": "easy mathInt",
      "pos": [
        -6141.1953125,
        -2841.5869140625
      ],
      "size": [
        210,
        106
      ],
      "flags": {
        "collapsed": true
      },
      "order": 14,
      "mode": 0,
      "inputs": [
        {
          "name": "a",
          "label": "a",
          "type": "INT",
          "widget": {
            "name": "a"
          },
          "link": 1492
        }
      ],
      "outputs": [
        {
          "name": "INT",
          "label": "整数",
          "type": "INT",
          "links": [
            1461
          ]
        }
      ],
      "properties": {
        "cnr_id": "comfyui-easy-use",
        "ver": "4f694195a28c20ace34cd0ed5e747bebaf5cb8a7",
        "Node name for S&R": "easy mathInt"
      },
      "widgets_values": [
        0,
        2,
        "divide"
      ]
    },
    {
      "id": 517,
      "type": "ImageConcanate",
      "pos": [
        -5926.23876953125,
        -2849.91162109375
      ],
      "size": [
        210,
        102
      ],
      "flags": {
        "collapsed": true
      },
      "order": 36,
      "mode": 0,
      "inputs": [
        {
          "name": "image1",
          "label": "图像_1",
          "type": "IMAGE",
          "link": 1110
        },
        {
          "name": "image2",
          "label": "图像_2",
          "type": "IMAGE",
          "link": 1109
        }
      ],
      "outputs": [
        {
          "name": "IMAGE",
          "label": "图像",
          "type": "IMAGE",
          "links": [
            1463,
            1465
          ],
          "slot_index": 0
        }
      ],
      "properties": {
        "cnr_id": "comfyui-kjnodes",
        "ver": "263961539ee6d374fa145175fee9b21dbd88f00c",
        "Node name for S&R": "ImageConcanate"
      },
      "widgets_values": [
        "right",
        true
      ],
      "color": "#322",
      "bgcolor": "#533"
    },
    {
      "id": 202,
      "type": "EmptyImage",
      "pos": [
        -6012.896484375,
        -2718.0751953125
      ],
      "size": [
        210,
        150
      ],
      "flags": {
        "collapsed": true
      },
      "order": 37,
      "mode": 0,
      "inputs": [
        {
          "name": "width",
          "label": "width",
          "type": "INT",
          "widget": {
            "name": "width"
          },
          "link": 1468
        },
        {
          "name": "height",
          "label": "height",
          "type": "INT",
          "widget": {
            "name": "height"
          },
          "link": 1469
        }
      ],
      "outputs": [
        {
          "name": "IMAGE",
          "label": "图像",
          "type": "IMAGE",
          "links": [
            1153
          ],
          "slot_index": 0
        }
      ],
      "properties": {
        "cnr_id": "comfy-core",
        "ver": "0.3.26",
        "Node name for S&R": "EmptyImage",
        "ttNbgOverride": {
          "bgcolor": "#3f5159",
          "groupcolor": "#3f789e",
          "color": "#2a363b"
        }
      },
      "widgets_values": [
        512,
        512,
        1,
        0
      ],
      "color": "#2a363b",
      "bgcolor": "#3f5159"
    },
    {
      "id": 522,
      "type": "ImageConcanate",
      "pos": [
        -6057.60888671875,
        -2782.16259765625
      ],
      "size": [
        210,
        102
      ],
      "flags": {
        "collapsed": true
      },
      "order": 40,
      "mode": 0,
      "inputs": [
        {
          "name": "image1",
          "label": "图像_1",
          "type": "IMAGE",
          "link": 1153
        },
        {
          "name": "image2",
          "label": "图像_2",
          "type": "IMAGE",
          "link": 1155
        }
      ],
      "outputs": [
        {
          "name": "IMAGE",
          "label": "图像",
          "type": "IMAGE",
          "links": [
            1467
          ],
          "slot_index": 0
        }
      ],
      "properties": {
        "cnr_id": "comfyui-kjnodes",
        "ver": "263961539ee6d374fa145175fee9b21dbd88f00c",
        "Node name for S&R": "ImageConcanate"
      },
      "widgets_values": [
        "right",
        true
      ],
      "color": "#322",
      "bgcolor": "#533"
    },
    {
      "id": 201,
      "type": "MaskToImage",
      "pos": [
        -6051.30615234375,
        -2592.647705078125
      ],
      "size": [
        140,
        26
      ],
      "flags": {
        "collapsed": true
      },
      "order": 32,
      "mode": 0,
      "inputs": [
        {
          "name": "mask",
          "label": "遮罩",
          "type": "MASK",
          "link": 1024
        }
      ],
      "outputs": [
        {
          "name": "IMAGE",
          "label": "图像",
          "type": "IMAGE",
          "links": [
            1155
          ],
          "slot_index": 0
        }
      ],
      "properties": {
        "cnr_id": "comfy-core",
        "ver": "0.3.26",
        "Node name for S&R": "MaskToImage",
        "ttNbgOverride": {
          "bgcolor": "#3f5159",
          "groupcolor": "#3f789e",
          "color": "#2a363b"
        }
      },
      "widgets_values": [],
      "color": "#2a363b",
      "bgcolor": "#3f5159"
    },
    {
      "id": 203,
      "type": "ImageToMask",
      "pos": [
        -6096.0400390625,
        -2620.024169921875
      ],
      "size": [
        210,
        58
      ],
      "flags": {
        "collapsed": true
      },
      "order": 43,
      "mode": 0,
      "inputs": [
        {
          "name": "image",
          "label": "图像",
          "type": "IMAGE",
          "link": 1467
        }
      ],
      "outputs": [
        {
          "name": "MASK",
          "label": "遮罩",
          "type": "MASK",
          "links": [
            1408
          ],
          "slot_index": 0
        }
      ],
      "properties": {
        "cnr_id": "comfy-core",
        "ver": "0.3.26",
        "Node name for S&R": "ImageToMask",
        "ttNbgOverride": {
          "bgcolor": "#3f5159",
          "groupcolor": "#3f789e",
          "color": "#2a363b"
        }
      },
      "widgets_values": [
        "red"
      ],
      "color": "#2a363b",
      "bgcolor": "#3f5159"
    },
    {
      "id": 361,
      "type": "PreviewImage",
      "pos": [
        -6447.177734375,
        -3039.833984375
      ],
      "size": [
        1108.8734130859375,
        721.1260986328125
      ],
      "flags": {},
      "order": 39,
      "mode": 0,
      "inputs": [
        {
          "name": "images",
          "label": "图像",
          "type": "IMAGE",
          "link": 1463
        }
      ],
      "outputs": [],
      "properties": {
        "cnr_id": "comfy-core",
        "ver": "0.3.26",
        "Node name for S&R": "PreviewImage",
        "ttNbgOverride": {
          "bgcolor": "#3f5159",
          "groupcolor": "#3f789e",
          "color": "#2a363b"
        }
      },
      "widgets_values": [],
      "color": "#2a363b",
      "bgcolor": "#3f5159"
    },
    {
      "id": 430,
      "type": "PreviewBridge",
      "pos": [
        -6086.8271484375,
        -3626.328857421875
      ],
      "size": [
        374.8470153808594,
        495.8966064453125
      ],
      "flags": {},
      "order": 22,
      "mode": 0,
      "inputs": [
        {
          "name": "images",
          "label": "图像",
          "type": "IMAGE",
          "link": 926
        }
      ],
      "outputs": [
        {
          "name": "IMAGE",
          "label": "图像",
          "type": "IMAGE",
          "links": [],
          "slot_index": 0
        },
        {
          "name": "MASK",
          "label": "遮罩",
          "type": "MASK",
          "links": [
            925
          ],
          "slot_index": 1
        }
      ],
      "properties": {
        "cnr_id": "comfyui-impact-pack",
        "ver": "0e3e6a193a68748b5e68cfd19fb6c7d92b2fac57",
        "Node name for S&R": "PreviewBridge"
      },
      "widgets_values": [
        "$430-0",
        false,
        "never"
      ],
      "color": "#322",
      "bgcolor": "#533"
    },
    {
      "id": 647,
      "type": "DifferentialDiffusion",
      "pos": [
        -5647.93701171875,
        -3499.7705078125
      ],
      "size": [
        210,
        26
      ],
      "flags": {
        "collapsed": true
      },
      "order": 16,
      "mode": 0,
      "inputs": [
        {
          "name": "model",
          "label": "模型",
          "type": "MODEL",
          "link": 1351
        }
      ],
      "outputs": [
        {
          "name": "MODEL",
          "label": "模型",
          "type": "MODEL",
          "links": [
            1431
          ],
          "slot_index": 0
        }
      ],
      "properties": {
        "cnr_id": "comfy-core",
        "ver": "0.3.27",
        "Node name for S&R": "DifferentialDiffusion",
        "ttNbgOverride": {
          "bgcolor": "#3f5159",
          "groupcolor": "#3f789e",
          "color": "#2a363b"
        }
      },
      "widgets_values": [],
      "color": "#2a363b",
      "bgcolor": "#3f5159"
    },
    {
      "id": 699,
      "type": "Florence2ModelLoader",
      "pos": [
        -5655.25927734375,
        -3330.687744140625
      ],
      "size": [
        286.7192687988281,
        106
      ],
      "flags": {
        "collapsed": true
      },
      "order": 0,
      "mode": 0,
      "inputs": [
        {
          "name": "lora",
          "label": "LoRA",
          "type": "PEFTLORA",
          "shape": 7,
          "link": null
        }
      ],
      "outputs": [
        {
          "name": "florence2_model",
          "label": "Florence2",
          "type": "FL2MODEL",
          "links": [
            1488
          ]
        }
      ],
      "properties": {
        "cnr_id": "comfyui-florence2",
        "ver": "257fec56102cf42c7e5a28920b6d1258983ae71c",
        "Node name for S&R": "Florence2ModelLoader"
      },
      "widgets_values": [
        "Florence-2-Flux-Large",
        "fp16",
        "sdpa"
      ]
    },
    {
      "id": 676,
      "type": "Florence2Run",
      "pos": [
        -5615.61962890625,
        -3234.112548828125
      ],
      "size": [
        210,
        369
      ],
      "flags": {
        "collapsed": true
      },
      "order": 34,
      "mode": 0,
      "inputs": [
        {
          "name": "image",
          "label": "图像",
          "type": "IMAGE",
          "link": 1443
        },
        {
          "name": "florence2_model",
          "label": "Florence2",
          "type": "FL2MODEL",
          "link": 1488
        }
      ],
      "outputs": [
        {
          "name": "image",
          "label": "图像",
          "type": "IMAGE",
          "links": [],
          "slot_index": 0
        },
        {
          "name": "mask",
          "label": "遮罩",
          "type": "MASK"
        },
        {
          "name": "caption",
          "label": "caption",
          "type": "STRING",
          "links": [
            1444
          ],
          "slot_index": 2
        },
        {
          "name": "data",
          "label": "json数据",
          "type": "JSON"
        }
      ],
      "properties": {
        "cnr_id": "comfyui-florence2",
        "ver": "f38eeb8997671ea48847af0e9f9e4cd8cb456eeb",
        "Node name for S&R": "Florence2Run"
      },
      "widgets_values": [
        "",
        "more_detailed_caption",
        true,
        false,
        1024,
        3,
        true,
        "",
        666,
        "fixed",
        [
          false,
          true
        ]
      ]
    },
    {
      "id": 179,
      "type": "CLIPTextEncode",
      "pos": [
        -5248.68310546875,
        -3291.543212890625
      ],
      "size": [
        210,
        88
      ],
      "flags": {
        "collapsed": true
      },
      "order": 38,
      "mode": 0,
      "inputs": [
        {
          "name": "clip",
          "label": "CLIP",
          "type": "CLIP",
          "link": 413
        },
        {
          "name": "text",
          "label": "text",
          "type": "STRING",
          "widget": {
            "name": "text"
          },
          "link": 1444
        }
      ],
      "outputs": [
        {
          "name": "CONDITIONING",
          "label": "条件",
          "type": "CONDITIONING",
          "links": [
            414,
            1334
          ],
          "slot_index": 0
        }
      ],
      "properties": {
        "cnr_id": "comfy-core",
        "ver": "0.3.26",
        "Node name for S&R": "CLIPTextEncode"
      },
      "widgets_values": [
        "",
        [
          false,
          true
        ]
      ],
      "color": "#232",
      "bgcolor": "#353"
    },
    {
      "id": 182,
      "type": "VAELoader",
      "pos": [
        -5655.392578125,
        -3173.306640625
      ],
      "size": [
        318.8461608886719,
        69.8310775756836
      ],
      "flags": {},
      "order": 1,
      "mode": 0,
      "inputs": [],
      "outputs": [
        {
          "name": "VAE",
          "label": "VAE",
          "type": "VAE",
          "links": [
            412,
            417
          ],
          "slot_index": 0
        }
      ],
      "properties": {
        "cnr_id": "comfy-core",
        "ver": "0.3.26",
        "Node name for S&R": "VAELoader",
        "ttNbgOverride": {
          "bgcolor": "#3f5159",
          "groupcolor": "#3f789e",
          "color": "#2a363b"
        }
      },
      "widgets_values": [
        "ae.safetensors"
      ],
      "color": "#2a363b",
      "bgcolor": "#3f5159"
    },
    {
      "id": 184,
      "type": "InpaintModelConditioning",
      "pos": [
        -5292.3984375,
        -3618.587646484375
      ],
      "size": [
        210,
        138
      ],
      "flags": {},
      "order": 45,
      "mode": 0,
      "inputs": [
        {
          "name": "positive",
          "label": "正面条件",
          "type": "CONDITIONING",
          "link": 415
        },
        {
          "name": "negative",
          "label": "负面条件",
          "type": "CONDITIONING",
          "link": 1335
        },
        {
          "name": "vae",
          "label": "VAE",
          "type": "VAE",
          "link": 417
        },
        {
          "name": "pixels",
          "label": "图像",
          "type": "IMAGE",
          "link": 1465
        },
        {
          "name": "mask",
          "label": "遮罩",
          "type": "MASK",
          "link": 1408
        }
      ],
      "outputs": [
        {
          "name": "positive",
          "label": "正面条件",
          "type": "CONDITIONING",
          "links": [
            1493
          ],
          "slot_index": 0
        },
        {
          "name": "negative",
          "label": "负面条件",
          "type": "CONDITIONING",
          "links": [
            1494
          ],
          "slot_index": 1
        },
        {
          "name": "latent",
          "label": "Latent",
          "type": "LATENT",
          "links": [
            1304
          ],
          "slot_index": 2
        }
      ],
      "properties": {
        "cnr_id": "comfy-core",
        "ver": "0.3.26",
        "Node name for S&R": "InpaintModelConditioning",
        "ttNbgOverride": {
          "bgcolor": "#3f5159",
          "groupcolor": "#3f789e",
          "color": "#2a363b"
        }
      },
      "widgets_values": [
        true
      ],
      "color": "#2a363b",
      "bgcolor": "#3f5159"
    },
    {
      "id": 637,
      "type": "ConditioningZeroOut",
      "pos": [
        -5293.89794921875,
        -3437.602783203125
      ],
      "size": [
        211.60000610351562,
        26
      ],
      "flags": {},
      "order": 42,
      "mode": 0,
      "inputs": [
        {
          "name": "conditioning",
          "label": "条件",
          "type": "CONDITIONING",
          "link": 1334
        }
      ],
      "outputs": [
        {
          "name": "CONDITIONING",
          "label": "条件",
          "type": "CONDITIONING",
          "links": [
            1335
          ]
        }
      ],
      "properties": {
        "cnr_id": "comfy-core",
        "ver": "0.3.27",
        "Node name for S&R": "ConditioningZeroOut",
        "ttNbgOverride": {
          "bgcolor": "#3f5159",
          "groupcolor": "#3f789e",
          "color": "#2a363b"
        }
      },
      "widgets_values": [],
      "color": "#2a363b",
      "bgcolor": "#3f5159"
    },
    {
      "id": 180,
      "type": "FluxGuidance",
      "pos": [
        -5296.83642578125,
        -3354.443359375
      ],
      "size": [
        211.60000610351562,
        58
      ],
      "flags": {},
      "order": 41,
      "mode": 0,
      "inputs": [
        {
          "name": "conditioning",
          "label": "条件",
          "type": "CONDITIONING",
          "link": 414
        }
      ],
      "outputs": [
        {
          "name": "CONDITIONING",
          "label": "条件",
          "type": "CONDITIONING",
          "links": [
            423
          ],
          "slot_index": 0
        }
      ],
      "properties": {
        "cnr_id": "comfy-core",
        "ver": "0.3.26",
        "Node name for S&R": "FluxGuidance",
        "ttNbgOverride": {
          "bgcolor": "#3f5159",
          "groupcolor": "#3f789e",
          "color": "#2a363b"
        }
      },
      "widgets_values": [
        50
      ],
      "color": "#2a363b",
      "bgcolor": "#3f5159"
    },
    {
      "id": 187,
      "type": "CLIPVisionEncode",
      "pos": [
        -5311.2607421875,
        -3245.610107421875
      ],
      "size": [
        232.64120483398438,
        78
      ],
      "flags": {},
      "order": 35,
      "mode": 0,
      "inputs": [
        {
          "name": "clip_vision",
          "label": "CLIP视觉",
          "type": "CLIP_VISION",
          "link": 421
        },
        {
          "name": "image",
          "label": "图像",
          "type": "IMAGE",
          "link": 763
        }
      ],
      "outputs": [
        {
          "name": "CLIP_VISION_OUTPUT",
          "label": "CLIP视觉输出",
          "type": "CLIP_VISION_OUTPUT",
          "links": [
            425
          ],
          "slot_index": 0
        }
      ],
      "properties": {
        "cnr_id": "comfy-core",
        "ver": "0.3.26",
        "Node name for S&R": "CLIPVisionEncode",
        "ttNbgOverride": {
          "bgcolor": "#3f5159",
          "groupcolor": "#3f789e",
          "color": "#2a363b"
        }
      },
      "widgets_values": [
        "center"
      ],
      "color": "#2a363b",
      "bgcolor": "#3f5159"
    },
    {
      "id": 325,
      "type": "BlendInpaint",
      "pos": [
        -4960.21923828125,
        -3489.741943359375
      ],
      "size": [
        210,
        142
      ],
      "flags": {
        "collapsed": true
      },
      "order": 52,
      "mode": 0,
      "inputs": [
        {
          "name": "inpaint",
          "label": "inpaint",
          "type": "IMAGE",
          "link": 1434
        },
        {
          "name": "original",
          "label": "original",
          "type": "IMAGE",
          "link": 1055
        },
        {
          "name": "mask",
          "label": "遮罩",
          "type": "MASK",
          "link": 1474
        },
        {
          "name": "origin",
          "label": "origin",
          "type": "VECTOR",
          "shape": 7,
          "link": 1249
        }
      ],
      "outputs": [
        {
          "name": "image",
          "label": "图像",
          "type": "IMAGE",
          "links": [
            687
          ],
          "slot_index": 0
        },
        {
          "name": "MASK",
          "label": "MASK",
          "type": "MASK"
        }
      ],
      "properties": {
        "cnr_id": "comfyui-brushnet",
        "ver": "e237b6e64f50fc07143d3271be316933e1abecaa",
        "Node name for S&R": "BlendInpaint"
      },
      "widgets_values": [
        10,
        10
      ],
      "color": "#232",
      "bgcolor": "#353"
    },
    {
      "id": 527,
      "type": "LayerUtility: ImageScaleRestore V2",
      "pos": [
        -4939.81689453125,
        -3407.499755859375
      ],
      "size": [
        285.6000061035156,
        210
      ],
      "flags": {
        "collapsed": true
      },
      "order": 48,
      "mode": 0,
      "inputs": [
        {
          "name": "image",
          "label": "图像",
          "type": "IMAGE",
          "link": 1332
        },
        {
          "name": "mask",
          "label": "遮罩",
          "type": "MASK",
          "shape": 7
        },
        {
          "name": "original_size",
          "label": "原始大小",
          "type": "BOX",
          "shape": 7
        },
        {
          "name": "scale_by_length",
          "label": "scale_by_length",
          "type": "INT",
          "widget": {
            "name": "scale_by_length"
          },
          "link": 1451
        }
      ],
      "outputs": [
        {
          "name": "image",
          "label": "图像",
          "type": "IMAGE",
          "links": [
            1126
          ],
          "slot_index": 0
        },
        {
          "name": "mask",
          "label": "遮罩",
          "type": "MASK"
        },
        {
          "name": "original_size",
          "label": "原始大小",
          "type": "BOX"
        },
        {
          "name": "width",
          "label": "width",
          "type": "INT",
          "slot_index": 3
        },
        {
          "name": "height",
          "label": "height",
          "type": "INT"
        }
      ],
      "properties": {
        "cnr_id": "comfyui_layerstyle",
        "ver": "7b326d13e43fc4022cd80e472c7af67027409b1e",
        "Node name for S&R": "LayerUtility: ImageScaleRestore V2"
      },
      "widgets_values": [
        1,
        "bilinear",
        "height",
        1024
      ],
      "color": "rgba(38, 73, 116, 0.7)"
    },
    {
      "id": 313,
      "type": "ImageScale",
      "pos": [
        -4929.296875,
        -3338.06640625
      ],
      "size": [
        210,
        170
      ],
      "flags": {
        "collapsed": true
      },
      "order": 50,
      "mode": 0,
      "inputs": [
        {
          "name": "image",
          "label": "图像",
          "type": "IMAGE",
          "link": 1403
        },
        {
          "name": "width",
          "label": "width",
          "type": "INT",
          "widget": {
            "name": "width"
          },
          "link": 1449
        },
        {
          "name": "height",
          "label": "height",
          "type": "INT",
          "widget": {
            "name": "height"
          },
          "link": 1450
        }
      ],
      "outputs": [
        {
          "name": "IMAGE",
          "label": "图像",
          "type": "IMAGE",
          "links": [
            1433
          ],
          "slot_index": 0
        }
      ],
      "properties": {
        "cnr_id": "comfy-core",
        "ver": "0.3.26",
        "Node name for S&R": "ImageScale",
        "ttNbgOverride": {
          "bgcolor": "#3f5159",
          "groupcolor": "#3f789e",
          "color": "#2a363b"
        }
      },
      "widgets_values": [
        "bilinear",
        512,
        512,
        "disabled"
      ],
      "color": "#2a363b",
      "bgcolor": "#3f5159"
    },
    {
      "id": 672,
      "type": "LayerColor: Brightness & Contrast",
      "pos": [
        -4939.8837890625,
        -3264.62841796875
      ],
      "size": [
        277.20001220703125,
        106
      ],
      "flags": {
        "collapsed": true
      },
      "order": 51,
      "mode": 0,
      "inputs": [
        {
          "name": "image",
          "label": "图像",
          "type": "IMAGE",
          "link": 1433
        }
      ],
      "outputs": [
        {
          "name": "image",
          "label": "图像",
          "type": "IMAGE",
          "links": [
            1434
          ]
        }
      ],
      "properties": {
        "cnr_id": "comfyui_layerstyle",
        "ver": "4b273d4f08ea28b0743ababab70ae2e6d93be194",
        "Node name for S&R": "LayerColor: Brightness & Contrast"
      },
      "widgets_values": [
        1.0200000000000002,
        1,
        1
      ],
      "color": "rgba(27, 89, 123, 0.7)"
    },
    {
      "id": 523,
      "type": "ImageCrop+",
      "pos": [
        -4917.90673828125,
        -3213.737548828125
      ],
      "size": [
        210,
        194
      ],
      "flags": {
        "collapsed": true
      },
      "order": 49,
      "mode": 0,
      "inputs": [
        {
          "name": "image",
          "label": "图像",
          "type": "IMAGE",
          "link": 1126
        },
        {
          "name": "width",
          "label": "width",
          "type": "INT",
          "widget": {
            "name": "width"
          },
          "link": 1270
        },
        {
          "name": "height",
          "label": "height",
          "type": "INT",
          "widget": {
            "name": "height"
          },
          "link": 1269
        }
      ],
      "outputs": [
        {
          "name": "IMAGE",
          "label": "图像",
          "type": "IMAGE",
          "links": [
            1403
          ],
          "slot_index": 0
        },
        {
          "name": "x",
          "label": "X",
          "type": "INT"
        },
        {
          "name": "y",
          "label": "Y",
          "type": "INT"
        }
      ],
      "properties": {
        "cnr_id": "comfyui_essentials",
        "ver": "33ff89fd354d8ec3ab6affb605a79a931b445d99",
        "Node name for S&R": "ImageCrop+"
      },
      "widgets_values": [
        256,
        256,
        "top-right",
        0,
        0
      ],
      "color": "#322",
      "bgcolor": "#533"
    },
    {
      "id": 320,
      "type": "Get Image Size",
      "pos": [
        -4936.4287109375,
        -3362.8740234375
      ],
      "size": [
        210,
        46
      ],
      "flags": {
        "collapsed": true
      },
      "order": 30,
      "mode": 0,
      "inputs": [
        {
          "name": "image",
          "label": "图像",
          "type": "IMAGE",
          "link": 1095
        }
      ],
      "outputs": [
        {
          "name": "width",
          "label": "width",
          "type": "INT",
          "links": [
            1270
          ],
          "slot_index": 0
        },
        {
          "name": "height",
          "label": "height",
          "type": "INT",
          "links": [
            1269
          ],
          "slot_index": 1
        }
      ],
      "properties": {
        "cnr_id": "masquerade",
        "ver": "432cb4d146a391b387a0cd25ace824328b5b61cf",
        "Node name for S&R": "Get Image Size",
        "ttNbgOverride": {
          "bgcolor": "#3f5159",
          "groupcolor": "#3f789e",
          "color": "#2a363b"
        }
      },
      "widgets_values": [],
      "color": "#2a363b",
      "bgcolor": "#3f5159"
    },
    {
      "id": 678,
      "type": "GetImageSize",
      "pos": [
        -4948.75830078125,
        -3239.31640625
      ],
      "size": [
        210,
        46
      ],
      "flags": {
        "collapsed": true
      },
      "order": 31,
      "mode": 0,
      "inputs": [
        {
          "name": "image",
          "label": "图像",
          "type": "IMAGE",
          "link": 1448
        }
      ],
      "outputs": [
        {
          "name": "width",
          "label": "宽度",
          "type": "INT",
          "links": [
            1449
          ]
        },
        {
          "name": "height",
          "label": "高度",
          "type": "INT",
          "links": [
            1450,
            1451
          ]
        }
      ],
      "properties": {
        "cnr_id": "sai-nodes",
        "ver": "001154622564b17223ce0191803c5fff7b87146c",
        "Node name for S&R": "GetImageSize"
      },
      "widgets_values": []
    },
    {
      "id": 186,
      "type": "CLIPVisionLoader",
      "pos": [
        -5309.857421875,
        -3102.239501953125
      ],
      "size": [
        261.7302551269531,
        58
      ],
      "flags": {},
      "order": 2,
      "mode": 0,
      "inputs": [],
      "outputs": [
        {
          "name": "CLIP_VISION",
          "label": "CLIP视觉",
          "type": "CLIP_VISION",
          "links": [
            421
          ],
          "slot_index": 0
        }
      ],
      "properties": {
        "cnr_id": "comfy-core",
        "ver": "0.3.26",
        "Node name for S&R": "CLIPVisionLoader",
        "ttNbgOverride": {
          "bgcolor": "#3f5159",
          "groupcolor": "#3f789e",
          "color": "#2a363b"
        }
      },
      "widgets_values": [
        "sigclip_vision_patch14_384.safetensors"
      ],
      "color": "#2a363b",
      "bgcolor": "#3f5159"
    },
    {
      "id": 190,
      "type": "StyleModelLoader",
      "pos": [
        -5313.931640625,
        -2970.938720703125
      ],
      "size": [
        273.8596496582031,
        63.47370147705078
      ],
      "flags": {},
      "order": 3,
      "mode": 0,
      "inputs": [],
      "outputs": [
        {
          "name": "STYLE_MODEL",
          "label": "风格模型",
          "type": "STYLE_MODEL",
          "links": [
            424
          ]
        }
      ],
      "properties": {
        "cnr_id": "comfy-core",
        "ver": "0.3.26",
        "Node name for S&R": "StyleModelLoader",
        "ttNbgOverride": {
          "bgcolor": "#3f5159",
          "groupcolor": "#3f789e",
          "color": "#2a363b"
        }
      },
      "widgets_values": [
        "flux1-redux-dev.safetensors"
      ],
      "color": "#2a363b",
      "bgcolor": "#3f5159"
    },
    {
      "id": 189,
      "type": "StyleModelApply",
      "pos": [
        -5298.42431640625,
        -2822.44189453125
      ],
      "size": [
        262,
        122
      ],
      "flags": {},
      "order": 44,
      "mode": 0,
      "inputs": [
        {
          "name": "conditioning",
          "label": "条件",
          "type": "CONDITIONING",
          "link": 423
        },
        {
          "name": "style_model",
          "label": "风格模型",
          "type": "STYLE_MODEL",
          "link": 424
        },
        {
          "name": "clip_vision_output",
          "label": "CLIP视觉输出",
          "type": "CLIP_VISION_OUTPUT",
          "link": 425
        }
      ],
      "outputs": [
        {
          "name": "CONDITIONING",
          "label": "条件",
          "type": "CONDITIONING",
          "links": [
            415
          ],
          "slot_index": 0
        }
      ],
      "properties": {
        "cnr_id": "comfy-core",
        "ver": "0.3.26",
        "Node name for S&R": "StyleModelApply",
        "ttNbgOverride": {
          "bgcolor": "#3f5159",
          "groupcolor": "#3f789e",
          "color": "#2a363b"
        }
      },
      "widgets_values": [
        1.0000000000000002,
        "multiply"
      ],
      "color": "#2a363b",
      "bgcolor": "#3f5159"
    },
    {
      "id": 177,
      "type": "VAEDecode",
      "pos": [
        -5292.04052734375,
        -2635.88916015625
      ],
      "size": [
        140,
        46
      ],
      "flags": {},
      "order": 47,
      "mode": 0,
      "inputs": [
        {
          "name": "samples",
          "label": "Latent",
          "type": "LATENT",
          "link": 411
        },
        {
          "name": "vae",
          "label": "VAE",
          "type": "VAE",
          "link": 412
        }
      ],
      "outputs": [
        {
          "name": "IMAGE",
          "label": "图像",
          "type": "IMAGE",
          "links": [
            1332
          ],
          "slot_index": 0
        }
      ],
      "properties": {
        "cnr_id": "comfy-core",
        "ver": "0.3.26",
        "Node name for S&R": "VAEDecode",
        "ttNbgOverride": {
          "bgcolor": "#3f5159",
          "groupcolor": "#3f789e",
          "color": "#2a363b"
        }
      },
      "widgets_values": [],
      "color": "#2a363b",
      "bgcolor": "#3f5159"
    },
    {
      "id": 701,
      "type": "Image Comparer (rgthree)",
      "pos": [
        -8470.412109375,
        -3648.442626953125
      ],
      "size": [
        1051.81494140625,
        1350.4488525390625
      ],
      "flags": {},
      "order": 4,
      "mode": 0,
      "inputs": [
        {
          "name": "image_a",
          "label": "图像_A",
          "type": "IMAGE",
          "dir": 3,
          "link": null
        },
        {
          "name": "image_b",
          "label": "图像_B",
          "type": "IMAGE",
          "dir": 3,
          "link": null
        }
      ],
      "outputs": [],
      "properties": {
        "cnr_id": "rgthree-comfy",
        "ver": "5d771b8b56a343c24a26e8cea1f0c87c3d58102f",
        "comparer_mode": "Slide"
      },
      "widgets_values": [
        []
      ]
    },
    {
      "id": 542,
      "type": "LoadImage",
      "pos": [
        -6934.673828125,
        -3653.8857421875
      ],
      "size": [
        468.9843444824219,
        513.5469360351562
      ],
      "flags": {},
      "order": 5,
      "mode": 0,
      "inputs": [],
      "outputs": [
        {
          "name": "IMAGE",
          "label": "图像",
          "type": "IMAGE",
          "links": [
            1372,
            1373,
            1479
          ],
          "slot_index": 0
        },
        {
          "name": "MASK",
          "label": "遮罩",
          "type": "MASK",
          "links": [],
          "slot_index": 1
        }
      ],
      "properties": {
        "cnr_id": "comfy-core",
        "ver": "0.3.26",
        "Node name for S&R": "LoadImage",
        "ttNbgOverride": {
          "bgcolor": "#3f5159",
          "groupcolor": "#3f789e",
          "color": "#2a363b"
        }
      },
      "widgets_values": [
        "灯.jpg",
        "image"
      ],
      "color": "#2a363b",
      "bgcolor": "#3f5159"
    },
    {
      "id": 700,
      "type": "Int",
      "pos": [
        -6921.75927734375,
        -3060.80908203125
      ],
      "size": [
        456.10638427734375,
        99.12985229492188
      ],
      "flags": {},
      "order": 6,
      "mode": 0,
      "inputs": [],
      "outputs": [
        {
          "name": "INT",
          "label": "整数",
          "type": "INT",
          "links": [
            1489,
            1492
          ],
          "slot_index": 0
        }
      ],
      "properties": {
        "cnr_id": "comfyui-workflow-encrypt",
        "ver": "5ec45fdac73d8bd6d732af76bbe81c94413b3e36",
        "Node name for S&R": "Int"
      },
      "widgets_values": [
        "1200"
      ],
      "color": "#2a363b",
      "bgcolor": "#3f5159"
    },
    {
      "id": 178,
      "type": "LoadImage",
      "pos": [
        -6913.9736328125,
        -2908.703857421875
      ],
      "size": [
        446.0760803222656,
        600.8811645507812
      ],
      "flags": {},
      "order": 7,
      "mode": 0,
      "inputs": [],
      "outputs": [
        {
          "name": "IMAGE",
          "label": "图像",
          "type": "IMAGE",
          "links": [
            673,
            696,
            1055
          ],
          "slot_index": 0
        },
        {
          "name": "MASK",
          "label": "遮罩",
          "type": "MASK",
          "links": [
            888
          ],
          "slot_index": 1
        }
      ],
      "properties": {
        "cnr_id": "comfy-core",
        "ver": "0.3.26",
        "Node name for S&R": "LoadImage",
        "ttNbgOverride": {
          "bgcolor": "#3f5159",
          "groupcolor": "#3f789e",
          "color": "#2a363b"
        }
      },
      "widgets_values": [
        "clipspace/clipspace-mask-942622.5.png [input]",
        "image"
      ],
      "color": "#2a363b",
      "bgcolor": "hsla(198, 17.1%, 29.8%, 1)"
    },
    {
      "id": 183,
      "type": "DualCLIPLoader",
      "pos": [
        -5665.80322265625,
        -3356.992431640625
      ],
      "size": [
        337.09039306640625,
        131.1642608642578
      ],
      "flags": {},
      "order": 8,
      "mode": 0,
      "inputs": [],
      "outputs": [
        {
          "name": "CLIP",
          "label": "CLIP",
          "type": "CLIP",
          "links": [
            413
          ],
          "slot_index": 0
        }
      ],
      "properties": {
        "cnr_id": "comfy-core",
        "ver": "0.3.26",
        "Node name for S&R": "DualCLIPLoader",
        "ttNbgOverride": {
          "bgcolor": "#3f5159",
          "groupcolor": "#3f789e",
          "color": "#2a363b"
        }
      },
      "widgets_values": [
        "flux\\clip_l.safetensors",
        "flux\\t5xxl_fp16.safetensors",
        "flux",
        "default"
      ],
      "color": "#2a363b",
      "bgcolor": "#3f5159"
    },
    {
      "id": 671,
      "type": "LoraLoaderModelOnly",
      "pos": [
        -5657.05224609375,
        -3492.31396484375
      ],
      "size": [
        304.4314270019531,
        90.72345733642578
      ],
      "flags": {},
      "order": 19,
      "mode": 0,
      "inputs": [
        {
          "name": "model",
          "label": "模型",
          "type": "MODEL",
          "link": 1431
        }
      ],
      "outputs": [
        {
          "name": "MODEL",
          "label": "模型",
          "type": "MODEL",
          "links": [
            1439
          ],
          "slot_index": 0
        }
      ],
      "properties": {
        "cnr_id": "comfy-core",
        "ver": "0.3.26",
        "Node name for S&R": "LoraLoaderModelOnly"
      },
      "widgets_values": [
        "comfyui_subject_lora16.safetensors",
        1.0000000000000002
      ],
      "color": "#232",
      "bgcolor": "#353"
    },
    {
      "id": 181,
      "type": "UNETLoader",
      "pos": [
        -5664.638671875,
        -3624.554931640625
      ],
      "size": [
        312.3196716308594,
        82.39968872070312
      ],
      "flags": {},
      "order": 9,
      "mode": 0,
      "inputs": [],
      "outputs": [
        {
          "name": "MODEL",
          "label": "模型",
          "type": "MODEL",
          "links": [
            1351
          ],
          "slot_index": 0
        }
      ],
      "properties": {
        "cnr_id": "comfy-core",
        "ver": "0.3.26",
        "Node name for S&R": "UNETLoader",
        "ttNbgOverride": {
          "bgcolor": "#3f5159",
          "groupcolor": "#3f789e",
          "color": "#2a363b"
        }
      },
      "widgets_values": [
        "flux\\flux1-fill-dev.safetensors",
        "default"
      ],
      "color": "#2a363b",
      "bgcolor": "#3f5159"
    },
    {
      "id": 698,
      "type": "GroundingDinoModelLoader (segment anything)",
      "pos": [
        -6434.8349609375,
        -3588.280517578125
      ],
      "size": [
        319.05267333984375,
        58
      ],
      "flags": {},
      "order": 10,
      "mode": 0,
      "inputs": [],
      "outputs": [
        {
          "name": "GROUNDING_DINO_MODEL",
          "label": "G-Dino模型",
          "type": "GROUNDING_DINO_MODEL",
          "links": [
            1487
          ]
        }
      ],
      "properties": {
        "cnr_id": "comfyui_segment_anything",
        "ver": "ab6395596399d5048639cdab7e44ec9fae857a93",
        "Node name for S&R": "GroundingDinoModelLoader (segment anything)"
      },
      "widgets_values": [
        "GroundingDINO_SwinB (938MB)"
      ],
      "color": "#322",
      "bgcolor": "#533"
    },
    {
      "id": 697,
      "type": "SAMModelLoader (segment anything)",
      "pos": [
        -6441.24853515625,
        -3453.46484375
      ],
      "size": [
        315,
        58
      ],
      "flags": {},
      "order": 11,
      "mode": 0,
      "inputs": [],
      "outputs": [
        {
          "name": "SAM_MODEL",
          "label": "SAM模型",
          "type": "SAM_MODEL",
          "links": [
            1486
          ],
          "slot_index": 0
        }
      ],
      "properties": {
        "cnr_id": "comfyui_segment_anything",
        "ver": "ab6395596399d5048639cdab7e44ec9fae857a93",
        "Node name for S&R": "SAMModelLoader (segment anything)"
      },
      "widgets_values": [
        "sam_vit_h (2.56GB)"
      ],
      "color": "#322",
      "bgcolor": "#533"
    },
    {
      "id": 695,
      "type": "GroundingDinoSAMSegment (segment anything)",
      "pos": [
        -6439.2509765625,
        -3335.166015625
      ],
      "size": [
        330.40771484375,
        122
      ],
      "flags": {},
      "order": 17,
      "mode": 0,
      "inputs": [
        {
          "name": "sam_model",
          "label": "SAM模型",
          "type": "SAM_MODEL",
          "link": 1486
        },
        {
          "name": "grounding_dino_model",
          "label": "G-Dino模型",
          "type": "GROUNDING_DINO_MODEL",
          "link": 1487
        },
        {
          "name": "image",
          "label": "图像",
          "type": "IMAGE",
          "link": 1481
        }
      ],
      "outputs": [
        {
          "name": "IMAGE",
          "label": " 图像",
          "type": "IMAGE",
          "links": [
            1482
          ],
          "slot_index": 0
        },
        {
          "name": "MASK",
          "label": "遮罩",
          "type": "MASK",
          "links": [
            1483,
            1484
          ],
          "slot_index": 1
        }
      ],
      "properties": {
        "cnr_id": "comfyui_segment_anything",
        "ver": "ab6395596399d5048639cdab7e44ec9fae857a93",
        "Node name for S&R": "GroundingDinoSAMSegment (segment anything)"
      },
      "widgets_values": [
        "card",
        0.3
      ],
      "color": "#322",
      "bgcolor": "#533"
    },
    {
      "id": 175,
      "type": "KSampler",
      "pos": [
        -5016.1845703125,
        -3613.5458984375
      ],
      "size": [
        471.2701110839844,
        751.89306640625
      ],
      "flags": {},
      "order": 46,
      "mode": 0,
      "inputs": [
        {
          "name": "model",
          "label": "模型",
          "type": "MODEL",
          "link": 1439
        },
        {
          "name": "positive",
          "label": "正面条件",
          "type": "CONDITIONING",
          "link": 1493
        },
        {
          "name": "negative",
          "label": "负面条件",
          "type": "CONDITIONING",
          "link": 1494
        },
        {
          "name": "latent_image",
          "label": "Latent",
          "type": "LATENT",
          "link": 1304
        }
      ],
      "outputs": [
        {
          "name": "LATENT",
          "label": "Latent",
          "type": "LATENT",
          "links": [
            411
          ],
          "slot_index": 0
        }
      ],
      "properties": {
        "cnr_id": "comfy-core",
        "ver": "0.3.26",
        "Node name for S&R": "KSampler",
        "ttNbgOverride": {
          "bgcolor": "#3f5159",
          "groupcolor": "#3f789e",
          "color": "#2a363b"
        }
      },
      "widgets_values": [
        185348797590643,
        "fixed",
        30,
        1,
        "euler",
        "beta",
        1
      ],
      "color": "#2a363b",
      "bgcolor": "#3f5159"
    },
    {
      "id": 224,
      "type": "SaveImage",
      "pos": [
        -4490.388671875,
        -3588.830322265625
      ],
      "size": [
        1158.392822265625,
        1284.639892578125
      ],
      "flags": {},
      "order": 53,
      "mode": 0,
      "inputs": [
        {
          "name": "images",
          "label": "图像",
          "type": "IMAGE",
          "link": 687
        }
      ],
      "outputs": [],
      "properties": {
        "cnr_id": "comfy-core",
        "ver": "0.3.26",
        "Node name for S&R": "SaveImage",
        "ttNbgOverride": {
          "bgcolor": "#3f5159",
          "groupcolor": "#3f789e",
          "color": "#2a363b"
        }
      },
      "widgets_values": [
        "换衣"
      ],
      "color": "#2a363b",
      "bgcolor": "#3f5159"
    }
  ],
  "links": [
    [
      411,
      175,
      0,
      177,
      0,
      "LATENT"
    ],
    [
      412,
      182,
      0,
      177,
      1,
      "VAE"
    ],
    [
      413,
      183,
      0,
      179,
      0,
      "CLIP"
    ],
    [
      414,
      179,
      0,
      180,
      0,
      "CONDITIONING"
    ],
    [
      415,
      189,
      0,
      184,
      0,
      "CONDITIONING"
    ],
    [
      417,
      182,
      0,
      184,
      2,
      "VAE"
    ],
    [
      421,
      186,
      0,
      187,
      0,
      "CLIP_VISION"
    ],
    [
      423,
      180,
      0,
      189,
      0,
      "CONDITIONING"
    ],
    [
      424,
      190,
      0,
      189,
      1,
      "STYLE_MODEL"
    ],
    [
      425,
      187,
      0,
      189,
      2,
      "CLIP_VISION_OUTPUT"
    ],
    [
      673,
      178,
      0,
      324,
      0,
      "IMAGE"
    ],
    [
      677,
      326,
      0,
      324,
      2,
      "INT"
    ],
    [
      678,
      326,
      1,
      324,
      3,
      "INT"
    ],
    [
      687,
      325,
      0,
      224,
      0,
      "IMAGE"
    ],
    [
      696,
      178,
      0,
      333,
      0,
      "IMAGE"
    ],
    [
      698,
      333,
      0,
      326,
      0,
      "IMAGE"
    ],
    [
      763,
      363,
      0,
      187,
      1,
      "IMAGE"
    ],
    [
      868,
      380,
      0,
      316,
      0,
      "IMAGE"
    ],
    [
      886,
      409,
      0,
      408,
      0,
      "MASK"
    ],
    [
      888,
      178,
      1,
      409,
      0,
      "MASK"
    ],
    [
      925,
      430,
      1,
      429,
      1,
      "MASK"
    ],
    [
      926,
      432,
      0,
      430,
      0,
      "IMAGE"
    ],
    [
      943,
      408,
      0,
      407,
      0,
      "IMAGE"
    ],
    [
      979,
      455,
      0,
      380,
      1,
      "IMAGE"
    ],
    [
      1024,
      324,
      1,
      201,
      0,
      "MASK"
    ],
    [
      1055,
      178,
      0,
      325,
      1,
      "IMAGE"
    ],
    [
      1065,
      333,
      0,
      499,
      0,
      "IMAGE"
    ],
    [
      1095,
      324,
      0,
      320,
      0,
      "IMAGE"
    ],
    [
      1109,
      324,
      0,
      517,
      1,
      "IMAGE"
    ],
    [
      1110,
      363,
      0,
      517,
      0,
      "IMAGE"
    ],
    [
      1126,
      527,
      0,
      523,
      0,
      "IMAGE"
    ],
    [
      1153,
      202,
      0,
      522,
      0,
      "IMAGE"
    ],
    [
      1155,
      201,
      0,
      522,
      1,
      "IMAGE"
    ],
    [
      1249,
      324,
      2,
      325,
      3,
      "VECTOR"
    ],
    [
      1269,
      320,
      1,
      523,
      2,
      "INT"
    ],
    [
      1270,
      320,
      0,
      523,
      1,
      "INT"
    ],
    [
      1304,
      184,
      2,
      175,
      3,
      "LATENT"
    ],
    [
      1332,
      177,
      0,
      527,
      0,
      "IMAGE"
    ],
    [
      1334,
      179,
      0,
      637,
      0,
      "CONDITIONING"
    ],
    [
      1335,
      637,
      0,
      184,
      1,
      "CONDITIONING"
    ],
    [
      1351,
      181,
      0,
      647,
      0,
      "MODEL"
    ],
    [
      1365,
      316,
      0,
      363,
      0,
      "IMAGE"
    ],
    [
      1372,
      542,
      0,
      432,
      0,
      "IMAGE"
    ],
    [
      1373,
      542,
      0,
      455,
      0,
      "*"
    ],
    [
      1403,
      523,
      0,
      313,
      0,
      "IMAGE"
    ],
    [
      1408,
      203,
      0,
      184,
      4,
      "MASK"
    ],
    [
      1423,
      407,
      0,
      333,
      1,
      "MASK"
    ],
    [
      1424,
      407,
      0,
      324,
      1,
      "MASK"
    ],
    [
      1425,
      333,
      1,
      499,
      1,
      "MASK"
    ],
    [
      1431,
      647,
      0,
      671,
      0,
      "MODEL"
    ],
    [
      1433,
      313,
      0,
      672,
      0,
      "IMAGE"
    ],
    [
      1434,
      672,
      0,
      325,
      0,
      "IMAGE"
    ],
    [
      1439,
      671,
      0,
      175,
      0,
      "MODEL"
    ],
    [
      1443,
      316,
      0,
      676,
      0,
      "IMAGE"
    ],
    [
      1444,
      676,
      2,
      179,
      1,
      "STRING"
    ],
    [
      1448,
      324,
      0,
      678,
      0,
      "IMAGE"
    ],
    [
      1449,
      678,
      0,
      313,
      1,
      "INT"
    ],
    [
      1450,
      678,
      1,
      313,
      2,
      "INT"
    ],
    [
      1451,
      678,
      1,
      527,
      3,
      "INT"
    ],
    [
      1458,
      326,
      0,
      363,
      2,
      "INT"
    ],
    [
      1459,
      326,
      1,
      363,
      3,
      "INT"
    ],
    [
      1461,
      685,
      0,
      363,
      4,
      "INT"
    ],
    [
      1463,
      517,
      0,
      361,
      0,
      "IMAGE"
    ],
    [
      1465,
      517,
      0,
      184,
      3,
      "IMAGE"
    ],
    [
      1467,
      522,
      0,
      203,
      0,
      "IMAGE"
    ],
    [
      1468,
      363,
      3,
      202,
      0,
      "INT"
    ],
    [
      1469,
      363,
      4,
      202,
      1,
      "INT"
    ],
    [
      1474,
      324,
      1,
      325,
      2,
      "MASK"
    ],
    [
      1479,
      542,
      0,
      693,
      0,
      "IMAGE"
    ],
    [
      1481,
      693,
      0,
      695,
      2,
      "IMAGE"
    ],
    [
      1482,
      695,
      0,
      380,
      0,
      "IMAGE"
    ],
    [
      1483,
      695,
      1,
      429,
      0,
      "MASK"
    ],
    [
      1484,
      695,
      1,
      432,
      1,
      "MASK"
    ],
    [
      1486,
      697,
      0,
      695,
      0,
      "SAM_MODEL"
    ],
    [
      1487,
      698,
      0,
      695,
      1,
      "GROUNDING_DINO_MODEL"
    ],
    [
      1488,
      699,
      0,
      676,
      1,
      "FL2MODEL"
    ],
    [
      1489,
      700,
      0,
      693,
      1,
      "INT"
    ],
    [
      1490,
      429,
      0,
      380,
      2,
      "MASK"
    ],
    [
      1491,
      429,
      0,
      316,
      1,
      "MASK"
    ],
    [
      1492,
      700,
      0,
      685,
      0,
      "INT"
    ],
    [
      1493,
      184,
      0,
      175,
      1,
      "CONDITIONING"
    ],
    [
      1494,
      184,
      1,
      175,
      2,
      "CONDITIONING"
    ]
  ],
  "groups": [],
  "config": {},
  "extra": {
    "ds": {
      "scale": 0.30735605491428214,
      "offset": [
        8490.363547751476,
        4358.011509371414
      ]
    },
    "VHS_KeepIntermediate": true,
    "ue_links": [],
    "VHS_MetadataImage": true,
    "0246.VERSION": [
      0,
      0,
      4
    ],
    "VHS_latentpreviewrate": 0,
    "VHS_latentpreview": false,
    "groupNodes": {},
    "frontendVersion": "1.16.8"
  },
  "version": 0.4
}