{
  "id": "98dc0218-10c1-4332-bf53-75911f587113",
  "revision": 0,
  "last_node_id": 65,
  "last_link_id": 150,
  "nodes": [
    {
      "id": 51,
      "type": "ConditioningZeroOut",
      "pos": [
        821.132568359375,
        1827.2763671875
      ],
      "size": [
        211.60000610351562,
        26
      ],
      "flags": {
        "collapsed": true
      },
      "order": 8,
      "mode": 0,
      "inputs": [
        {
          "label": "条件",
          "name": "conditioning",
          "type": "CONDITIONING",
          "link": 122
        }
      ],
      "outputs": [
        {
          "label": "条件",
          "name": "CONDITIONING",
          "type": "CONDITIONING",
          "slot_index": 0,
          "links": [
            137
          ]
        }
      ],
      "properties": {
        "cnr_id": "comfy-core",
        "ver": "0.3.26",
        "widget_ue_connectable": {},
        "Node name for S&R": "ConditioningZeroOut"
      }
    },
    {
      "id": 52,
      "type": "FluxGuidance",
      "pos": [
        1051.1998291015625,
        1774.8685302734375
      ],
      "size": [
        315,
        58
      ],
      "flags": {
        "collapsed": true
      },
      "order": 9,
      "mode": 0,
      "inputs": [
        {
          "label": "条件",
          "name": "conditioning",
          "type": "CONDITIONING",
          "link": 123
        }
      ],
      "outputs": [
        {
          "label": "条件",
          "name": "CONDITIONING",
          "type": "CONDITIONING",
          "slot_index": 0,
          "links": [
            136
          ]
        }
      ],
      "properties": {
        "cnr_id": "comfy-core",
        "ver": "0.3.26",
        "widget_ue_connectable": {},
        "Node name for S&R": "FluxGuidance"
      },
      "widgets_values": [
        3.5
      ]
    },
    {
      "id": 53,
      "type": "ControlNetLoader",
      "pos": [
        919.9357299804688,
        2382.1630859375
      ],
      "size": [
        558.991455078125,
        78.1362533569336
      ],
      "flags": {},
      "order": 0,
      "mode": 0,
      "inputs": [],
      "outputs": [
        {
          "label": "ControlNet",
          "name": "CONTROL_NET",
          "type": "CONTROL_NET",
          "links": [
            138
          ]
        }
      ],
      "properties": {
        "cnr_id": "comfy-core",
        "ver": "0.3.26",
        "widget_ue_connectable": {},
        "Node name for S&R": "ControlNetLoader"
      },
      "widgets_values": [
        "flux\\FLUX.1-dev-Controlnet-Inpainting-Beta.safetensors"
      ]
    },
    {
      "id": 55,
      "type": "DualCLIPLoader",
      "pos": [
        3.1850335597991943,
        2259.2998046875
      ],
      "size": [
        464.3745422363281,
        145.8909454345703
      ],
      "flags": {},
      "order": 1,
      "mode": 0,
      "inputs": [],
      "outputs": [
        {
          "label": "CLIP",
          "name": "CLIP",
          "type": "CLIP",
          "slot_index": 0,
          "links": [
            127,
            133
          ]
        }
      ],
      "properties": {
        "cnr_id": "comfy-core",
        "ver": "0.3.26",
        "widget_ue_connectable": {},
        "Node name for S&R": "DualCLIPLoader"
      },
      "widgets_values": [
        "flux\\clip_l.safetensors",
        "flux\\t5xxl_fp8_e4m3fn.safetensors",
        "flux",
        "default"
      ]
    },
    {
      "id": 56,
      "type": "UNETLoader",
      "pos": [
        16.861547470092773,
        2473.1787109375
      ],
      "size": [
        318.2716979980469,
        95.51322937011719
      ],
      "flags": {},
      "order": 2,
      "mode": 0,
      "inputs": [],
      "outputs": [
        {
          "label": "模型",
          "name": "MODEL",
          "type": "MODEL",
          "slot_index": 0,
          "links": [
            126
          ]
        }
      ],
      "properties": {
        "cnr_id": "comfy-core",
        "ver": "0.3.26",
        "widget_ue_connectable": {},
        "Node name for S&R": "UNETLoader"
      },
      "widgets_values": [
        "flux\\flux1-fill-dev.safetensors",
        "fp8_e4m3fn"
      ]
    },
    {
      "id": 57,
      "type": "VAELoader",
      "pos": [
        1580.477783203125,
        1714.9927978515625
      ],
      "size": [
        315,
        58
      ],
      "flags": {},
      "order": 3,
      "mode": 0,
      "inputs": [],
      "outputs": [
        {
          "label": "VAE",
          "name": "VAE",
          "type": "VAE",
          "slot_index": 0,
          "links": [
            125,
            130,
            139
          ]
        }
      ],
      "properties": {
        "cnr_id": "comfy-core",
        "ver": "0.3.26",
        "widget_ue_connectable": {},
        "Node name for S&R": "VAELoader"
      },
      "widgets_values": [
        "ae.safetensors"
      ]
    },
    {
      "id": 58,
      "type": "VAEDecode",
      "pos": [
        2339.232421875,
        1799.5345458984375
      ],
      "size": [
        210,
        46
      ],
      "flags": {},
      "order": 13,
      "mode": 0,
      "inputs": [
        {
          "label": "Latent",
          "name": "samples",
          "type": "LATENT",
          "link": 124
        },
        {
          "label": "VAE",
          "name": "vae",
          "type": "VAE",
          "link": 125
        }
      ],
      "outputs": [
        {
          "label": "图像",
          "name": "IMAGE",
          "type": "IMAGE",
          "slot_index": 0,
          "links": [
            134
          ]
        }
      ],
      "properties": {
        "cnr_id": "comfy-core",
        "ver": "0.3.26",
        "widget_ue_connectable": {},
        "Node name for S&R": "VAEDecode"
      }
    },
    {
      "id": 62,
      "type": "SaveImage",
      "pos": [
        2393.8515625,
        1518.1304931640625
      ],
      "size": [
        1365.0927734375,
        1210.019775390625
      ],
      "flags": {},
      "order": 14,
      "mode": 0,
      "inputs": [
        {
          "label": "图像",
          "name": "images",
          "type": "IMAGE",
          "link": 134
        }
      ],
      "outputs": [],
      "properties": {
        "cnr_id": "comfy-core",
        "ver": "0.3.40",
        "widget_ue_connectable": {},
        "Node name for S&R": "SaveImage"
      },
      "widgets_values": [
        "ComfyUI"
      ]
    },
    {
      "id": 63,
      "type": "GrowMask",
      "pos": [
        1033.3499755859375,
        1583.1466064453125
      ],
      "size": [
        270,
        82
      ],
      "flags": {},
      "order": 7,
      "mode": 0,
      "inputs": [
        {
          "label": "遮罩",
          "name": "mask",
          "type": "MASK",
          "link": 148
        }
      ],
      "outputs": [
        {
          "label": "遮罩",
          "name": "MASK",
          "type": "MASK",
          "links": [
            132,
            141
          ]
        }
      ],
      "properties": {
        "cnr_id": "comfy-core",
        "ver": "0.3.40",
        "widget_ue_connectable": {},
        "Node name for S&R": "GrowMask"
      },
      "widgets_values": [
        2,
        true
      ]
    },
    {
      "id": 17,
      "type": "LoadImage",
      "pos": [
        -25.66900634765625,
        1641.657470703125
      ],
      "size": [
        603.1074829101562,
        511.5909729003906
      ],
      "flags": {},
      "order": 4,
      "mode": 0,
      "inputs": [],
      "outputs": [
        {
          "label": "图像",
          "name": "IMAGE",
          "type": "IMAGE",
          "slot_index": 0,
          "links": [
            149,
            150
          ]
        },
        {
          "label": "遮罩",
          "name": "MASK",
          "type": "MASK",
          "slot_index": 1,
          "links": [
            148
          ]
        }
      ],
      "properties": {
        "cnr_id": "comfy-core",
        "ver": "0.3.40",
        "Node name for S&R": "LoadImage",
        "widget_ue_connectable": {}
      },
      "widgets_values": [
        "clipspace/clipspace-mask-28482162.5.png [input]",
        "image"
      ]
    },
    {
      "id": 61,
      "type": "CLIPTextEncode",
      "pos": [
        729.310546875,
        2155.787109375
      ],
      "size": [
        210,
        88
      ],
      "flags": {},
      "order": 5,
      "mode": 0,
      "inputs": [
        {
          "label": "CLIP",
          "name": "clip",
          "type": "CLIP",
          "link": 133
        }
      ],
      "outputs": [
        {
          "label": "条件",
          "name": "CONDITIONING",
          "type": "CONDITIONING",
          "slot_index": 0,
          "links": [
            122,
            123
          ]
        }
      ],
      "properties": {
        "cnr_id": "comfy-core",
        "ver": "0.3.26",
        "widget_ue_connectable": {
          "text": true
        },
        "Node name for S&R": "CLIPTextEncode"
      },
      "widgets_values": [
        "nothing ",
        [
          false,
          true
        ]
      ]
    },
    {
      "id": 59,
      "type": "LoraLoader",
      "pos": [
        1096.633056640625,
        1833.4752197265625
      ],
      "size": [
        445.5196838378906,
        152.10389709472656
      ],
      "flags": {},
      "order": 6,
      "mode": 0,
      "inputs": [
        {
          "label": "模型",
          "name": "model",
          "type": "MODEL",
          "link": 126
        },
        {
          "label": "CLIP",
          "name": "clip",
          "type": "CLIP",
          "link": 127
        }
      ],
      "outputs": [
        {
          "label": "模型",
          "name": "MODEL",
          "type": "MODEL",
          "slot_index": 0,
          "links": [
            142
          ]
        },
        {
          "label": "CLIP",
          "name": "CLIP",
          "type": "CLIP",
          "links": null
        }
      ],
      "properties": {
        "cnr_id": "comfy-core",
        "ver": "0.3.26",
        "widget_ue_connectable": {},
        "Node name for S&R": "LoraLoader"
      },
      "widgets_values": [
        "flux\\FLUX.1-Turbo-Alpha.safetensors",
        1,
        1
      ]
    },
    {
      "id": 60,
      "type": "InpaintModelConditioning",
      "pos": [
        1675.1995849609375,
        2019.16064453125
      ],
      "size": [
        270,
        138
      ],
      "flags": {},
      "order": 11,
      "mode": 0,
      "inputs": [
        {
          "label": "正面条件",
          "name": "positive",
          "type": "CONDITIONING",
          "link": 128
        },
        {
          "label": "负面条件",
          "name": "negative",
          "type": "CONDITIONING",
          "link": 129
        },
        {
          "label": "VAE",
          "name": "vae",
          "type": "VAE",
          "link": 130
        },
        {
          "label": "图像",
          "name": "pixels",
          "type": "IMAGE",
          "link": 150
        },
        {
          "label": "遮罩",
          "name": "mask",
          "type": "MASK",
          "link": 132
        }
      ],
      "outputs": [
        {
          "label": "正面条件",
          "name": "positive",
          "type": "CONDITIONING",
          "links": [
            143
          ]
        },
        {
          "label": "负面条件",
          "name": "negative",
          "type": "CONDITIONING",
          "links": [
            144
          ]
        },
        {
          "label": "Latent",
          "name": "latent",
          "type": "LATENT",
          "links": [
            145
          ]
        }
      ],
      "properties": {
        "cnr_id": "comfy-core",
        "ver": "0.3.40",
        "widget_ue_connectable": {},
        "Node name for S&R": "InpaintModelConditioning"
      },
      "widgets_values": [
        true
      ]
    },
    {
      "id": 64,
      "type": "ControlNetInpaintingAliMamaApply",
      "pos": [
        1221.9757080078125,
        2053.91162109375
      ],
      "size": [
        315,
        206
      ],
      "flags": {
        "collapsed": false
      },
      "order": 10,
      "mode": 0,
      "inputs": [
        {
          "label": "正面条件",
          "name": "positive",
          "type": "CONDITIONING",
          "link": 136
        },
        {
          "label": "负面条件",
          "name": "negative",
          "type": "CONDITIONING",
          "link": 137
        },
        {
          "label": "ControlNet",
          "name": "control_net",
          "type": "CONTROL_NET",
          "link": 138
        },
        {
          "label": "VAE",
          "name": "vae",
          "type": "VAE",
          "link": 139
        },
        {
          "label": "图像",
          "name": "image",
          "type": "IMAGE",
          "link": 149
        },
        {
          "label": "遮罩",
          "name": "mask",
          "type": "MASK",
          "link": 141
        }
      ],
      "outputs": [
        {
          "label": "正面条件",
          "name": "positive",
          "type": "CONDITIONING",
          "slot_index": 0,
          "links": [
            128
          ]
        },
        {
          "label": "负面条件",
          "name": "negative",
          "type": "CONDITIONING",
          "slot_index": 1,
          "links": [
            129
          ]
        }
      ],
      "properties": {
        "cnr_id": "comfy-core",
        "ver": "0.3.26",
        "widget_ue_connectable": {},
        "Node name for S&R": "ControlNetInpaintingAliMamaApply"
      },
      "widgets_values": [
        0.6000000000000001,
        0,
        0.8000000000000002
      ]
    },
    {
      "id": 65,
      "type": "KSampler",
      "pos": [
        2008.542724609375,
        1858.25
      ],
      "size": [
        315,
        474
      ],
      "flags": {},
      "order": 12,
      "mode": 0,
      "inputs": [
        {
          "label": "模型",
          "name": "model",
          "type": "MODEL",
          "link": 142
        },
        {
          "label": "正面条件",
          "name": "positive",
          "type": "CONDITIONING",
          "link": 143
        },
        {
          "label": "负面条件",
          "name": "negative",
          "type": "CONDITIONING",
          "link": 144
        },
        {
          "label": "Latent",
          "name": "latent_image",
          "type": "LATENT",
          "link": 145
        }
      ],
      "outputs": [
        {
          "label": "Latent",
          "name": "LATENT",
          "type": "LATENT",
          "slot_index": 0,
          "links": [
            124
          ]
        }
      ],
      "properties": {
        "cnr_id": "comfy-core",
        "ver": "0.3.26",
        "widget_ue_connectable": {
          "seed": true
        },
        "Node name for S&R": "KSampler"
      },
      "widgets_values": [
        310458510480106,
        "randomize",
        8,
        1.5,
        "euler",
        "beta",
        0.5000000000000001
      ]
    }
  ],
  "links": [
    [
      122,
      61,
      0,
      51,
      0,
      "CONDITIONING"
    ],
    [
      123,
      61,
      0,
      52,
      0,
      "CONDITIONING"
    ],
    [
      124,
      65,
      0,
      58,
      0,
      "LATENT"
    ],
    [
      125,
      57,
      0,
      58,
      1,
      "VAE"
    ],
    [
      126,
      56,
      0,
      59,
      0,
      "MODEL"
    ],
    [
      127,
      55,
      0,
      59,
      1,
      "CLIP"
    ],
    [
      128,
      64,
      0,
      60,
      0,
      "CONDITIONING"
    ],
    [
      129,
      64,
      1,
      60,
      1,
      "CONDITIONING"
    ],
    [
      130,
      57,
      0,
      60,
      2,
      "VAE"
    ],
    [
      132,
      63,
      0,
      60,
      4,
      "MASK"
    ],
    [
      133,
      55,
      0,
      61,
      0,
      "CLIP"
    ],
    [
      134,
      58,
      0,
      62,
      0,
      "IMAGE"
    ],
    [
      136,
      52,
      0,
      64,
      0,
      "CONDITIONING"
    ],
    [
      137,
      51,
      0,
      64,
      1,
      "CONDITIONING"
    ],
    [
      138,
      53,
      0,
      64,
      2,
      "CONTROL_NET"
    ],
    [
      139,
      57,
      0,
      64,
      3,
      "VAE"
    ],
    [
      141,
      63,
      0,
      64,
      5,
      "MASK"
    ],
    [
      142,
      59,
      0,
      65,
      0,
      "MODEL"
    ],
    [
      143,
      60,
      0,
      65,
      1,
      "CONDITIONING"
    ],
    [
      144,
      60,
      1,
      65,
      2,
      "CONDITIONING"
    ],
    [
      145,
      60,
      2,
      65,
      3,
      "LATENT"
    ],
    [
      148,
      17,
      1,
      63,
      0,
      "MASK"
    ],
    [
      149,
      17,
      0,
      64,
      4,
      "IMAGE"
    ],
    [
      150,
      17,
      0,
      60,
      3,
      "IMAGE"
    ]
  ],
  "groups": [
    {
      "id": 1,
      "title": "万物迁移后小瑕疵去除",
      "bounding": [
        -112.39376068115234,
        1341.9127197265625,
        4180.23876953125,
        1484.524658203125
      ],
      "color": "#3f789e",
      "font_size": 100,
      "flags": {}
    }
  ],
  "config": {},
  "extra": {
    "ds": {
      "scale": 0.40909090909091744,
      "offset": [
        125.66900634765625,
        -1418.1304931640625
      ]
    },
    "ue_links": [],
    "links_added_by_ue": [],
    "frontendVersion": "1.21.7",
    "VHS_latentpreview": false,
    "VHS_latentpreviewrate": 0,
    "VHS_MetadataImage": true,
    "VHS_KeepIntermediate": true
  },
  "version": 0.4
}