{"id":"3b70f692-f74d-4986-99e8-2c380ad0dda7","revision":0,"last_node_id":97,"last_link_id":133,"nodes":[{"id":86,"type":"LayerUtility: ColorPicker","pos":[-4139.451171875,-2147.3349609375],"size":[267.0791931152344,102.32405090332031],"flags":{},"order":0,"mode":4,"inputs":[{"label":"颜色","localized_name":"颜色","name":"color","type":"COLOR","widget":{"name":"color"},"link":null},{"localized_name":"模式","name":"mode","type":"COMBO","widget":{"name":"mode"},"link":null}],"outputs":[{"label":"值","localized_name":"value","name":"value","type":"STRING","slot_index":0,"links":[122]}],"properties":{"cnr_id":"comfyui_layerstyle","ver":"1.0.90","Node name for S&R":"LayerUtility: ColorPicker","ue_properties":{"widget_ue_connectable":{"color":true},"version":"7.1","input_ue_unconnectable":{}}},"widgets_values":["#ffffff","HEX"],"color":"rgba(38, 73, 116, 0.7)"},{"id":81,"type":"LayerMask: BiRefNetUltraV2","pos":[-4160.9111328125,-1941.9031982421875],"size":[315,246],"flags":{},"order":15,"mode":4,"inputs":[{"label":"图像","localized_name":"图像","name":"image","type":"IMAGE","link":118},{"label":"BiRefNet模型","localized_name":"BiRefNet模型","name":"birefnet_model","type":"BIREFNET_MODEL","link":120},{"localized_name":"细节处理方法","name":"detail_method","type":"COMBO","widget":{"name":"detail_method"},"link":null},{"localized_name":"细节消融","name":"detail_erode","type":"INT","widget":{"name":"detail_erode"},"link":null},{"localized_name":"细节膨胀","name":"detail_dilate","type":"INT","widget":{"name":"detail_dilate"},"link":null},{"localized_name":"黑色阈值","name":"black_point","type":"FLOAT","widget":{"name":"black_point"},"link":null},{"localized_name":"白色阈值","name":"white_point","type":"FLOAT","widget":{"name":"white_point"},"link":null},{"localized_name":"处理细节","name":"process_detail","type":"BOOLEAN","widget":{"name":"process_detail"},"link":null},{"localized_name":"设备","name":"device","type":"COMBO","widget":{"name":"device"},"link":null},{"localized_name":"Vitmatte最大尺寸","name":"max_megapixels","type":"FLOAT","widget":{"name":"max_megapixels"},"link":null}],"outputs":[{"label":"图像","localized_name":"image","name":"image","type":"IMAGE","slot_index":0,"links":[119,121]},{"label":"遮罩","localized_name":"mask","name":"mask","type":"MASK","links":null}],"properties":{"cnr_id":"ComfyUI_LayerStyle_Advance","ver":"81412d350fa76308cbb47eb4e8805fb23e88ed67","Node name for S&R":"LayerMask: BiRefNetUltraV2","ue_properties":{"widget_ue_connectable":{},"version":"7.1","input_ue_unconnectable":{}}},"widgets_values":["GuidedFilter",8,2,0.01,0.99,false,"cuda",2],"color":"rgba(27, 80, 119, 0.7)"},{"id":85,"type":"LayerUtility: ImageRemoveAlpha","pos":[-3779.375,-2152.6904296875],"size":[315,122],"flags":{},"order":24,"mode":4,"inputs":[{"label":"RGBA图像","localized_name":"RGBA图像","name":"RGBA_image","type":"IMAGE","link":121},{"localized_name":"遮罩","name":"mask","shape":7,"type":"MASK","link":null},{"localized_name":"填充背景","name":"fill_background","type":"BOOLEAN","widget":{"name":"fill_background"},"link":null},{"label":"背景颜色","localized_name":"背景颜色","name":"background_color","type":"STRING","widget":{"name":"background_color"},"link":122}],"outputs":[{"label":"RGB图像","localized_name":"RGB_image","name":"RGB_image","type":"IMAGE","slot_index":0,"links":[123]}],"properties":{"cnr_id":"comfyui_layerstyle","ver":"1.0.90","Node name for S&R":"LayerUtility: ImageRemoveAlpha","ue_properties":{"widget_ue_connectable":{"background_color":true},"version":"7.1","input_ue_unconnectable":{}}},"widgets_values":[true,"#000000"],"color":"rgba(38, 73, 116, 0.7)"},{"id":83,"type":"PreviewImage","pos":[-3630.813232421875,-1820.7772216796875],"size":[210,246],"flags":{},"order":23,"mode":4,"inputs":[{"label":"图像","localized_name":"图像","name":"images","type":"IMAGE","link":119}],"outputs":[],"properties":{"cnr_id":"comfy-core","ver":"0.3.25","Node name for S&R":"PreviewImage","ue_properties":{"widget_ue_connectable":{},"version":"7.1","input_ue_unconnectable":{}}},"widgets_values":[]},{"id":84,"type":"LayerMask: LoadBiRefNetModelV2","pos":[-4525.55126953125,-2207.4248046875],"size":[352.79998779296875,59.830684661865234],"flags":{},"order":1,"mode":4,"inputs":[{"label":"version","localized_name":"版本","name":"version","type":"COMBO","widget":{"name":"version"},"link":null}],"outputs":[{"label":"birefnet_model","localized_name":"birefnet_model","name":"birefnet_model","type":"BIREFNET_MODEL","links":[120]}],"properties":{"cnr_id":"ComfyUI_LayerStyle_Advance","ver":"81412d350fa76308cbb47eb4e8805fb23e88ed67","Node name for S&R":"LayerMask: LoadBiRefNetModelV2","ue_properties":{"widget_ue_connectable":{},"version":"7.1","input_ue_unconnectable":{}}},"widgets_values":["RMBG-2.0"],"color":"rgba(27, 80, 119, 0.7)"},{"id":82,"type":"LoadImage","pos":[-4560.00732421875,-2079.86328125],"size":[315,314],"flags":{},"order":2,"mode":4,"inputs":[{"localized_name":"图像","name":"image","type":"COMBO","widget":{"name":"image"},"link":null},{"localized_name":"选择文件上传","name":"upload","type":"IMAGEUPLOAD","widget":{"name":"upload"},"link":null}],"outputs":[{"label":"图像","localized_name":"图像","name":"IMAGE","type":"IMAGE","links":[118]},{"label":"遮罩","localized_name":"遮罩","name":"MASK","type":"MASK","links":null}],"properties":{"cnr_id":"comfy-core","ver":"0.3.25","Node name for S&R":"LoadImage","ue_properties":{"widget_ue_connectable":{},"version":"7.1","input_ue_unconnectable":{}}},"widgets_values":["37b825272060d23ccd2e2c21542fcacca7bce09027b433-jSsHMd_fw1200.jpg","image"]},{"id":88,"type":"VHS_LoadImages","pos":[-5381.15966796875,-2173.674560546875],"size":[415.35498046875,194],"flags":{},"order":3,"mode":4,"inputs":[{"localized_name":"meta_batch","name":"meta_batch","shape":7,"type":"VHS_BatchManager","link":null},{"localized_name":"路径","name":"directory","type":"COMBO","widget":{"name":"directory"},"link":null},{"localized_name":"图像读取上限","name":"image_load_cap","shape":7,"type":"INT","widget":{"name":"image_load_cap"},"link":null},{"localized_name":"跳过前X张","name":"skip_first_images","shape":7,"type":"INT","widget":{"name":"skip_first_images"},"link":null},{"localized_name":"模选","name":"select_every_nth","shape":7,"type":"INT","widget":{"name":"select_every_nth"},"link":null}],"outputs":[{"label":"图像","localized_name":"图像","name":"IMAGE","type":"IMAGE","links":null},{"label":"遮罩","localized_name":"遮罩","name":"MASK","type":"MASK","links":null},{"localized_name":"frame_count","name":"frame_count","type":"INT","links":null}],"properties":{"cnr_id":"comfyui-videohelpersuite","ver":"f7369389620ff244ddd6086cf0fa792a569086f2","Node name for S&R":"VHS_LoadImages","ue_properties":{"widget_ue_connectable":{},"version":"7.1","input_ue_unconnectable":{}}},"widgets_values":{"directory":"3d","image_load_cap":0,"skip_first_images":0,"select_every_nth":1,"choose folder to upload":"image","videopreview":{"hidden":false,"paused":false,"params":{"filename":"3d","type":"input","format":"folder","image_load_cap":0,"skip_first_images":0,"select_every_nth":1}}}},{"id":61,"type":"LoadImage","pos":[-5386.79736328125,-43.4784049987793],"size":[503.6235046386719,789.6563110351562],"flags":{"pinned":true},"order":4,"mode":0,"inputs":[{"localized_name":"图像","name":"image","type":"COMBO","widget":{"name":"image"},"link":null},{"localized_name":"选择文件上传","name":"upload","type":"IMAGEUPLOAD","widget":{"name":"upload"},"link":null}],"outputs":[{"label":"图像","localized_name":"图像","name":"IMAGE","type":"IMAGE","links":[86]},{"label":"遮罩","localized_name":"遮罩","name":"MASK","type":"MASK","links":[85]}],"properties":{"cnr_id":"comfy-core","ver":"0.3.25","Node name for S&R":"LoadImage","ue_properties":{"widget_ue_connectable":{},"version":"7.1","input_ue_unconnectable":{}}},"widgets_values":["clipspace/clipspace-painted-masked-140969.png [input]","image"],"color":"#232","bgcolor":"#353"},{"id":50,"type":"Note","pos":[-5616.47509765625,8.311212539672852],"size":[210,270],"flags":{"pinned":true},"order":5,"mode":0,"inputs":[],"outputs":[],"properties":{"ue_properties":{"widget_ue_connectable":{},"version":"7.1","input_ue_unconnectable":{}}},"widgets_values":["上传模特图或者场景图\n\n并在图片上右键-在遮罩编辑器中打\n\n开-手动涂抹换装区域"],"color":"#432","bgcolor":"#653"},{"id":25,"type":"ImageResize+","pos":[-4805.67578125,-805.7943115234375],"size":[331.99945068359375,370.99505615234375],"flags":{"pinned":true},"order":19,"mode":0,"inputs":[{"label":"图像","localized_name":"image","name":"image","type":"IMAGE","link":31},{"label":"宽度","localized_name":"宽度","name":"width","type":"INT","widget":{"name":"width"},"link":69},{"label":"高度","localized_name":"高度","name":"height","type":"INT","widget":{"name":"height"},"link":70},{"localized_name":"插值","name":"interpolation","type":"COMBO","widget":{"name":"interpolation"},"link":null},{"localized_name":"method","name":"method","type":"COMBO","widget":{"name":"method"},"link":null},{"localized_name":"条件","name":"condition","type":"COMBO","widget":{"name":"condition"},"link":null},{"localized_name":"乘数","name":"multiple_of","type":"INT","widget":{"name":"multiple_of"},"link":null}],"outputs":[{"label":"图像","localized_name":"图像","name":"IMAGE","type":"IMAGE","slot_index":0,"links":[32,60,84,109]},{"label":"宽度","localized_name":"width","name":"width","type":"INT","slot_index":1,"links":[117]},{"label":"高度","localized_name":"height","name":"height","type":"INT","links":[]}],"properties":{"cnr_id":"comfyui_essentials","ver":"33ff89fd354d8ec3ab6affb605a79a931b445d99","Node name for S&R":"ImageResize+","ue_properties":{"widget_ue_connectable":{"width":true,"height":true},"version":"7.1","input_ue_unconnectable":{}}},"widgets_values":[2000,2000,"nearest","keep proportion","always",0]},{"id":47,"type":"Int","pos":[-4801.1669921875,-370.82464599609375],"size":[316.8536071777344,63.642635345458984],"flags":{"pinned":true},"order":6,"mode":0,"inputs":[{"localized_name":"Number","name":"Number","type":"STRING","widget":{"name":"Number"},"link":null}],"outputs":[{"label":"整数","localized_name":"整数","name":"INT","type":"INT","links":[69,70,71,72,73,74]}],"properties":{"cnr_id":"ComfyLiterals","ver":"bdddb08ca82d90d75d97b1d437a652e0284a32ac","Node name for S&R":"Int","ue_properties":{"widget_ue_connectable":{},"version":"7.1","input_ue_unconnectable":{}}},"widgets_values":["1000"]},{"id":26,"type":"ImageResize+","pos":[-4795.36328125,-216.46092224121094],"size":[340.4222717285156,392.0444641113281],"flags":{"pinned":true},"order":17,"mode":0,"inputs":[{"label":"图像","localized_name":"image","name":"image","type":"IMAGE","link":86},{"label":"宽度","localized_name":"宽度","name":"width","type":"INT","widget":{"name":"width"},"link":71},{"label":"高度","localized_name":"高度","name":"height","type":"INT","widget":{"name":"height"},"link":72},{"localized_name":"插值","name":"interpolation","type":"COMBO","widget":{"name":"interpolation"},"link":null},{"localized_name":"method","name":"method","type":"COMBO","widget":{"name":"method"},"link":null},{"localized_name":"条件","name":"condition","type":"COMBO","widget":{"name":"condition"},"link":null},{"localized_name":"乘数","name":"multiple_of","type":"INT","widget":{"name":"multiple_of"},"link":null}],"outputs":[{"label":"图像","localized_name":"图像","name":"IMAGE","type":"IMAGE","slot_index":0,"links":[59,81]},{"label":"宽度","localized_name":"width","name":"width","type":"INT","slot_index":1,"links":[]},{"label":"高度","localized_name":"height","name":"height","type":"INT","links":[]}],"properties":{"cnr_id":"comfyui_essentials","ver":"33ff89fd354d8ec3ab6affb605a79a931b445d99","Node name for S&R":"ImageResize+","ue_properties":{"widget_ue_connectable":{"width":true,"height":true},"version":"7.1","input_ue_unconnectable":{}}},"widgets_values":[2000,2000,"nearest","keep proportion","always",0]},{"id":28,"type":"MaskToImage","pos":[-4792.03076171875,245.6278076171875],"size":[327.0055847167969,43.33957290649414],"flags":{"pinned":true},"order":16,"mode":0,"inputs":[{"label":"遮罩","localized_name":"遮罩","name":"mask","type":"MASK","link":85}],"outputs":[{"label":"图像","localized_name":"图像","name":"IMAGE","type":"IMAGE","slot_index":0,"links":[40]}],"properties":{"cnr_id":"comfy-core","ver":"0.3.25","Node name for S&R":"MaskToImage","ue_properties":{"widget_ue_connectable":{},"version":"7.1","input_ue_unconnectable":{}}},"widgets_values":[]},{"id":89,"type":"Note","pos":[-4387.15283203125,-972.348388671875],"size":[488.9620056152344,122.42854309082031],"flags":{"pinned":true},"order":7,"mode":0,"inputs":[],"outputs":[],"properties":{"ue_properties":{"widget_ue_connectable":{},"version":"7.1","input_ue_unconnectable":{}}},"widgets_values":["如果图像抠图不准确\n1、修改prompt，需要扣除图像的英文填写进去\n2、model_name选择：sam_vit_h(2.56GB)"],"color":"#432","bgcolor":"#653"},{"id":66,"type":"Image Comparer (rgthree)","pos":[-7258.43408203125,-848.3673095703125],"size":[1260,1260],"flags":{},"order":46,"mode":0,"inputs":[{"dir":3,"label":"图像_A","name":"image_a","type":"IMAGE","link":93},{"dir":3,"label":"图像_B","name":"image_b","type":"IMAGE","link":94}],"outputs":[],"properties":{"cnr_id":"rgthree-comfy","ver":"5d771b8b56a343c24a26e8cea1f0c87c3d58102f","comparer_mode":"Slide","ue_properties":{"widget_ue_connectable":{},"version":"7.1","input_ue_unconnectable":{}}},"widgets_values":[[{"name":"A","selected":true,"url":"/api/view?filename=rgthree.compare._temp_yecvx_00001_.png&type=temp&subfolder=&rand=0.07974895418843009"},{"name":"B","selected":true,"url":"/api/view?filename=rgthree.compare._temp_yecvx_00002_.png&type=temp&subfolder=&rand=0.28927252876388077"}]]},{"id":21,"type":"CLIPVisionLoader","pos":[-3203.73583984375,-148.41543579101562],"size":[275.3966064453125,58],"flags":{"pinned":true},"order":8,"mode":0,"inputs":[{"localized_name":"CLIP名称","name":"clip_name","type":"COMBO","widget":{"name":"clip_name"},"link":null}],"outputs":[{"label":"CLIP视觉","localized_name":"CLIP视觉","name":"CLIP_VISION","type":"CLIP_VISION","links":[29]}],"properties":{"cnr_id":"comfy-core","ver":"0.3.25","Node name for S&R":"CLIPVisionLoader","ue_properties":{"widget_ue_connectable":{},"version":"7.1","input_ue_unconnectable":{}}},"widgets_values":["sigclip_vision_patch14_384.safetensors"]},{"id":16,"type":"VAELoader","pos":[-3189.9072265625,10.865973472595215],"size":[260,60],"flags":{"pinned":true},"order":9,"mode":0,"inputs":[{"localized_name":"vae名称","name":"vae_name","type":"COMBO","widget":{"name":"vae_name"},"link":null}],"outputs":[{"label":"VAE","localized_name":"VAE","name":"VAE","type":"VAE","slot_index":0,"links":[110]}],"properties":{"cnr_id":"comfy-core","ver":"0.3.25","Node name for S&R":"VAELoader","ue_properties":{"widget_ue_connectable":{},"version":"7.1","input_ue_unconnectable":{}}},"widgets_values":["ae.safetensors"]},{"id":72,"type":"Anything Everywhere","pos":[-3174.696533203125,149.84471130371094],"size":[239.4830322265625,106],"flags":{"pinned":true},"order":18,"mode":0,"inputs":[{"color_on":"","label":"输入","localized_name":"anything","name":"anything","shape":7,"type":"输入","link":null},{"color_on":"","label":"输入2","localized_name":"anything2","name":"anything2","shape":7,"type":"输入2","link":null},{"color_on":"","label":"输入3","localized_name":"anything3","name":"anything3","shape":7,"type":"输入3","link":null},{"color_on":"#FF6E6E","label":"输入","localized_name":"VAE","name":"VAE","shape":7,"type":"VAE","link":110},{"label":"anything","name":"anything13","type":"*","link":null}],"outputs":[],"properties":{"aux_id":"chrisgoringe/cg-use-everywhere","ver":"8017bc6b063f45db6b986d9fc8bb76bd3234b838","Node name for S&R":"Anything Everywhere3","cnr_id":"cg-use-everywhere","ue_properties":{"version":"7.1","group_restricted":0,"color_restricted":0,"input_ue_unconnectable":{},"next_input_index":13,"widget_ue_connectable":{}}},"widgets_values":[]},{"id":7,"type":"CLIPTextEncode","pos":[-3127.97216796875,322.4519958496094],"size":[425.27801513671875,180.6060791015625],"flags":{"collapsed":true},"order":21,"mode":0,"inputs":[{"label":"CLIP","localized_name":"clip","name":"clip","type":"CLIP","link":14},{"localized_name":"文本","name":"text","type":"STRING","widget":{"name":"text"},"link":null}],"outputs":[{"label":"条件","localized_name":"条件","name":"CONDITIONING","type":"CONDITIONING","slot_index":0,"links":[21]}],"properties":{"cnr_id":"comfy-core","ver":"0.3.25","Node name for S&R":"CLIPTextEncode","ue_properties":{"widget_ue_connectable":{},"version":"7.1","input_ue_unconnectable":{}}},"widgets_values":["",[false,true]]},{"id":11,"type":"FluxGuidance","pos":[-2813.6689453125,-314.6368103027344],"size":[317.4000244140625,58],"flags":{},"order":31,"mode":0,"inputs":[{"label":"条件","localized_name":"条件","name":"conditioning","type":"CONDITIONING","link":10},{"localized_name":"引导","name":"guidance","type":"FLOAT","widget":{"name":"guidance"},"link":null}],"outputs":[{"label":"条件","localized_name":"条件","name":"CONDITIONING","type":"CONDITIONING","slot_index":0,"links":[11]}],"properties":{"cnr_id":"comfy-core","ver":"0.3.25","Node name for S&R":"FluxGuidance","ue_properties":{"widget_ue_connectable":{},"version":"7.1","input_ue_unconnectable":{}}},"widgets_values":[30]},{"id":19,"type":"StyleModelLoader","pos":[-2807.236572265625,-193.18675231933594],"size":[315,58],"flags":{},"order":10,"mode":0,"inputs":[{"localized_name":"风格模型名称","name":"style_model_name","type":"COMBO","widget":{"name":"style_model_name"},"link":null}],"outputs":[{"label":"风格模型","localized_name":"风格模型","name":"STYLE_MODEL","type":"STYLE_MODEL","links":[27]}],"properties":{"cnr_id":"comfy-core","ver":"0.3.25","Node name for S&R":"StyleModelLoader","ue_properties":{"widget_ue_connectable":{},"version":"7.1","input_ue_unconnectable":{}}},"widgets_values":["flux1-redux-dev.safetensors"]},{"id":20,"type":"CLIPVisionEncode","pos":[-2801.9482421875,-58.490657806396484],"size":[310,78],"flags":{},"order":27,"mode":0,"inputs":[{"label":"CLIP视觉","localized_name":"clip视觉","name":"clip_vision","type":"CLIP_VISION","link":29},{"label":"图像","localized_name":"图像","name":"image","type":"IMAGE","link":32},{"localized_name":"裁剪","name":"crop","type":"COMBO","widget":{"name":"crop"},"link":null}],"outputs":[{"label":"CLIP视觉输出","localized_name":"CLIP视觉输出","name":"CLIP_VISION_OUTPUT","type":"CLIP_VISION_OUTPUT","links":[28]}],"properties":{"cnr_id":"comfy-core","ver":"0.3.25","Node name for S&R":"CLIPVisionEncode","ue_properties":{"widget_ue_connectable":{},"version":"7.1","input_ue_unconnectable":{}}},"widgets_values":["center"]},{"id":10,"type":"StyleModelApply","pos":[-2788.283935546875,91.5899887084961],"size":[265.1783447265625,224.8732147216797],"flags":{},"order":37,"mode":0,"inputs":[{"label":"条件","localized_name":"条件","name":"conditioning","type":"CONDITIONING","link":11},{"label":"风格模型","localized_name":"风格模型","name":"style_model","type":"STYLE_MODEL","link":27},{"label":"CLIP视觉输出","localized_name":"clip视觉输出","name":"clip_vision_output","type":"CLIP_VISION_OUTPUT","link":28},{"localized_name":"强度","name":"strength","type":"FLOAT","widget":{"name":"strength"},"link":null},{"localized_name":"强度类型","name":"strength_type","type":"COMBO","widget":{"name":"strength_type"},"link":null}],"outputs":[{"label":"条件","localized_name":"条件","name":"CONDITIONING","type":"CONDITIONING","slot_index":0,"links":[20]}],"properties":{"cnr_id":"comfy-core","ver":"0.3.25","Node name for S&R":"StyleModelApply","ue_properties":{"widget_ue_connectable":{},"version":"7.1","input_ue_unconnectable":{}}},"widgets_values":[1,"multiply"]},{"id":75,"type":"PreviewBridge","pos":[-2306.94970703125,-864.9154052734375],"size":[315,338],"flags":{},"order":48,"mode":0,"inputs":[{"label":"图像","localized_name":"images","name":"images","type":"IMAGE","link":112},{"localized_name":"图像","name":"image","type":"STRING","widget":{"name":"image"},"link":null},{"localized_name":"block","name":"block","shape":7,"type":"BOOLEAN","widget":{"name":"block"},"link":null},{"localized_name":"restore_mask","name":"restore_mask","shape":7,"type":"COMBO","widget":{"name":"restore_mask"},"link":null}],"outputs":[{"label":"图像","localized_name":"图像","name":"IMAGE","type":"IMAGE","slot_index":0,"links":[113]},{"label":"遮罩","localized_name":"遮罩","name":"MASK","type":"MASK","links":null}],"properties":{"cnr_id":"comfyui-impact-pack","ver":"1ae7cae2df8cca06027edfa3a24512671239d6c4","Node name for S&R":"PreviewBridge","ue_properties":{"widget_ue_connectable":{},"version":"7.1","input_ue_unconnectable":{}}},"widgets_values":["$75-0",false,"never"]},{"id":8,"type":"VAEDecode","pos":[-2287.275390625,-436.3894348144531],"size":[140,50],"flags":{},"order":44,"mode":0,"inputs":[{"label":"Latent","localized_name":"Latent","name":"samples","type":"LATENT","link":7},{"label":"VAE","localized_name":"vae","name":"vae","type":"VAE","link":null}],"outputs":[{"label":"图像","localized_name":"图像","name":"IMAGE","type":"IMAGE","slot_index":0,"links":[50]}],"properties":{"cnr_id":"comfy-core","ver":"0.3.25","Node name for S&R":"VAEDecode","ue_properties":{"widget_ue_connectable":{},"version":"7.1","input_ue_unconnectable":{}}},"widgets_values":[]},{"id":42,"type":"ImageConcanate","pos":[-3833.354736328125,-673.8709716796875],"size":[315,102],"flags":{"collapsed":true,"pinned":true},"order":28,"mode":0,"inputs":[{"label":"图像_1","localized_name":"image1","name":"image1","type":"IMAGE","link":60},{"label":"图像_2","localized_name":"image2","name":"image2","type":"IMAGE","link":59},{"localized_name":"方向","name":"direction","type":"COMBO","widget":{"name":"direction"},"link":null},{"localized_name":"match_image_size","name":"match_image_size","type":"BOOLEAN","widget":{"name":"match_image_size"},"link":null}],"outputs":[{"label":"图像","localized_name":"图像","name":"IMAGE","type":"IMAGE","slot_index":0,"links":[61,66,94]}],"properties":{"cnr_id":"comfyui-kjnodes","ver":"9a3434ffa335a16949aa4c3196a2cd37ba7b4876","Node name for S&R":"ImageConcanate","ue_properties":{"widget_ue_connectable":{},"version":"7.1","input_ue_unconnectable":{}}},"widgets_values":["right",true],"color":"#232","bgcolor":"#353"},{"id":37,"type":"ImageConcanate","pos":[-3844.380615234375,-733.97509765625],"size":[210,102],"flags":{"collapsed":true,"pinned":true},"order":39,"mode":0,"inputs":[{"label":"图像_1","localized_name":"image1","name":"image1","type":"IMAGE","link":52},{"label":"图像_2","localized_name":"image2","name":"image2","type":"IMAGE","link":82},{"localized_name":"方向","name":"direction","type":"COMBO","widget":{"name":"direction"},"link":null},{"localized_name":"match_image_size","name":"match_image_size","type":"BOOLEAN","widget":{"name":"match_image_size"},"link":null}],"outputs":[{"label":"图像","localized_name":"图像","name":"IMAGE","type":"IMAGE","slot_index":0,"links":[56]}],"properties":{"cnr_id":"comfyui-kjnodes","ver":"9a3434ffa335a16949aa4c3196a2cd37ba7b4876","Node name for S&R":"ImageConcanate","ue_properties":{"widget_ue_connectable":{},"version":"7.1","input_ue_unconnectable":{}}},"widgets_values":["right",true],"color":"#232","bgcolor":"#353"},{"id":40,"type":"ImageToMask","pos":[-3677.84228515625,-680.44921875],"size":[210,60],"flags":{"collapsed":true,"pinned":true},"order":40,"mode":0,"inputs":[{"label":"图像","localized_name":"图像","name":"image","type":"IMAGE","link":56},{"localized_name":"通道","name":"channel","type":"COMBO","widget":{"name":"channel"},"link":null}],"outputs":[{"label":"遮罩","localized_name":"遮罩","name":"MASK","type":"MASK","slot_index":0,"links":[57]}],"properties":{"cnr_id":"comfy-core","ver":"0.3.25","Node name for S&R":"ImageToMask","ue_properties":{"widget_ue_connectable":{},"version":"7.1","input_ue_unconnectable":{}}},"widgets_values":["red"]},{"id":57,"type":"Image Filter Adjustments","pos":[-4356.64208984375,128.4306640625],"size":[315,226],"flags":{"collapsed":true,"pinned":true},"order":26,"mode":0,"inputs":[{"label":"图像","localized_name":"image","name":"image","type":"IMAGE","link":81},{"localized_name":"明度","name":"brightness","type":"FLOAT","widget":{"name":"brightness"},"link":null},{"localized_name":"对比度","name":"contrast","type":"FLOAT","widget":{"name":"contrast"},"link":null},{"localized_name":"饱和度","name":"saturation","type":"FLOAT","widget":{"name":"saturation"},"link":null},{"localized_name":"锐度","name":"sharpness","type":"FLOAT","widget":{"name":"sharpness"},"link":null},{"localized_name":"模糊","name":"blur","type":"INT","widget":{"name":"blur"},"link":null},{"localized_name":"高斯模糊","name":"gaussian_blur","type":"FLOAT","widget":{"name":"gaussian_blur"},"link":null},{"localized_name":"边缘强化","name":"edge_enhance","type":"FLOAT","widget":{"name":"edge_enhance"},"link":null},{"localized_name":"细节强化","name":"detail_enhance","type":"COMBO","widget":{"name":"detail_enhance"},"link":null}],"outputs":[{"label":"图像","localized_name":"图像","name":"IMAGE","type":"IMAGE","slot_index":0,"links":[82]}],"properties":{"cnr_id":"pr-was-node-suite-comfyui-47064894","ver":"9ae952b1b435d2bd846bfe6516919b5a8b9201aa","Node name for S&R":"Image Filter Adjustments","ue_properties":{"widget_ue_connectable":{},"version":"7.1","input_ue_unconnectable":{}}},"widgets_values":[-1,0,0,0,0,0,0,"false"]},{"id":59,"type":"Image Filter Adjustments","pos":[-4339.115234375,45.42641067504883],"size":[326.7539367675781,226],"flags":{"collapsed":true,"pinned":true},"order":29,"mode":0,"inputs":[{"label":"图像","localized_name":"image","name":"image","type":"IMAGE","link":84},{"localized_name":"明度","name":"brightness","type":"FLOAT","widget":{"name":"brightness"},"link":null},{"localized_name":"对比度","name":"contrast","type":"FLOAT","widget":{"name":"contrast"},"link":null},{"localized_name":"饱和度","name":"saturation","type":"FLOAT","widget":{"name":"saturation"},"link":null},{"localized_name":"锐度","name":"sharpness","type":"FLOAT","widget":{"name":"sharpness"},"link":null},{"localized_name":"模糊","name":"blur","type":"INT","widget":{"name":"blur"},"link":null},{"localized_name":"高斯模糊","name":"gaussian_blur","type":"FLOAT","widget":{"name":"gaussian_blur"},"link":null},{"localized_name":"边缘强化","name":"edge_enhance","type":"FLOAT","widget":{"name":"edge_enhance"},"link":null},{"localized_name":"细节强化","name":"detail_enhance","type":"COMBO","widget":{"name":"detail_enhance"},"link":null}],"outputs":[{"label":"图像","localized_name":"图像","name":"IMAGE","type":"IMAGE","slot_index":0,"links":[83]}],"properties":{"cnr_id":"pr-was-node-suite-comfyui-47064894","ver":"9ae952b1b435d2bd846bfe6516919b5a8b9201aa","Node name for S&R":"Image Filter Adjustments","ue_properties":{"widget_ue_connectable":{},"version":"7.1","input_ue_unconnectable":{}}},"widgets_values":[-1,1,1,1,0,0,0,"false"]},{"id":43,"type":"ImageConcanate","pos":[-4213.9560546875,117.86609649658203],"size":[315,102],"flags":{"collapsed":true,"pinned":true},"order":35,"mode":0,"inputs":[{"label":"图像_1","localized_name":"image1","name":"image1","type":"IMAGE","link":83},{"label":"图像_2","localized_name":"image2","name":"image2","type":"IMAGE","link":62},{"localized_name":"方向","name":"direction","type":"COMBO","widget":{"name":"direction"},"link":null},{"localized_name":"match_image_size","name":"match_image_size","type":"BOOLEAN","widget":{"name":"match_image_size"},"link":null}],"outputs":[{"label":"图像","localized_name":"图像","name":"IMAGE","type":"IMAGE","slot_index":0,"links":[67]}],"properties":{"cnr_id":"comfyui-kjnodes","ver":"9a3434ffa335a16949aa4c3196a2cd37ba7b4876","Node name for S&R":"ImageConcanate","ue_properties":{"widget_ue_connectable":{},"version":"7.1","input_ue_unconnectable":{}}},"widgets_values":["right",true],"color":"#232","bgcolor":"#353"},{"id":45,"type":"PreviewImage","pos":[-3865.360595703125,-771.0665893554688],"size":[474.5208740234375,503.8634033203125],"flags":{"pinned":true},"order":34,"mode":0,"inputs":[{"label":"图像","localized_name":"图像","name":"images","type":"IMAGE","link":66}],"outputs":[],"properties":{"cnr_id":"comfy-core","ver":"0.3.25","Node name for S&R":"PreviewImage","ue_properties":{"widget_ue_connectable":{},"version":"7.1","input_ue_unconnectable":{}}},"widgets_values":[]},{"id":30,"type":"ImageToMask","pos":[-4238.56591796875,164.4834442138672],"size":[210,60],"flags":{"collapsed":true,"pinned":true},"order":38,"mode":0,"inputs":[{"label":"图像","localized_name":"图像","name":"image","type":"IMAGE","link":67},{"localized_name":"通道","name":"channel","type":"COMBO","widget":{"name":"channel"},"link":null}],"outputs":[{"label":"遮罩","localized_name":"遮罩","name":"MASK","type":"MASK","slot_index":0,"links":[42]}],"properties":{"cnr_id":"comfy-core","ver":"0.3.25","Node name for S&R":"ImageToMask","ue_properties":{"widget_ue_connectable":{},"version":"7.1","input_ue_unconnectable":{}}},"widgets_values":["red"]},{"id":29,"type":"ImageResize+","pos":[-4385.72412109375,-184.83920288085938],"size":[365.8090515136719,422.3174743652344],"flags":{"pinned":true},"order":25,"mode":0,"inputs":[{"label":"图像","localized_name":"image","name":"image","type":"IMAGE","link":40},{"label":"宽度","localized_name":"宽度","name":"width","type":"INT","widget":{"name":"width"},"link":73},{"label":"高度","localized_name":"高度","name":"height","type":"INT","widget":{"name":"height"},"link":74},{"localized_name":"插值","name":"interpolation","type":"COMBO","widget":{"name":"interpolation"},"link":null},{"localized_name":"method","name":"method","type":"COMBO","widget":{"name":"method"},"link":null},{"localized_name":"条件","name":"condition","type":"COMBO","widget":{"name":"condition"},"link":null},{"localized_name":"乘数","name":"multiple_of","type":"INT","widget":{"name":"multiple_of"},"link":null}],"outputs":[{"label":"图像","localized_name":"图像","name":"IMAGE","type":"IMAGE","slot_index":0,"links":[62]},{"label":"宽度","localized_name":"width","name":"width","type":"INT"},{"label":"高度","localized_name":"height","name":"height","type":"INT"}],"properties":{"cnr_id":"comfyui_essentials","ver":"33ff89fd354d8ec3ab6affb605a79a931b445d99","Node name for S&R":"ImageResize+","ue_properties":{"widget_ue_connectable":{"width":true,"height":true},"version":"7.1","input_ue_unconnectable":{}}},"widgets_values":[2000,2000,"nearest","keep proportion","always",0]},{"id":22,"type":"LoadImage","pos":[-5385.1376953125,-816.8856811523438],"size":[527.2364501953125,689.561767578125],"flags":{"pinned":true},"order":11,"mode":0,"inputs":[{"localized_name":"图像","name":"image","type":"COMBO","widget":{"name":"image"},"link":null},{"localized_name":"选择文件上传","name":"upload","type":"IMAGEUPLOAD","widget":{"name":"upload"},"link":null}],"outputs":[{"label":"图像","localized_name":"图像","name":"IMAGE","type":"IMAGE","slot_index":0,"links":[31]},{"label":"遮罩","localized_name":"遮罩","name":"MASK","type":"MASK"}],"properties":{"cnr_id":"comfy-core","ver":"0.3.25","Node name for S&R":"LoadImage","ue_properties":{"widget_ue_connectable":{},"version":"7.1","input_ue_unconnectable":{}}},"widgets_values":["a2a808fe6fe545ae54f435e3bdb84f1f.jpg","image"],"color":"#232","bgcolor":"#353"},{"id":38,"type":"MaskToImage","pos":[-4056.046875,-600.1015625],"size":[140,26],"flags":{"collapsed":true,"pinned":true},"order":36,"mode":0,"inputs":[{"label":"遮罩","localized_name":"遮罩","name":"mask","type":"MASK","link":108}],"outputs":[{"label":"图像","localized_name":"图像","name":"IMAGE","type":"IMAGE","slot_index":0,"links":[52]}],"properties":{"cnr_id":"comfy-core","ver":"0.3.25","Node name for S&R":"MaskToImage","ue_properties":{"widget_ue_connectable":{},"version":"7.1","input_ue_unconnectable":{}}},"widgets_values":[]},{"id":48,"type":"Note","pos":[-5622.84326171875,-697.5171508789062],"size":[214.86447143554688,107.52565002441406],"flags":{},"order":12,"mode":0,"inputs":[],"outputs":[],"properties":{"ue_properties":{"widget_ue_connectable":{},"version":"7.1","input_ue_unconnectable":{}}},"widgets_values":["上传服装或者产品图"],"color":"#432","bgcolor":"#653"},{"id":17,"type":"InpaintModelConditioning","pos":[-2347.388916015625,-283.4326477050781],"size":[315,138],"flags":{},"order":42,"mode":0,"inputs":[{"label":"正面条件","localized_name":"正面条件","name":"positive","type":"CONDITIONING","link":20},{"label":"负面条件","localized_name":"负面条件","name":"negative","type":"CONDITIONING","link":21},{"label":"VAE","localized_name":"vae","name":"vae","type":"VAE","link":null},{"label":"图像","localized_name":"像素","name":"pixels","type":"IMAGE","link":37},{"label":"遮罩","localized_name":"遮罩","name":"mask","type":"MASK","link":38},{"localized_name":"噪波遮罩","name":"noise_mask","type":"BOOLEAN","widget":{"name":"noise_mask"},"link":null}],"outputs":[{"label":"正面条件","localized_name":"正面条件","name":"positive","type":"CONDITIONING","slot_index":0,"links":[22]},{"label":"负面条件","localized_name":"负面条件","name":"negative","type":"CONDITIONING","slot_index":1,"links":[23]},{"label":"Latent","localized_name":"Latent","name":"latent","type":"LATENT","links":[19]}],"properties":{"cnr_id":"comfy-core","ver":"0.3.25","Node name for S&R":"InpaintModelConditioning","ue_properties":{"widget_ue_connectable":{},"version":"7.1","input_ue_unconnectable":{}}},"widgets_values":[false]},{"id":34,"type":"InpaintStitch","pos":[-2720.264404296875,-596.4156494140625],"size":[315,78],"flags":{"collapsed":true},"order":45,"mode":0,"inputs":[{"label":"接缝","localized_name":"stitch","name":"stitch","type":"STITCH","link":48},{"label":"图像","localized_name":"inpainted_image","name":"inpainted_image","type":"IMAGE","link":50},{"localized_name":"缩放算法","name":"rescale_algorithm","type":"COMBO","widget":{"name":"rescale_algorithm"},"link":null}],"outputs":[{"label":"图像","localized_name":"image","name":"image","type":"IMAGE","slot_index":0,"links":[93,111,112]}],"properties":{"cnr_id":"comfyui-inpaint-cropandstitch","ver":"1.0.0","Node name for S&R":"InpaintStitch","ue_properties":{"widget_ue_connectable":{},"version":"7.1","input_ue_unconnectable":{}}},"widgets_values":["bislerp"]},{"id":27,"type":"InpaintCrop","pos":[-3275.418701171875,-826.9000244140625],"size":[440,458],"flags":{"pinned":true},"order":41,"mode":0,"inputs":[{"label":"图像","localized_name":"image","name":"image","type":"IMAGE","link":61},{"label":"遮罩","localized_name":"mask","name":"mask","type":"MASK","link":42},{"label":"上下文遮罩(可选)","localized_name":"optional_context_mask","name":"optional_context_mask","shape":7,"type":"MASK","link":57},{"localized_name":"上下文像素扩展","name":"context_expand_pixels","type":"INT","widget":{"name":"context_expand_pixels"},"link":null},{"localized_name":"上下文系数扩展","name":"context_expand_factor","type":"FLOAT","widget":{"name":"context_expand_factor"},"link":null},{"localized_name":"填充遮罩缺口","name":"fill_mask_holes","type":"BOOLEAN","widget":{"name":"fill_mask_holes"},"link":null},{"localized_name":"遮罩模糊","name":"blur_mask_pixels","type":"FLOAT","widget":{"name":"blur_mask_pixels"},"link":null},{"localized_name":"遮罩反转","name":"invert_mask","type":"BOOLEAN","widget":{"name":"invert_mask"},"link":null},{"localized_name":"混合图像","name":"blend_pixels","type":"FLOAT","widget":{"name":"blend_pixels"},"link":null},{"localized_name":"缩放算法","name":"rescale_algorithm","type":"COMBO","widget":{"name":"rescale_algorithm"},"link":null},{"localized_name":"模式","name":"mode","type":"COMBO","widget":{"name":"mode"},"link":null},{"localized_name":"强制宽度","name":"force_width","type":"INT","widget":{"name":"force_width"},"link":null},{"localized_name":"强制高度","name":"force_height","type":"INT","widget":{"name":"force_height"},"link":null},{"localized_name":"缩放系数","name":"rescale_factor","type":"FLOAT","widget":{"name":"rescale_factor"},"link":null},{"localized_name":"最小宽度","name":"min_width","type":"INT","widget":{"name":"min_width"},"link":null},{"localized_name":"最小高度","name":"min_height","type":"INT","widget":{"name":"min_height"},"link":null},{"localized_name":"最大宽度","name":"max_width","type":"INT","widget":{"name":"max_width"},"link":null},{"localized_name":"最大高度","name":"max_height","type":"INT","widget":{"name":"max_height"},"link":null},{"localized_name":"分区","name":"padding","type":"COMBO","widget":{"name":"padding"},"link":null}],"outputs":[{"label":"接缝","localized_name":"stitch","name":"stitch","type":"STITCH","slot_index":0,"links":[48]},{"label":"cropped_image","localized_name":"cropped_image","name":"cropped_image","type":"IMAGE","slot_index":1,"links":[37]},{"label":"cropped_mask","localized_name":"cropped_mask","name":"cropped_mask","type":"MASK","slot_index":2,"links":[38]}],"properties":{"cnr_id":"comfyui-inpaint-cropandstitch","ver":"1.0.0","Node name for S&R":"InpaintCrop","ue_properties":{"widget_ue_connectable":{},"version":"7.1","input_ue_unconnectable":{}}},"widgets_values":[20,1,true,10,false,16,"bicubic","ranged size",1024,1024,1,512,512,1800,1800,32]},{"id":12,"type":"DualCLIPLoader","pos":[-3223.044921875,-334.2122497558594],"size":[315,130],"flags":{"pinned":true},"order":13,"mode":0,"inputs":[{"localized_name":"CLIP1","name":"clip_name1","type":"COMBO","widget":{"name":"clip_name1"},"link":null},{"localized_name":"CLIP2","name":"clip_name2","type":"COMBO","widget":{"name":"clip_name2"},"link":null},{"localized_name":"类型","name":"type","type":"COMBO","widget":{"name":"type"},"link":null},{"localized_name":"设备","name":"device","shape":7,"type":"COMBO","widget":{"name":"device"},"link":null}],"outputs":[{"label":"CLIP","localized_name":"CLIP","name":"CLIP","type":"CLIP","slot_index":0,"links":[13,14]}],"properties":{"cnr_id":"comfy-core","ver":"0.3.25","Node name for S&R":"DualCLIPLoader","ue_properties":{"widget_ue_connectable":{},"version":"7.1","input_ue_unconnectable":{}}},"widgets_values":["flux\\clip_l.safetensors","flux\\t5xxl_fp8_e4m3fn.safetensors","flux","default"]},{"id":74,"type":"PreviewImage","pos":[-1835.9383544921875,-944.8334350585938],"size":[680,600],"flags":{"pinned":true},"order":47,"mode":0,"inputs":[{"label":"图像","localized_name":"图像","name":"images","type":"IMAGE","link":111}],"outputs":[],"properties":{"cnr_id":"comfy-core","ver":"0.3.25","Node name for S&R":"PreviewImage","ue_properties":{"widget_ue_connectable":{},"version":"7.1","input_ue_unconnectable":{}}},"widgets_values":[]},{"id":3,"type":"KSampler","pos":[-1908.490234375,-267.9559326171875],"size":[645.8856811523438,810.0106811523438],"flags":{"pinned":true},"order":43,"mode":0,"inputs":[{"label":"模型","localized_name":"模型","name":"model","type":"MODEL","link":15},{"label":"正面条件","localized_name":"正面条件","name":"positive","type":"CONDITIONING","link":22},{"label":"负面条件","localized_name":"负面条件","name":"negative","type":"CONDITIONING","link":23},{"label":"Latent","localized_name":"Latent图像","name":"latent_image","type":"LATENT","link":19},{"localized_name":"随机种","name":"seed","type":"INT","widget":{"name":"seed"},"link":null},{"localized_name":"步数","name":"steps","type":"INT","widget":{"name":"steps"},"link":null},{"localized_name":"CFG","name":"cfg","type":"FLOAT","widget":{"name":"cfg"},"link":null},{"localized_name":"采样器","name":"sampler_name","type":"COMBO","widget":{"name":"sampler_name"},"link":null},{"localized_name":"调度器","name":"scheduler","type":"COMBO","widget":{"name":"scheduler"},"link":null},{"localized_name":"降噪","name":"denoise","type":"FLOAT","widget":{"name":"denoise"},"link":null}],"outputs":[{"label":"Latent","localized_name":"Latent","name":"LATENT","type":"LATENT","slot_index":0,"links":[7]}],"properties":{"cnr_id":"comfy-core","ver":"0.3.25","Node name for S&R":"KSampler","ue_properties":{"widget_ue_connectable":{},"version":"7.1","input_ue_unconnectable":{}}},"widgets_values":[438430634102520,"randomize",28,1.5,"euler","simple",1]},{"id":13,"type":"DifferentialDiffusion","pos":[-2133.465576171875,2.9729068279266357],"size":[210,26],"flags":{"collapsed":false},"order":32,"mode":0,"inputs":[{"label":"模型","localized_name":"模型","name":"model","type":"MODEL","link":129}],"outputs":[{"label":"模型","localized_name":"模型","name":"MODEL","type":"MODEL","links":[15]}],"properties":{"cnr_id":"comfy-core","ver":"0.3.25","Node name for S&R":"DifferentialDiffusion","ue_properties":{"widget_ue_connectable":{},"version":"7.1","input_ue_unconnectable":{}}},"widgets_values":[]},{"id":6,"type":"CLIPTextEncode","pos":[-3131.25390625,262.25408935546875],"size":[422.84503173828125,164.31304931640625],"flags":{"collapsed":true},"order":20,"mode":0,"inputs":[{"label":"CLIP","localized_name":"clip","name":"clip","type":"CLIP","link":13},{"localized_name":"文本","name":"text","type":"STRING","widget":{"name":"text"},"link":null}],"outputs":[{"label":"条件","localized_name":"条件","name":"CONDITIONING","type":"CONDITIONING","slot_index":0,"links":[10]}],"properties":{"cnr_id":"comfy-core","ver":"0.3.25","Node name for S&R":"CLIPTextEncode","ue_properties":{"widget_ue_connectable":{},"version":"7.1","input_ue_unconnectable":{}}},"widgets_values":["",[false,true]]},{"id":87,"type":"SaveImage","pos":[-3230.8662109375,-2216.8642578125],"size":[801.7764892578125,800.9530029296875],"flags":{},"order":33,"mode":4,"inputs":[{"label":"图像","localized_name":"图片","name":"images","type":"IMAGE","link":123},{"localized_name":"文件名前缀","name":"filename_prefix","type":"STRING","widget":{"name":"filename_prefix"},"link":null}],"outputs":[],"properties":{"cnr_id":"comfy-core","ver":"0.3.25","Node name for S&R":"SaveImage","ue_properties":{"widget_ue_connectable":{},"version":"7.1","input_ue_unconnectable":{}}},"widgets_values":["ComfyUI"]},{"id":76,"type":"easy imageInsetCrop","pos":[-2760.4833984375,-878.9850463867188],"size":[315,174],"flags":{},"order":49,"mode":0,"inputs":[{"label":"图像","localized_name":"图像","name":"image","type":"IMAGE","link":113},{"localized_name":"测量","name":"measurement","type":"COMBO","widget":{"name":"measurement"},"link":null},{"label":"左","localized_name":"左","name":"left","type":"INT","widget":{"name":"left"},"link":117},{"localized_name":"右","name":"right","type":"INT","widget":{"name":"right"},"link":null},{"localized_name":"上","name":"top","type":"INT","widget":{"name":"top"},"link":null},{"localized_name":"下","name":"bottom","type":"INT","widget":{"name":"bottom"},"link":null}],"outputs":[{"label":"图像","localized_name":"图像","name":"IMAGE","type":"IMAGE","slot_index":0,"links":[116]}],"properties":{"cnr_id":"comfyui-easy-use","ver":"1.2.8","Node name for S&R":"easy imageInsetCrop","ue_properties":{"widget_ue_connectable":{"left":true},"version":"7.1","input_ue_unconnectable":{}}},"widgets_values":["Pixels",0,0,0,0]},{"id":71,"type":"workflow>语义分割","pos":[-4359.03857421875,-707.0106811523438],"size":[445.519287109375,374.2848815917969],"flags":{},"order":30,"mode":0,"inputs":[{"label":"图像","localized_name":"图像","name":"图像","type":"IMAGE","link":109},{"label":"model_name","localized_name":"model_name","name":"model_name","type":"COMBO","widget":{"name":"model_name"},"link":null},{"label":"GroundingDinoModelLoader (segment anything) model_name","localized_name":"GroundingDinoModelLoader (segment anything) model_name","name":"GroundingDinoModelLoader (segment anything) model_name","type":"COMBO","widget":{"name":"GroundingDinoModelLoader (segment anything) model_name"},"link":null},{"label":"prompt","localized_name":"prompt","name":"prompt","type":"STRING","widget":{"name":"prompt"},"link":null},{"label":"threshold","localized_name":"threshold","name":"threshold","type":"FLOAT","widget":{"name":"threshold"},"link":null}],"outputs":[{"label":"遮罩","localized_name":"遮罩","name":"遮罩","type":"MASK","links":[108]}],"properties":{"Node name for S&R":"workflow>语义分割","ue_properties":{"widget_ue_connectable":{},"version":"7.1","input_ue_unconnectable":{}}},"widgets_values":["sam_vit_h (2.56GB)","GroundingDINO_SwinT_OGC (694MB)","foods",0.3],"color":"#322","bgcolor":"#533"},{"id":97,"type":"LoraLoaderModelOnly","pos":[-2456.998291015625,-29.047290802001953],"size":[315,82],"flags":{},"order":22,"mode":0,"inputs":[{"label":"模型","localized_name":"模型","name":"model","type":"MODEL","link":128},{"localized_name":"LoRA名称","name":"lora_name","type":"COMBO","widget":{"name":"lora_name"},"link":null},{"localized_name":"模型强度","name":"strength_model","type":"FLOAT","widget":{"name":"strength_model"},"link":null}],"outputs":[{"label":"模型","localized_name":"模型","name":"MODEL","type":"MODEL","slot_index":0,"links":[129]}],"properties":{"cnr_id":"comfy-core","ver":"0.3.25","Node name for S&R":"LoraLoaderModelOnly","ue_properties":{"widget_ue_connectable":{},"version":"7.1","input_ue_unconnectable":{}}},"widgets_values":["comfyui_subject_lora16.safetensors",1]},{"id":15,"type":"UNETLoader","pos":[-2439.989013671875,127.90037536621094],"size":[300,82],"flags":{},"order":14,"mode":0,"inputs":[{"localized_name":"UNET名称","name":"unet_name","type":"COMBO","widget":{"name":"unet_name"},"link":null},{"localized_name":"剪枝类型","name":"weight_dtype","type":"COMBO","widget":{"name":"weight_dtype"},"link":null}],"outputs":[{"label":"模型","localized_name":"模型","name":"MODEL","type":"MODEL","slot_index":0,"links":[128]}],"properties":{"cnr_id":"comfy-core","ver":"0.3.25","Node name for S&R":"UNETLoader","ue_properties":{"widget_ue_connectable":{},"version":"7.1","input_ue_unconnectable":{}}},"widgets_values":["flux\\flux1-fill-dev.safetensors","fp8_e4m3fn"]},{"id":78,"type":"SaveImage","pos":[-956.447998046875,-920.152587890625],"size":[879.4451293945312,1410.964111328125],"flags":{},"order":50,"mode":0,"inputs":[{"label":"图像","localized_name":"图片","name":"images","type":"IMAGE","link":116},{"localized_name":"文件名前缀","name":"filename_prefix","type":"STRING","widget":{"name":"filename_prefix"},"link":null}],"outputs":[],"properties":{"cnr_id":"comfy-core","ver":"0.3.25","Node name for S&R":"SaveImage","ue_properties":{"widget_ue_connectable":{},"version":"7.1","input_ue_unconnectable":{}}},"widgets_values":["ComfyUI"]}],"links":[[7,3,0,8,0,"LATENT"],[10,6,0,11,0,"CONDITIONING"],[11,11,0,10,0,"CONDITIONING"],[13,12,0,6,0,"CLIP"],[14,12,0,7,0,"CLIP"],[15,13,0,3,0,"MODEL"],[19,17,2,3,3,"LATENT"],[20,10,0,17,0,"CONDITIONING"],[21,7,0,17,1,"CONDITIONING"],[22,17,0,3,1,"CONDITIONING"],[23,17,1,3,2,"CONDITIONING"],[27,19,0,10,1,"STYLE_MODEL"],[28,20,0,10,2,"CLIP_VISION_OUTPUT"],[29,21,0,20,0,"CLIP_VISION"],[31,22,0,25,0,"IMAGE"],[32,25,0,20,1,"IMAGE"],[37,27,1,17,3,"IMAGE"],[38,27,2,17,4,"MASK"],[40,28,0,29,0,"IMAGE"],[42,30,0,27,1,"MASK"],[48,27,0,34,0,"STITCH"],[50,8,0,34,1,"IMAGE"],[52,38,0,37,0,"IMAGE"],[56,37,0,40,0,"IMAGE"],[57,40,0,27,2,"MASK"],[59,26,0,42,1,"IMAGE"],[60,25,0,42,0,"IMAGE"],[61,42,0,27,0,"IMAGE"],[62,29,0,43,1,"IMAGE"],[66,42,0,45,0,"IMAGE"],[67,43,0,30,0,"IMAGE"],[69,47,0,25,1,"INT"],[70,47,0,25,2,"INT"],[71,47,0,26,1,"INT"],[72,47,0,26,2,"INT"],[73,47,0,29,1,"INT"],[74,47,0,29,2,"INT"],[81,26,0,57,0,"IMAGE"],[82,57,0,37,1,"IMAGE"],[83,59,0,43,0,"IMAGE"],[84,25,0,59,0,"IMAGE"],[85,61,1,28,0,"MASK"],[86,61,0,26,0,"IMAGE"],[93,34,0,66,0,"IMAGE"],[94,42,0,66,1,"IMAGE"],[108,71,0,38,0,"MASK"],[109,25,0,71,0,"IMAGE"],[110,16,0,72,3,"VAE"],[111,34,0,74,0,"IMAGE"],[112,34,0,75,0,"IMAGE"],[113,75,0,76,0,"IMAGE"],[116,76,0,78,0,"IMAGE"],[117,25,1,76,2,"INT"],[118,82,0,81,0,"IMAGE"],[119,81,0,83,0,"IMAGE"],[120,84,0,81,1,"BIREFNET_MODEL"],[121,81,0,85,0,"IMAGE"],[122,86,0,85,3,"STRING"],[123,85,0,87,0,"IMAGE"],[128,15,0,97,0,"MODEL"],[129,97,0,13,0,"MODEL"]],"groups":[{"id":2,"title":"Group","bounding":[-5698.380859375,-1056.160400390625,4589.01904296875,1922.7337646484375],"color":"#3f789e","font_size":24,"flags":{}},{"id":1,"title":"上传图像","bounding":[-5636.42919921875,-966.5806884765625,779.0672607421875,1769.2734375],"color":"#3f789e","font_size":66,"flags":{}},{"id":3,"title":"图像抠图换背景","bounding":[-4775.70751953125,-2311.485107421875,2514.09375,925.7709350585938],"color":"#3f789e","font_size":55,"flags":{}},{"id":4,"title":"批量上传图像","bounding":[-5619.6845703125,-2300.6806640625,800.285400390625,702.5946655273438],"color":"#3f789e","font_size":55,"flags":{}},{"id":5,"title":"1st_图像抠图换背景","bounding":[-5618.408203125,-2490.080810546875,3359.5556640625,151.11111450195312],"color":"#A88","font_size":100,"flags":{}},{"id":6,"title":"抠图","bounding":[-4392.080078125,-834.9715576171875,497.9596862792969,571.52685546875],"color":"#3f789e","font_size":24,"flags":{}},{"id":8,"title":"成品图","bounding":[-930.3628540039062,-1044.636474609375,1191.431640625,1885.8394775390625],"color":"#3f789e","font_size":24,"flags":{}}],"config":{},"extra":{"ds":{"scale":0.1,"offset":[12924.91639070755,4686.508316965004]},"0246.VERSION":[0,0,4],"groupNodes":{"语义分割":{"nodes":[{"id":-1,"type":"SAMModelLoader (segment anything)","pos":[-1970,50],"size":[315,58],"flags":{},"order":10,"mode":0,"inputs":[{"name":"model_name","localized_name":"model_name","type":"COMBO","widget":{"name":"model_name"},"boundingRect":[0,0,0,0],"link":null}],"outputs":[{"name":"SAM_MODEL","type":"SAM_MODEL","links":[],"label":"SAM模型","slot_index":0,"localized_name":"SAM_MODEL"}],"properties":{"Node name for S&R":"SAMModelLoader (segment anything)"},"widgets_values":["sam_vit_h (2.56GB)"],"index":0},{"id":-1,"type":"GroundingDinoModelLoader (segment anything)","pos":[-1970,190],"size":[315,58],"flags":{},"order":11,"mode":0,"inputs":[{"name":"model_name","localized_name":"model_name","type":"COMBO","widget":{"name":"model_name"},"boundingRect":[0,0,0,0],"link":null}],"outputs":[{"name":"GROUNDING_DINO_MODEL","type":"GROUNDING_DINO_MODEL","links":[],"label":"G-Dino模型","localized_name":"GROUNDING_DINO_MODEL"}],"properties":{"Node name for S&R":"GroundingDinoModelLoader (segment anything)"},"widgets_values":["GroundingDINO_SwinT_OGC (694MB)"],"index":1},{"id":-1,"type":"GroundingDinoSAMSegment (segment anything)","pos":[-1510,140],"size":[330,122],"flags":{},"order":22,"mode":0,"inputs":[{"name":"sam_model","type":"SAM_MODEL","link":null,"label":"SAM模型","localized_name":"sam_model"},{"name":"grounding_dino_model","type":"GROUNDING_DINO_MODEL","link":null,"label":"G-Dino模型","localized_name":"grounding_dino_model"},{"name":"image","type":"IMAGE","link":null,"label":"图像","localized_name":"image"},{"name":"prompt","localized_name":"prompt","type":"STRING","widget":{"name":"prompt"},"boundingRect":[0,0,0,0],"link":null},{"name":"threshold","localized_name":"threshold","type":"FLOAT","widget":{"name":"threshold"},"boundingRect":[0,0,0,0],"link":null}],"outputs":[{"name":"IMAGE","type":"IMAGE","links":[],"label":" 图像","slot_index":0,"localized_name":"图像"},{"name":"MASK","type":"MASK","links":[],"label":"遮罩","slot_index":1,"localized_name":"遮罩"}],"properties":{"Node name for S&R":"GroundingDinoSAMSegment (segment anything)"},"widgets_values":["clothes",0.3],"index":2},{"id":-1,"type":"PreviewImage","pos":[-1240,-480],"size":[310,250],"flags":{},"order":27,"mode":0,"inputs":[{"name":"images","type":"IMAGE","link":null,"label":"图像","localized_name":"图像"}],"outputs":[],"properties":{"Node name for S&R":"PreviewImage"},"index":3,"widgets_values":[]}],"links":[[0,0,2,0,67,"SAM_MODEL"],[1,0,2,1,69,"GROUNDING_DINO_MODEL"],[null,0,2,2,25,"IMAGE"],[2,0,3,0,68,"IMAGE"]],"external":[[2,1,"MASK"]]}},"node_versions":{"comfyui_layerstyle":"1.0.90","ComfyUI_LayerStyle_Advance":"81412d350fa76308cbb47eb4e8805fb23e88ed67","comfy-core":"0.3.18","comfyui-VideoHelperSuite":"f7369389620ff244ddd6086cf0fa792a569086f2","comfyui_essentials":"33ff89fd354d8ec3ab6affb605a79a931b445d99","ComfyLiterals":"bdddb08ca82d90d75d97b1d437a652e0284a32ac","rgthree-comfy":"5d771b8b56a343c24a26e8cea1f0c87c3d58102f","cg-use-everywhere":"8017bc6b063f45db6b986d9fc8bb76bd3234b838","comfyui-Impact-Pack":"1ae7cae2df8cca06027edfa3a24512671239d6c4","comfyui-KJNodes":"9a3434ffa335a16949aa4c3196a2cd37ba7b4876","pr-was-node-suite-comfyui-47064894":"056badacda52e88d29d6a65f9509cd3115ace0f2","comfyui-inpaint-cropandstitch":"1.0.0","comfyui-easy-use":"1.2.7"},"ue_links":[{"downstream":8,"downstream_slot":1,"upstream":"16","upstream_slot":0,"controller":72,"type":"VAE"},{"downstream":17,"downstream_slot":2,"upstream":"16","upstream_slot":0,"controller":72,"type":"VAE"}],"frontendVersion":"1.21.7","VHS_latentpreview":false,"VHS_latentpreviewrate":0,"links_added_by_ue":[132,133]},"version":0.4}