{
  "last_node_id": 298,
  "last_link_id": 561,
  "nodes": [
    {
      "id": 238,
      "type": "CLIPVisionEncode",
      "pos": [
        -344.5073547363281,
        -1741.9873046875
      ],
      "size": [
        315,
        78
      ],
      "flags": {
        "pinned": true
      },
      "order": 11,
      "mode": 0,
      "inputs": [
        {
          "name": "clip_vision",
          "label": "CLIP视觉",
          "type": "CLIP_VISION",
          "link": 431
        },
        {
          "name": "image",
          "label": "图像",
          "type": "IMAGE",
          "link": 432
        }
      ],
      "outputs": [
        {
          "name": "CLIP_VISION_OUTPUT",
          "label": "CLIP视觉输出",
          "type": "CLIP_VISION_OUTPUT",
          "links": [
            443
          ]
        }
      ],
      "properties": {
        "cnr_id": "comfy-core",
        "ver": "0.3.26",
        "Node name for S&R": "CLIPVisionEncode"
      },
      "widgets_values": [
        "center"
      ]
    },
    {
      "id": 233,
      "type": "UNETLoader",
      "pos": [
        -345.822998046875,
        -2537.35009765625
      ],
      "size": [
        315,
        82
      ],
      "flags": {
        "pinned": true
      },
      "order": 0,
      "mode": 0,
      "inputs": [],
      "outputs": [
        {
          "name": "MODEL",
          "label": "模型",
          "type": "MODEL",
          "links": [
            447,
            480
          ]
        }
      ],
      "properties": {
        "cnr_id": "comfy-core",
        "ver": "0.3.26",
        "Node name for S&R": "UNETLoader"
      },
      "widgets_values": [
        "flux\\flux1-fill-dev.safetensors",
        "default"
      ]
    },
    {
      "id": 234,
      "type": "VAELoader",
      "pos": [
        -348.425537109375,
        -2375.70361328125
      ],
      "size": [
        315,
        58
      ],
      "flags": {
        "pinned": true
      },
      "order": 1,
      "mode": 0,
      "inputs": [],
      "outputs": [
        {
          "name": "VAE",
          "type": "VAE",
          "links": [
            427,
            453,
            465,
            474
          ]
        }
      ],
      "properties": {
        "cnr_id": "comfy-core",
        "ver": "0.3.26",
        "Node name for S&R": "VAELoader"
      },
      "widgets_values": [
        "ae.safetensors"
      ]
    },
    {
      "id": 235,
      "type": "DualCLIPLoader",
      "pos": [
        -354.43817138671875,
        -2240.850830078125
      ],
      "size": [
        315,
        130
      ],
      "flags": {
        "pinned": true
      },
      "order": 2,
      "mode": 0,
      "inputs": [],
      "outputs": [
        {
          "name": "CLIP",
          "label": "CLIP",
          "type": "CLIP",
          "links": [
            435
          ]
        }
      ],
      "properties": {
        "cnr_id": "comfy-core",
        "ver": "0.3.26",
        "Node name for S&R": "DualCLIPLoader"
      },
      "widgets_values": [
        "flux\\t5xxl_fp8_e4m3fn.safetensors",
        "flux\\clip_l.safetensors",
        "flux",
        "default"
      ]
    },
    {
      "id": 236,
      "type": "StyleModelLoader",
      "pos": [
        -357.01507568359375,
        -2031.2080078125
      ],
      "size": [
        315,
        58
      ],
      "flags": {
        "pinned": true
      },
      "order": 3,
      "mode": 0,
      "inputs": [],
      "outputs": [
        {
          "name": "STYLE_MODEL",
          "label": "风格模型",
          "type": "STYLE_MODEL",
          "links": [
            442
          ]
        }
      ],
      "properties": {
        "cnr_id": "comfy-core",
        "ver": "0.3.26",
        "Node name for S&R": "StyleModelLoader"
      },
      "widgets_values": [
        "flux1-redux-dev.safetensors"
      ]
    },
    {
      "id": 237,
      "type": "CLIPVisionLoader",
      "pos": [
        -342.9622802734375,
        -1903.0140380859375
      ],
      "size": [
        319.8277282714844,
        58
      ],
      "flags": {
        "pinned": true
      },
      "order": 4,
      "mode": 0,
      "inputs": [],
      "outputs": [
        {
          "name": "CLIP_VISION",
          "label": "CLIP视觉",
          "type": "CLIP_VISION",
          "links": [
            431
          ]
        }
      ],
      "properties": {
        "cnr_id": "comfy-core",
        "ver": "0.3.26",
        "Node name for S&R": "CLIPVisionLoader"
      },
      "widgets_values": [
        "sigclip_vision_patch14_384.safetensors"
      ]
    },
    {
      "id": 240,
      "type": "CLIPTextEncode",
      "pos": [
        199.76568603515625,
        -2481.841796875
      ],
      "size": [
        318.04998779296875,
        221.90211486816406
      ],
      "flags": {
        "collapsed": true
      },
      "order": 10,
      "mode": 0,
      "inputs": [
        {
          "name": "clip",
          "label": "CLIP",
          "type": "CLIP",
          "link": 435
        }
      ],
      "outputs": [
        {
          "name": "CONDITIONING",
          "label": "条件",
          "type": "CONDITIONING",
          "links": [
            437,
            439,
            472
          ]
        }
      ],
      "properties": {
        "cnr_id": "comfy-core",
        "ver": "0.3.26",
        "Node name for S&R": "CLIPTextEncode"
      },
      "widgets_values": [
        "",
        [
          false,
          true
        ]
      ]
    },
    {
      "id": 242,
      "type": "StyleModelApply",
      "pos": [
        103.90473937988281,
        -2254.426513671875
      ],
      "size": [
        315,
        122
      ],
      "flags": {
        "pinned": true
      },
      "order": 21,
      "mode": 0,
      "inputs": [
        {
          "name": "conditioning",
          "label": "条件",
          "type": "CONDITIONING",
          "link": 441
        },
        {
          "name": "style_model",
          "label": "风格模型",
          "type": "STYLE_MODEL",
          "link": 442
        },
        {
          "name": "clip_vision_output",
          "label": "CLIP视觉输出",
          "type": "CLIP_VISION_OUTPUT",
          "link": 443
        }
      ],
      "outputs": [
        {
          "name": "CONDITIONING",
          "label": "条件",
          "type": "CONDITIONING",
          "links": [
            451
          ]
        }
      ],
      "properties": {
        "cnr_id": "comfy-core",
        "ver": "0.3.26",
        "Node name for S&R": "StyleModelApply"
      },
      "widgets_values": [
        1,
        "multiply"
      ]
    },
    {
      "id": 244,
      "type": "LoraLoaderModelOnly",
      "pos": [
        87.44620513916016,
        -2019.86865234375
      ],
      "size": [
        334.683349609375,
        89.7137451171875
      ],
      "flags": {
        "pinned": true
      },
      "order": 9,
      "mode": 0,
      "inputs": [
        {
          "name": "model",
          "label": "模型",
          "type": "MODEL",
          "link": 447
        }
      ],
      "outputs": [
        {
          "name": "MODEL",
          "label": "模型",
          "type": "MODEL",
          "links": [
            449
          ]
        }
      ],
      "properties": {
        "cnr_id": "comfy-core",
        "ver": "0.3.26",
        "Node name for S&R": "LoraLoaderModelOnly"
      },
      "widgets_values": [
        "comfyui_subject_lora16.safetensors",
        1
      ]
    },
    {
      "id": 245,
      "type": "LoraLoaderModelOnly",
      "pos": [
        121.71896362304688,
        -1817.4805908203125
      ],
      "size": [
        315,
        82
      ],
      "flags": {
        "pinned": true
      },
      "order": 15,
      "mode": 0,
      "inputs": [
        {
          "name": "model",
          "label": "模型",
          "type": "MODEL",
          "link": 449
        }
      ],
      "outputs": [
        {
          "name": "MODEL",
          "label": "模型",
          "type": "MODEL",
          "links": [
            459
          ]
        }
      ],
      "properties": {
        "cnr_id": "comfy-core",
        "ver": "0.3.26",
        "Node name for S&R": "LoraLoaderModelOnly"
      },
      "widgets_values": [
        "FLUX.1-Turbo-Alpha.safetensors",
        1
      ]
    },
    {
      "id": 230,
      "type": "LayerUtility: ImageScaleByAspectRatio V2",
      "pos": [
        240.48941040039062,
        -2392.423583984375
      ],
      "size": [
        315,
        330
      ],
      "flags": {
        "collapsed": true
      },
      "order": 13,
      "mode": 0,
      "inputs": [
        {
          "name": "image",
          "label": "图像",
          "type": "IMAGE",
          "shape": 7,
          "link": 405
        },
        {
          "name": "mask",
          "label": "遮罩",
          "type": "MASK",
          "shape": 7,
          "link": 406
        }
      ],
      "outputs": [
        {
          "name": "image",
          "label": "图像",
          "type": "IMAGE",
          "links": [
            503,
            510
          ]
        },
        {
          "name": "mask",
          "label": "遮罩",
          "type": "MASK",
          "links": [
            511
          ]
        },
        {
          "name": "original_size",
          "label": "原始大小",
          "type": "BOX"
        },
        {
          "name": "width",
          "type": "INT"
        },
        {
          "name": "height",
          "type": "INT"
        }
      ],
      "properties": {
        "cnr_id": "comfyui_layerstyle",
        "ver": "1.0.90",
        "Node name for S&R": "LayerUtility: ImageScaleByAspectRatio V2"
      },
      "widgets_values": [
        "original",
        1,
        1,
        "letterbox",
        "lanczos",
        "8",
        "shortest",
        1024,
        "#000000"
      ],
      "color": "rgba(38, 73, 116, 0.7)"
    },
    {
      "id": 263,
      "type": "InpaintCrop",
      "pos": [
        212.3817596435547,
        -2441.39599609375
      ],
      "size": [
        306.5029602050781,
        386
      ],
      "flags": {
        "collapsed": true
      },
      "order": 19,
      "mode": 0,
      "inputs": [
        {
          "name": "image",
          "label": "图像",
          "type": "IMAGE",
          "link": 510
        },
        {
          "name": "mask",
          "label": "遮罩",
          "type": "MASK",
          "link": 511
        },
        {
          "name": "optional_context_mask",
          "label": "上下文遮罩(可选)",
          "type": "MASK",
          "shape": 7,
          "link": null
        }
      ],
      "outputs": [
        {
          "name": "stitch",
          "label": "接缝",
          "type": "STITCH",
          "links": [
            515
          ]
        },
        {
          "name": "cropped_image",
          "type": "IMAGE",
          "links": [
            512
          ]
        },
        {
          "name": "cropped_mask",
          "type": "MASK",
          "links": [
            513
          ]
        }
      ],
      "properties": {
        "cnr_id": "comfyui-inpaint-cropandstitch",
        "ver": "1.0.0",
        "Node name for S&R": "InpaintCrop"
      },
      "widgets_values": [
        20,
        1,
        true,
        16,
        false,
        16,
        "bicubic",
        "ranged size",
        1024,
        1024,
        1,
        1024,
        1024,
        1024,
        1024,
        64
      ]
    },
    {
      "id": 232,
      "type": "easy makeImageForICLora",
      "pos": [
        253.086181640625,
        -2414.968994140625
      ],
      "size": [
        315,
        202
      ],
      "flags": {
        "collapsed": true
      },
      "order": 22,
      "mode": 0,
      "inputs": [
        {
          "name": "image_1",
          "label": "image_1",
          "type": "IMAGE",
          "link": 416
        },
        {
          "name": "image_2",
          "label": "image_2",
          "type": "IMAGE",
          "shape": 7,
          "link": 512
        },
        {
          "name": "mask_1",
          "label": "mask_1",
          "type": "MASK",
          "shape": 7
        },
        {
          "name": "mask_2",
          "label": "mask_2",
          "type": "MASK",
          "shape": 7,
          "link": 513
        }
      ],
      "outputs": [
        {
          "name": "image",
          "label": "image",
          "type": "IMAGE",
          "links": [
            454
          ]
        },
        {
          "name": "mask",
          "label": "mask",
          "type": "MASK",
          "links": [
            455,
            470
          ]
        },
        {
          "name": "context_mask",
          "label": "context_mask",
          "type": "MASK"
        },
        {
          "name": "width",
          "label": "width",
          "type": "INT"
        },
        {
          "name": "height",
          "label": "height",
          "type": "INT"
        },
        {
          "name": "x",
          "label": "x",
          "type": "INT"
        },
        {
          "name": "y",
          "label": "y",
          "type": "INT"
        }
      ],
      "properties": {
        "cnr_id": "comfyui-easy-use",
        "ver": "1.2.8",
        "Node name for S&R": "easy makeImageForICLora"
      },
      "widgets_values": [
        "left-right",
        1024
      ]
    },
    {
      "id": 155,
      "type": "ConditioningZeroOut",
      "pos": [
        234.02169799804688,
        -2460.7197265625
      ],
      "size": [
        320,
        26
      ],
      "flags": {
        "collapsed": true
      },
      "order": 16,
      "mode": 0,
      "inputs": [
        {
          "name": "conditioning",
          "label": "条件",
          "type": "CONDITIONING",
          "link": 437
        }
      ],
      "outputs": [
        {
          "name": "CONDITIONING",
          "label": "条件",
          "type": "CONDITIONING",
          "links": [
            452,
            473
          ],
          "slot_index": 0
        }
      ],
      "properties": {
        "cnr_id": "comfy-core",
        "ver": "0.3.29",
        "Node name for S&R": "ConditioningZeroOut"
      },
      "widgets_values": []
    },
    {
      "id": 241,
      "type": "FluxGuidance",
      "pos": [
        215.77264404296875,
        -2428.261474609375
      ],
      "size": [
        315,
        58
      ],
      "flags": {
        "collapsed": true
      },
      "order": 17,
      "mode": 0,
      "inputs": [
        {
          "name": "conditioning",
          "label": "条件",
          "type": "CONDITIONING",
          "link": 439
        }
      ],
      "outputs": [
        {
          "name": "CONDITIONING",
          "label": "条件",
          "type": "CONDITIONING",
          "links": [
            441
          ]
        }
      ],
      "properties": {
        "cnr_id": "comfy-core",
        "ver": "0.3.26",
        "Node name for S&R": "FluxGuidance"
      },
      "widgets_values": [
        50
      ]
    },
    {
      "id": 246,
      "type": "InpaintModelConditioning",
      "pos": [
        123.41569519042969,
        -2508.2607421875
      ],
      "size": [
        315,
        138
      ],
      "flags": {},
      "order": 23,
      "mode": 0,
      "inputs": [
        {
          "name": "positive",
          "label": "正面条件",
          "type": "CONDITIONING",
          "link": 451
        },
        {
          "name": "negative",
          "label": "负面条件",
          "type": "CONDITIONING",
          "link": 452
        },
        {
          "name": "vae",
          "label": "VAE",
          "type": "VAE",
          "link": 453
        },
        {
          "name": "pixels",
          "label": "图像",
          "type": "IMAGE",
          "link": 454
        },
        {
          "name": "mask",
          "label": "遮罩",
          "type": "MASK",
          "link": 455
        }
      ],
      "outputs": [
        {
          "name": "positive",
          "label": "正面条件",
          "type": "CONDITIONING",
          "links": [
            460
          ]
        },
        {
          "name": "negative",
          "label": "负面条件",
          "type": "CONDITIONING",
          "links": [
            461
          ]
        },
        {
          "name": "latent",
          "label": "Latent",
          "type": "LATENT",
          "links": [
            462
          ]
        }
      ],
      "properties": {
        "cnr_id": "comfy-core",
        "ver": "0.3.26",
        "Node name for S&R": "InpaintModelConditioning"
      },
      "widgets_values": [
        false
      ]
    },
    {
      "id": 247,
      "type": "KSampler",
      "pos": [
        456.3282165527344,
        -2518.6591796875
      ],
      "size": [
        315,
        474
      ],
      "flags": {
        "pinned": true
      },
      "order": 25,
      "mode": 0,
      "inputs": [
        {
          "name": "model",
          "label": "模型",
          "type": "MODEL",
          "link": 459
        },
        {
          "name": "positive",
          "label": "正面条件",
          "type": "CONDITIONING",
          "link": 460
        },
        {
          "name": "negative",
          "label": "负面条件",
          "type": "CONDITIONING",
          "link": 461
        },
        {
          "name": "latent_image",
          "label": "Latent",
          "type": "LATENT",
          "link": 462
        }
      ],
      "outputs": [
        {
          "name": "LATENT",
          "label": "Latent",
          "type": "LATENT",
          "links": [
            464
          ]
        }
      ],
      "properties": {
        "cnr_id": "comfy-core",
        "ver": "0.3.26",
        "Node name for S&R": "KSampler"
      },
      "widgets_values": [
        220693836294277,
        "randomize",
        8,
        1,
        "euler",
        "beta",
        1
      ]
    },
    {
      "id": 254,
      "type": "ImageScale",
      "pos": [
        867.0763549804688,
        -2190.145751953125
      ],
      "size": [
        315,
        130
      ],
      "flags": {
        "collapsed": true,
        "pinned": true
      },
      "order": 12,
      "mode": 0,
      "inputs": [
        {
          "name": "image",
          "label": "图像",
          "type": "IMAGE",
          "link": 486
        }
      ],
      "outputs": [
        {
          "name": "IMAGE",
          "label": "图像",
          "type": "IMAGE",
          "links": [
            493
          ]
        }
      ],
      "properties": {
        "cnr_id": "comfy-core",
        "ver": "0.3.26",
        "Node name for S&R": "ImageScale"
      },
      "widgets_values": [
        "nearest-exact",
        0,
        1024,
        "disabled"
      ]
    },
    {
      "id": 250,
      "type": "LayerMask: MaskStroke",
      "pos": [
        866.0966186523438,
        -2378.638427734375
      ],
      "size": [
        315,
        130
      ],
      "flags": {
        "collapsed": true
      },
      "order": 24,
      "mode": 0,
      "inputs": [
        {
          "name": "mask",
          "label": "遮罩",
          "type": "MASK",
          "link": 470
        }
      ],
      "outputs": [
        {
          "name": "mask",
          "type": "MASK",
          "links": [
            476
          ]
        }
      ],
      "properties": {
        "cnr_id": "comfyui_layerstyle",
        "ver": "1.0.90",
        "Node name for S&R": "LayerMask: MaskStroke"
      },
      "widgets_values": [
        true,
        0,
        50,
        6
      ],
      "color": "rgba(27, 80, 119, 0.7)"
    },
    {
      "id": 248,
      "type": "VAEDecode",
      "pos": [
        796.908935546875,
        -2509.083984375
      ],
      "size": [
        210,
        46
      ],
      "flags": {
        "pinned": true
      },
      "order": 26,
      "mode": 0,
      "inputs": [
        {
          "name": "samples",
          "label": "Latent",
          "type": "LATENT",
          "link": 464
        },
        {
          "name": "vae",
          "label": "VAE",
          "type": "VAE",
          "link": 465
        }
      ],
      "outputs": [
        {
          "name": "IMAGE",
          "label": "图像",
          "type": "IMAGE",
          "links": [
            475
          ]
        }
      ],
      "properties": {
        "cnr_id": "comfy-core",
        "ver": "0.3.26",
        "Node name for S&R": "VAEDecode"
      },
      "widgets_values": []
    },
    {
      "id": 224,
      "type": "VAEDecode",
      "pos": [
        808.1082763671875,
        -2409.908447265625
      ],
      "size": [
        210,
        46
      ],
      "flags": {
        "pinned": true
      },
      "order": 29,
      "mode": 0,
      "inputs": [
        {
          "name": "samples",
          "label": "Latent",
          "type": "LATENT",
          "link": 484
        },
        {
          "name": "vae",
          "label": "VAE",
          "type": "VAE",
          "link": 427
        }
      ],
      "outputs": [
        {
          "name": "IMAGE",
          "label": "图像",
          "type": "IMAGE",
          "links": [
            497
          ]
        }
      ],
      "properties": {
        "cnr_id": "comfy-core",
        "ver": "0.3.29",
        "Node name for S&R": "VAEDecode"
      },
      "widgets_values": []
    },
    {
      "id": 264,
      "type": "InpaintStitch",
      "pos": [
        786.287109375,
        -2053.163818359375
      ],
      "size": [
        310.2704162597656,
        93.5400161743164
      ],
      "flags": {
        "pinned": true
      },
      "order": 31,
      "mode": 0,
      "inputs": [
        {
          "name": "stitch",
          "label": "接缝",
          "type": "STITCH",
          "link": 515
        },
        {
          "name": "inpainted_image",
          "label": "图像",
          "type": "IMAGE",
          "link": 516
        }
      ],
      "outputs": [
        {
          "name": "image",
          "label": "图像",
          "type": "IMAGE",
          "links": [
            517,
            521,
            523
          ]
        }
      ],
      "properties": {
        "cnr_id": "comfyui-inpaint-cropandstitch",
        "ver": "1.0.0",
        "Node name for S&R": "InpaintStitch"
      },
      "widgets_values": [
        "bislerp"
      ]
    },
    {
      "id": 256,
      "type": "GrowMaskWithBlur",
      "pos": [
        469.77398681640625,
        -1985.380126953125
      ],
      "size": [
        315,
        246
      ],
      "flags": {
        "pinned": true
      },
      "order": 20,
      "mode": 0,
      "inputs": [
        {
          "name": "mask",
          "label": "遮罩",
          "type": "MASK",
          "link": 490
        }
      ],
      "outputs": [
        {
          "name": "mask",
          "label": "遮罩",
          "type": "MASK",
          "links": [
            505
          ]
        },
        {
          "name": "mask_inverted",
          "label": "反转遮罩",
          "type": "MASK"
        }
      ],
      "properties": {
        "cnr_id": "comfyui-kjnodes",
        "ver": "9a3434ffa335a16949aa4c3196a2cd37ba7b4876",
        "Node name for S&R": "GrowMaskWithBlur"
      },
      "widgets_values": [
        66,
        0,
        true,
        false,
        36,
        1,
        1,
        false
      ]
    },
    {
      "id": 44,
      "type": "LoadImage",
      "pos": [
        -1400.9329833984375,
        -2755.35400390625
      ],
      "size": [
        570.6770629882812,
        682.9308471679688
      ],
      "flags": {
        "pinned": true
      },
      "order": 5,
      "mode": 0,
      "inputs": [],
      "outputs": [
        {
          "name": "IMAGE",
          "label": "图像",
          "type": "IMAGE",
          "links": [
            416,
            432,
            486
          ],
          "slot_index": 0
        },
        {
          "name": "MASK",
          "label": "遮罩",
          "type": "MASK",
          "links": [],
          "slot_index": 1
        }
      ],
      "properties": {
        "cnr_id": "comfy-core",
        "ver": "0.3.29",
        "Node name for S&R": "LoadImage"
      },
      "widgets_values": [
        "01429f9df8114764838da714471515e2e980c1beab7e-upUExp_fw1200.jfif",
        "image"
      ],
      "color": "#232",
      "bgcolor": "#353"
    },
    {
      "id": 1,
      "type": "LoadImage",
      "pos": [
        -1394.6156005859375,
        -1776.481689453125
      ],
      "size": [
        614.3838500976562,
        685.4817504882812
      ],
      "flags": {
        "pinned": true
      },
      "order": 6,
      "mode": 0,
      "inputs": [],
      "outputs": [
        {
          "name": "IMAGE",
          "label": "图像",
          "type": "IMAGE",
          "links": [
            405,
            522
          ],
          "slot_index": 0
        },
        {
          "name": "MASK",
          "label": "遮罩",
          "type": "MASK",
          "links": [
            406,
            488
          ],
          "slot_index": 1
        }
      ],
      "properties": {
        "cnr_id": "comfy-core",
        "ver": "0.3.29",
        "Node name for S&R": "LoadImage"
      },
      "widgets_values": [
        "clipspace/clipspace-mask-16885220.89999999.png [input]",
        "image"
      ]
    },
    {
      "id": 271,
      "type": "SaveImage",
      "pos": [
        1354.718994140625,
        -2630.0849609375
      ],
      "size": [
        1004.1205444335938,
        1028.8209228515625
      ],
      "flags": {},
      "order": 33,
      "mode": 0,
      "inputs": [
        {
          "name": "images",
          "label": "图像",
          "type": "IMAGE",
          "link": 521
        }
      ],
      "outputs": [],
      "properties": {
        "cnr_id": "comfy-core",
        "ver": "0.3.26",
        "Node name for S&R": "SaveImage"
      },
      "widgets_values": [
        "ComfyUI"
      ]
    },
    {
      "id": 252,
      "type": "KSampler",
      "pos": [
        906.2623291015625,
        -2224.481689453125
      ],
      "size": [
        315,
        474
      ],
      "flags": {
        "collapsed": true,
        "pinned": true
      },
      "order": 28,
      "mode": 0,
      "inputs": [
        {
          "name": "model",
          "label": "模型",
          "type": "MODEL",
          "link": 480
        },
        {
          "name": "positive",
          "label": "正面条件",
          "type": "CONDITIONING",
          "link": 481
        },
        {
          "name": "negative",
          "label": "负面条件",
          "type": "CONDITIONING",
          "link": 482
        },
        {
          "name": "latent_image",
          "label": "Latent",
          "type": "LATENT",
          "link": 483
        }
      ],
      "outputs": [
        {
          "name": "LATENT",
          "label": "Latent",
          "type": "LATENT",
          "links": [
            484
          ]
        }
      ],
      "properties": {
        "cnr_id": "comfy-core",
        "ver": "0.3.26",
        "Node name for S&R": "KSampler"
      },
      "widgets_values": [
        401567895425981,
        "randomize",
        8,
        1,
        "euler",
        "beta",
        1
      ]
    },
    {
      "id": 259,
      "type": "easy imageInsetCrop",
      "pos": [
        904.11181640625,
        -2221.049072265625
      ],
      "size": [
        315,
        174
      ],
      "flags": {
        "collapsed": true,
        "pinned": true
      },
      "order": 30,
      "mode": 0,
      "inputs": [
        {
          "name": "image",
          "label": "图像",
          "type": "IMAGE",
          "link": 497
        },
        {
          "name": "left",
          "label": "左",
          "type": "INT",
          "widget": {
            "name": "left"
          },
          "link": 507
        }
      ],
      "outputs": [
        {
          "name": "IMAGE",
          "label": "图像",
          "type": "IMAGE",
          "links": [
            516
          ]
        }
      ],
      "properties": {
        "cnr_id": "comfyui-easy-use",
        "ver": "1.2.8",
        "Node name for S&R": "easy imageInsetCrop"
      },
      "widgets_values": [
        "Pixels",
        0,
        0,
        0,
        0
      ]
    },
    {
      "id": 255,
      "type": "Mask Fill Holes",
      "pos": [
        852.2971801757812,
        -2187.76611328125
      ],
      "size": [
        210,
        26
      ],
      "flags": {
        "collapsed": true,
        "pinned": true
      },
      "order": 14,
      "mode": 0,
      "inputs": [
        {
          "name": "masks",
          "label": "遮罩",
          "type": "MASK",
          "link": 488
        }
      ],
      "outputs": [
        {
          "name": "MASKS",
          "label": "遮罩",
          "type": "MASK",
          "links": [
            490
          ]
        }
      ],
      "properties": {
        "cnr_id": "pr-was-node-suite-comfyui-47064894",
        "ver": "9ae952b1b435d2bd846bfe6516919b5a8b9201aa",
        "Node name for S&R": "Mask Fill Holes"
      },
      "widgets_values": []
    },
    {
      "id": 251,
      "type": "InpaintModelConditioning",
      "pos": [
        836.2382202148438,
        -2206.189208984375
      ],
      "size": [
        315,
        138
      ],
      "flags": {
        "collapsed": true,
        "pinned": true
      },
      "order": 27,
      "mode": 0,
      "inputs": [
        {
          "name": "positive",
          "label": "正面条件",
          "type": "CONDITIONING",
          "link": 472
        },
        {
          "name": "negative",
          "label": "负面条件",
          "type": "CONDITIONING",
          "link": 473
        },
        {
          "name": "vae",
          "label": "VAE",
          "type": "VAE",
          "link": 474
        },
        {
          "name": "pixels",
          "label": "图像",
          "type": "IMAGE",
          "link": 475
        },
        {
          "name": "mask",
          "label": "遮罩",
          "type": "MASK",
          "link": 476
        }
      ],
      "outputs": [
        {
          "name": "positive",
          "label": "正面条件",
          "type": "CONDITIONING",
          "links": [
            481
          ]
        },
        {
          "name": "negative",
          "label": "负面条件",
          "type": "CONDITIONING",
          "links": [
            482
          ]
        },
        {
          "name": "latent",
          "label": "Latent",
          "type": "LATENT",
          "links": [
            483
          ]
        }
      ],
      "properties": {
        "cnr_id": "comfy-core",
        "ver": "0.3.26",
        "Node name for S&R": "InpaintModelConditioning"
      },
      "widgets_values": [
        true
      ]
    },
    {
      "id": 257,
      "type": "GetImageSize+",
      "pos": [
        857.416748046875,
        -2232.9609375
      ],
      "size": [
        300.82867431640625,
        66
      ],
      "flags": {
        "collapsed": true,
        "pinned": true
      },
      "order": 18,
      "mode": 0,
      "inputs": [
        {
          "name": "image",
          "label": "图像",
          "type": "IMAGE",
          "link": 493
        }
      ],
      "outputs": [
        {
          "name": "width",
          "label": "宽度",
          "type": "INT",
          "links": [
            507
          ]
        },
        {
          "name": "height",
          "label": "高度",
          "type": "INT"
        },
        {
          "name": "count",
          "type": "INT"
        }
      ],
      "properties": {
        "cnr_id": "comfyui_essentials",
        "ver": "33ff89fd354d8ec3ab6affb605a79a931b445d99",
        "Node name for S&R": "GetImageSize+"
      },
      "widgets_values": []
    },
    {
      "id": 261,
      "type": "ImageCompositeMasked",
      "pos": [
        794.7447509765625,
        -2305.4794921875
      ],
      "size": [
        250.5606689453125,
        146
      ],
      "flags": {
        "pinned": true
      },
      "order": 32,
      "mode": 0,
      "inputs": [
        {
          "name": "destination",
          "label": "目标图像",
          "type": "IMAGE",
          "link": 503
        },
        {
          "name": "source",
          "label": "源图像",
          "type": "IMAGE",
          "link": 517
        },
        {
          "name": "mask",
          "label": "遮罩",
          "type": "MASK",
          "shape": 7,
          "link": 505
        }
      ],
      "outputs": [
        {
          "name": "IMAGE",
          "label": "图像",
          "type": "IMAGE",
          "links": []
        }
      ],
      "properties": {
        "cnr_id": "comfy-core",
        "ver": "0.3.26",
        "Node name for S&R": "ImageCompositeMasked"
      },
      "widgets_values": [
        0,
        0,
        false
      ]
    },
    {
      "id": 297,
      "type": "Note",
      "pos": [
        -1850.87353515625,
        -1851.3997802734375
      ],
      "size": [
        273.09686279296875,
        343.1656799316406
      ],
      "flags": {
        "pinned": true
      },
      "order": 7,
      "mode": 0,
      "inputs": [],
      "outputs": [],
      "properties": {},
      "widgets_values": [
        "上传模特图或者场景图\n\n并在图片上右键-在遮罩编辑器中打\n\n开-手动涂抹换装区域"
      ],
      "color": "#432",
      "bgcolor": "#653"
    },
    {
      "id": 298,
      "type": "Note",
      "pos": [
        -1840.952880859375,
        -2837.250732421875
      ],
      "size": [
        266.5733947753906,
        207.1127166748047
      ],
      "flags": {
        "pinned": true
      },
      "order": 8,
      "mode": 0,
      "inputs": [],
      "outputs": [],
      "properties": {},
      "widgets_values": [
        "上传服装或者产品图"
      ],
      "color": "#432",
      "bgcolor": "#653"
    },
    {
      "id": 165,
      "type": "Image Comparer (rgthree)",
      "pos": [
        -3043.870849609375,
        -2826.6396484375
      ],
      "size": [
        1135.00390625,
        1603.1884765625
      ],
      "flags": {},
      "order": 34,
      "mode": 0,
      "inputs": [
        {
          "name": "image_a",
          "label": "图像_A",
          "type": "IMAGE",
          "dir": 3,
          "link": 523
        },
        {
          "name": "image_b",
          "label": "图像_B",
          "type": "IMAGE",
          "dir": 3,
          "link": 522
        }
      ],
      "outputs": [],
      "properties": {
        "cnr_id": "rgthree-comfy",
        "ver": "b84f39c7c224de765de0b54c55b967329011819d",
        "comparer_mode": "Slide"
      },
      "widgets_values": [
        [
          {
            "name": "A",
            "selected": true,
            "url": "/api/view?filename=rgthree.compare._temp_ovkno_00009_.png&type=temp&subfolder=&rand=0.20313016948082563"
          },
          {
            "name": "B",
            "selected": true,
            "url": "/api/view?filename=rgthree.compare._temp_ovkno_00010_.png&type=temp&subfolder=&rand=0.4336636067794677"
          }
        ]
      ]
    }
  ],
  "links": [
    [
      405,
      1,
      0,
      230,
      0,
      "IMAGE"
    ],
    [
      406,
      1,
      1,
      230,
      1,
      "MASK"
    ],
    [
      416,
      44,
      0,
      232,
      0,
      "IMAGE"
    ],
    [
      427,
      234,
      0,
      224,
      1,
      "VAE"
    ],
    [
      431,
      237,
      0,
      238,
      0,
      "CLIP_VISION"
    ],
    [
      432,
      44,
      0,
      238,
      1,
      "IMAGE"
    ],
    [
      435,
      235,
      0,
      240,
      0,
      "CLIP"
    ],
    [
      437,
      240,
      0,
      155,
      0,
      "CONDITIONING"
    ],
    [
      439,
      240,
      0,
      241,
      0,
      "CONDITIONING"
    ],
    [
      441,
      241,
      0,
      242,
      0,
      "CONDITIONING"
    ],
    [
      442,
      236,
      0,
      242,
      1,
      "STYLE_MODEL"
    ],
    [
      443,
      238,
      0,
      242,
      2,
      "CLIP_VISION_OUTPUT"
    ],
    [
      447,
      233,
      0,
      244,
      0,
      "MODEL"
    ],
    [
      449,
      244,
      0,
      245,
      0,
      "MODEL"
    ],
    [
      451,
      242,
      0,
      246,
      0,
      "CONDITIONING"
    ],
    [
      452,
      155,
      0,
      246,
      1,
      "CONDITIONING"
    ],
    [
      453,
      234,
      0,
      246,
      2,
      "VAE"
    ],
    [
      454,
      232,
      0,
      246,
      3,
      "IMAGE"
    ],
    [
      455,
      232,
      1,
      246,
      4,
      "MASK"
    ],
    [
      459,
      245,
      0,
      247,
      0,
      "MODEL"
    ],
    [
      460,
      246,
      0,
      247,
      1,
      "CONDITIONING"
    ],
    [
      461,
      246,
      1,
      247,
      2,
      "CONDITIONING"
    ],
    [
      462,
      246,
      2,
      247,
      3,
      "LATENT"
    ],
    [
      464,
      247,
      0,
      248,
      0,
      "LATENT"
    ],
    [
      465,
      234,
      0,
      248,
      1,
      "VAE"
    ],
    [
      470,
      232,
      1,
      250,
      0,
      "MASK"
    ],
    [
      472,
      240,
      0,
      251,
      0,
      "CONDITIONING"
    ],
    [
      473,
      155,
      0,
      251,
      1,
      "CONDITIONING"
    ],
    [
      474,
      234,
      0,
      251,
      2,
      "VAE"
    ],
    [
      475,
      248,
      0,
      251,
      3,
      "IMAGE"
    ],
    [
      476,
      250,
      0,
      251,
      4,
      "MASK"
    ],
    [
      480,
      233,
      0,
      252,
      0,
      "MODEL"
    ],
    [
      481,
      251,
      0,
      252,
      1,
      "CONDITIONING"
    ],
    [
      482,
      251,
      1,
      252,
      2,
      "CONDITIONING"
    ],
    [
      483,
      251,
      2,
      252,
      3,
      "LATENT"
    ],
    [
      484,
      252,
      0,
      224,
      0,
      "LATENT"
    ],
    [
      486,
      44,
      0,
      254,
      0,
      "IMAGE"
    ],
    [
      488,
      1,
      1,
      255,
      0,
      "MASK"
    ],
    [
      490,
      255,
      0,
      256,
      0,
      "MASK"
    ],
    [
      493,
      254,
      0,
      257,
      0,
      "IMAGE"
    ],
    [
      497,
      224,
      0,
      259,
      0,
      "IMAGE"
    ],
    [
      503,
      230,
      0,
      261,
      0,
      "IMAGE"
    ],
    [
      505,
      256,
      0,
      261,
      2,
      "MASK"
    ],
    [
      507,
      257,
      0,
      259,
      1,
      "INT"
    ],
    [
      510,
      230,
      0,
      263,
      0,
      "IMAGE"
    ],
    [
      511,
      230,
      1,
      263,
      1,
      "MASK"
    ],
    [
      512,
      263,
      1,
      232,
      1,
      "IMAGE"
    ],
    [
      513,
      263,
      2,
      232,
      3,
      "MASK"
    ],
    [
      515,
      263,
      0,
      264,
      0,
      "STITCH"
    ],
    [
      516,
      259,
      0,
      264,
      1,
      "IMAGE"
    ],
    [
      517,
      264,
      0,
      261,
      1,
      "IMAGE"
    ],
    [
      521,
      264,
      0,
      271,
      0,
      "IMAGE"
    ],
    [
      522,
      1,
      0,
      165,
      1,
      "IMAGE"
    ],
    [
      523,
      264,
      0,
      165,
      0,
      "IMAGE"
    ]
  ],
  "groups": [
    {
      "id": 1,
      "title": "场景图上传",
      "bounding": [
        -1558.88525390625,
        -1914.95654296875,
        958.28564453125,
        896.7028198242188
      ],
      "color": "#3f789e",
      "font_size": 50,
      "flags": {
        "pinned": true
      }
    },
    {
      "id": 3,
      "title": "参考图/产品图上传（白底图）",
      "bounding": [
        -1553.0245361328125,
        -2878.7529296875,
        958.28564453125,
        896.7028198242188
      ],
      "color": "#3f789e",
      "font_size": 50,
      "flags": {
        "pinned": true
      }
    },
    {
      "id": 4,
      "title": "图像生成区域",
      "bounding": [
        -532.5743408203125,
        -2864.80810546875,
        1769.0958251953125,
        1417.4847412109375
      ],
      "color": "#3f789e",
      "font_size": 50,
      "flags": {
        "pinned": true
      }
    },
    {
      "id": 5,
      "title": "饰品类产品迁移工作流-需要上传白底图",
      "bounding": [
        -3018.246337890625,
        -3237.42236328125,
        4253.10400390625,
        337.69488525390625
      ],
      "color": "#3f789e",
      "font_size": 80,
      "flags": {}
    }
  ],
  "config": {},
  "extra": {
    "ds": {
      "scale": 0.23579476910000965,
      "offset": [
        4744.404636129998,
        4211.913259135768
      ]
    },
    "VHS_KeepIntermediate": true,
    "workspace_info": {
      "saveLock": false,
      "id": "p6od7cxzgoLx__-pxK6hK"
    },
    "ue_links": [],
    "VHS_MetadataImage": true,
    "0246.VERSION": [
      0,
      0,
      4
    ],
    "VHS_latentpreviewrate": 0,
    "frontendVersion": "1.16.8",
    "VHS_latentpreview": false,
    "node_versions": {
      "rgthree-comfy": "5d771b8b56a343c24a26e8cea1f0c87c3d58102f",
      "was-node-suite-comfyui": "056badacda52e88d29d6a65f9509cd3115ace0f2",
      "ComfyUI-Florence2": "dffd12506d50f0540b8a7f4b36a05d4fb5fed2de",
      "ComfyUI-Inpaint-CropAndStitch": "unknown",
      "ComfyUI-KJNodes": "5b8d419c6f9c2ab6559a5758f7f504cb8b3a8412",
      "comfy-core": "v0.3.9",
      "ComfyUI-Custom-Scripts": "bc8922deff73f59311c05cef27b9d4caaf43e87b",
      "ComfyUI-Easy-Use": "3a8fcbbcb916af5468dd9d9dca96fa79bd164b5b",
      "ComfyUI_LayerStyle": "f8439eb17f03e0fa60a35303493bfc9a7d5ab098"
    }
  },
  "version": 0.4
}