{"last_node_id":121,"last_link_id":276,"nodes":[{"id":3,"type":"KSampler","pos":[1194,-134],"size":[315,358],"flags":{},"order":47,"mode":0,"inputs":[{"name":"model","localized_name":"模型","label":"模型","type":"MODEL","link":12},{"name":"positive","localized_name":"正面条件","label":"正面条件","type":"CONDITIONING","link":105},{"name":"negative","localized_name":"负面条件","label":"负面条件","type":"CONDITIONING","link":108},{"name":"latent_image","localized_name":"Latent图像","label":"Latent","type":"LATENT","link":89},{"name":"denoise","localized_name":"降噪","type":"FLOAT","widget":{"name":"denoise"},"link":48},{"name":"cfg","localized_name":"CFG","type":"FLOAT","widget":{"name":"cfg"},"link":49},{"name":"sampler_name","localized_name":"采样器","type":"COMBO","widget":{"name":"sampler_name"},"link":51},{"name":"steps","localized_name":"步数","type":"INT","widget":{"name":"steps"},"link":52},{"name":"scheduler","localized_name":"调度器","type":"COMBO","widget":{"name":"scheduler"},"link":53},{"name":"seed","localized_name":"随机种","type":"INT","widget":{"name":"seed"},"link":169}],"outputs":[{"name":"LATENT","localized_name":"Latent","label":"Latent","type":"LATENT","links":[7],"slot_index":0}],"properties":{"cnr_id":"comfy-core","ver":"0.3.26","Node name for S&R":"KSampler"},"widgets_values":[1012795682343154,"randomize",16,6,"dpmpp_sde_gpu","karras",0.6]},{"id":6,"type":"CLIPTextEncode","pos":[478,-697],"size":[210,78],"flags":{},"order":29,"mode":0,"inputs":[{"name":"clip","localized_name":"clip","label":"CLIP","type":"CLIP","link":3},{"name":"text","localized_name":"文本","type":"STRING","widget":{"name":"text"},"link":46}],"outputs":[{"name":"CONDITIONING","localized_name":"条件","label":"条件","type":"CONDITIONING","links":[96,113],"slot_index":0}],"properties":{"cnr_id":"comfy-core","ver":"0.3.26","Node name for S&R":"CLIPTextEncode"},"widgets_values":["1girl, thin and tall, very aesthetic, best quality, masterpiece, best quality, very aesthetic, highres, absurdres, sensitive",[false,true]]},{"id":7,"type":"CLIPTextEncode","pos":[474,-575],"size":[210,78],"flags":{},"order":30,"mode":0,"inputs":[{"name":"clip","localized_name":"clip","label":"CLIP","type":"CLIP","link":5},{"name":"text","localized_name":"文本","type":"STRING","widget":{"name":"text"},"link":47}],"outputs":[{"name":"CONDITIONING","localized_name":"条件","label":"条件","type":"CONDITIONING","links":[97,112],"slot_index":0}],"properties":{"cnr_id":"comfy-core","ver":"0.3.26","Node name for S&R":"CLIPTextEncode"},"widgets_values":["anime,text,watermark,bad anatomy, bad proportions, extra limbs, extra digit, extra legs, extra legs and arms, disfigured, missing arms, too many fingers, fused fingers, missing fingers, unclear eyes,watermark,username,furry",[false,true]]},{"id":8,"type":"VAEDecode","pos":[1638,-193],"size":[210,46],"flags":{},"order":49,"mode":0,"inputs":[{"name":"samples","localized_name":"Latent","label":"Latent","type":"LATENT","link":7},{"name":"vae","localized_name":"vae","label":"VAE","type":"VAE","link":20}],"outputs":[{"name":"IMAGE","localized_name":"图像","label":"图像","type":"IMAGE","links":[268],"slot_index":0}],"properties":{"cnr_id":"comfy-core","ver":"0.3.26","Node name for S&R":"VAEDecode"},"widgets_values":[]},{"id":11,"type":"Reroute","pos":[-994,-598],"size":[75,26],"flags":{},"order":28,"mode":0,"inputs":[{"name":"","type":"*","link":11}],"outputs":[{"name":"","type":"MODEL","links":[12],"slot_index":0}],"properties":{"showOutputText":false,"horizontal":false}},{"id":15,"type":"Reroute","pos":[-961,-495],"size":[75,26],"flags":{},"order":31,"mode":0,"inputs":[{"name":"","type":"*","pos":[37.5,0],"link":19}],"outputs":[{"name":"","type":"VAE","links":[20,162,271],"slot_index":0}],"properties":{"showOutputText":false,"horizontal":true}},{"id":25,"type":"PrimitiveNode","pos":[-1495,-1260],"size":[553.0159912109375,249.00865173339844],"flags":{},"order":0,"mode":0,"inputs":[],"outputs":[{"name":"STRING","type":"STRING","links":[46],"slot_index":0}],"properties":{"Run widget replace on values":false},"widgets_values":["1girl, thin and tall, very aesthetic, best quality, masterpiece, best quality, very aesthetic, highres, absurdres, sensitive"]},{"id":26,"type":"PrimitiveNode","pos":[-1507,-952],"size":[593.264404296875,132.1354522705078],"flags":{},"order":1,"mode":0,"inputs":[],"outputs":[{"name":"STRING","type":"STRING","links":[47],"slot_index":0}],"properties":{"Run widget replace on values":false},"widgets_values":["anime,text,watermark,bad anatomy, bad proportions, extra limbs, extra digit, extra legs, extra legs and arms, disfigured, missing arms, too many fingers, fused fingers, missing fingers, unclear eyes,watermark,username,furry"]},{"id":27,"type":"PrimitiveNode","pos":[-1877,-1422],"size":[210,82],"flags":{},"order":2,"mode":0,"inputs":[],"outputs":[{"name":"FLOAT","type":"FLOAT","links":[48],"slot_index":0}],"properties":{"Run widget replace on values":false},"widgets_values":[0.6,"fixed"]},{"id":28,"type":"PrimitiveNode","pos":[-1194,-1429],"size":[210,106],"flags":{},"order":3,"mode":0,"inputs":[],"outputs":[{"name":"COMBO","type":"COMBO","links":[51],"slot_index":0}],"properties":{"Run widget replace on values":false},"widgets_values":["dpmpp_sde_gpu","fixed",""]},{"id":29,"type":"PrimitiveNode","pos":[-1653,-1424],"size":[210,82],"flags":{},"order":4,"mode":0,"inputs":[],"outputs":[{"name":"FLOAT","type":"FLOAT","links":[49],"slot_index":0}],"properties":{"Run widget replace on values":false},"widgets_values":[6,"fixed"]},{"id":30,"type":"PrimitiveNode","pos":[-1423,-1425],"size":[210,82],"flags":{},"order":5,"mode":0,"inputs":[],"outputs":[{"name":"INT","type":"INT","links":[52],"slot_index":0}],"properties":{"Run widget replace on values":false},"widgets_values":[16,"fixed"]},{"id":31,"type":"PrimitiveNode","pos":[-978,-1428],"size":[210,106],"flags":{},"order":6,"mode":0,"inputs":[],"outputs":[{"name":"COMBO","type":"COMBO","links":[53],"slot_index":0}],"properties":{"Run widget replace on values":false},"widgets_values":["karras","fixed","fixed"]},{"id":41,"type":"SDPPP Get Document","pos":[-2003,260],"size":[354.8324890136719,146],"flags":{},"order":7,"mode":0,"inputs":[],"outputs":[{"name":"document","localized_name":"document","label":"document","type":"DOCUMENT","links":[65,70,76,174,180,186,187],"slot_index":0},{"name":"document boundary","localized_name":"document boundary","label":"document boundary","type":"MASK","links":null,"slot_index":1},{"name":"selection boundary","localized_name":"selection boundary","label":"selection boundary","type":"MASK","links":null}],"title":"#00 Working Document","properties":{"cnr_id":"sd-ppp","ver":"5a1dfe0d3139de3712d62c16a8b18655dc39a9b2","Node name for S&R":"SDPPP Get Document","sdppp-version":"502"},"widgets_values":[null,"",""]},{"id":42,"type":"SDPPP Get Layer By ID","pos":[-1109,259],"size":[297.9753112792969,122],"flags":{},"order":14,"mode":0,"inputs":[{"name":"document","localized_name":"document","label":"document","type":"DOCUMENT","link":65}],"outputs":[{"name":"layer_or_group","localized_name":"layer_or_group","label":"layer_or_group","type":"LAYER","links":[66,254],"slot_index":0},{"name":"layer boundary","localized_name":"layer boundary","label":"layer boundary","type":"MASK","links":null},{"name":"layer_info","localized_name":"layer_info","label":"layer_info","type":"LAYER_INFO","links":null}],"title":".canvas area inpaint","properties":{"cnr_id":"sd-ppp","ver":"5a1dfe0d3139de3712d62c16a8b18655dc39a9b2","Node name for S&R":"SDPPP Get Layer By ID","sdppp-version":"502","layerWidgetDetail0":{"id":0,"name":"","identify":"","level":0,"fullPath":""}},"widgets_values":["### 整个画布 ###",""]},{"id":49,"type":"EmptyLatentImage","pos":[-272,707],"size":[315,126],"flags":{},"order":33,"mode":0,"inputs":[{"name":"width","localized_name":"宽度","type":"INT","widget":{"name":"width"},"link":78},{"name":"height","localized_name":"高度","type":"INT","widget":{"name":"height"},"link":79}],"outputs":[{"name":"LATENT","localized_name":"Latent","label":"Latent","type":"LATENT","links":[93],"slot_index":0}],"properties":{"cnr_id":"comfy-core","ver":"0.3.26","Node name for S&R":"EmptyLatentImage"},"widgets_values":[512,512,1]},{"id":50,"type":"SDPPP Parse Layer Info","pos":[-672,669],"size":[292.20001220703125,158],"flags":{},"order":23,"mode":0,"inputs":[{"name":"layer_info","localized_name":"layer_info","label":"layer_info","type":"LAYER_INFO","link":77}],"outputs":[{"name":"opacity","localized_name":"opacity","label":"opacity","type":"FLOAT","links":null},{"name":"bound_left","localized_name":"bound_left","label":"bound_left","type":"INT","links":null},{"name":"bound_top","localized_name":"bound_top","label":"bound_top","type":"INT","links":null},{"name":"bound_width","localized_name":"bound_width","label":"bound_width","type":"INT","links":[78],"slot_index":3},{"name":"bound_height","localized_name":"bound_height","label":"bound_height","type":"INT","links":[79],"slot_index":4},{"name":"name","localized_name":"name","label":"name","type":"STRING","links":null}],"properties":{"cnr_id":"sd-ppp","ver":"5a1dfe0d3139de3712d62c16a8b18655dc39a9b2","Node name for S&R":"SDPPP Parse Layer Info","sdppp-version":"502"},"widgets_values":[""]},{"id":51,"type":"SDPPP Get Layer By ID","pos":[-1079,657],"size":[315,122],"flags":{},"order":16,"mode":0,"inputs":[{"name":"document","localized_name":"document","label":"document","type":"DOCUMENT","link":76}],"outputs":[{"name":"layer_or_group","localized_name":"layer_or_group","label":"layer_or_group","type":"LAYER","links":null},{"name":"layer boundary","localized_name":"layer boundary","label":"layer boundary","type":"MASK","links":null},{"name":"layer_info","localized_name":"layer_info","label":"layer_info","type":"LAYER_INFO","links":[77],"slot_index":2}],"title":".canvas area","properties":{"cnr_id":"sd-ppp","ver":"5a1dfe0d3139de3712d62c16a8b18655dc39a9b2","Node name for S&R":"SDPPP Get Layer By ID","sdppp-version":"502","layerWidgetDetail0":{"id":0,"name":"","identify":"","level":0,"fullPath":""}},"widgets_values":["### 整个画布 ###",""]},{"id":55,"type":"ControlNetApplyAdvanced","pos":[705,-1162],"size":[315,186],"flags":{},"order":37,"mode":2,"inputs":[{"name":"positive","localized_name":"正面条件","label":"正面条件","type":"CONDITIONING","link":96},{"name":"negative","localized_name":"负面条件","label":"负面条件","type":"CONDITIONING","link":97},{"name":"control_net","localized_name":"ControlNet","label":"ControlNet","type":"CONTROL_NET","link":119,"slot_index":2},{"name":"image","localized_name":"图像","label":"图像","type":"IMAGE","link":182,"slot_index":3},{"name":"vae","localized_name":"vae","type":"VAE","shape":7,"link":166}],"outputs":[{"name":"positive","localized_name":"正面条件","label":"正面条件","type":"CONDITIONING","shape":3,"links":[114,138,265],"slot_index":0},{"name":"negative","localized_name":"负面条件","label":"负面条件","type":"CONDITIONING","shape":3,"links":[115,139],"slot_index":1}],"properties":{"cnr_id":"comfy-core","ver":"0.3.26","Node name for S&R":"ControlNetApplyAdvanced"},"widgets_values":[0.9,0,1],"color":"#223","bgcolor":"#335"},{"id":61,"type":"Any Switch (rgthree)","pos":[1012,-788],"size":[168,126],"flags":{},"order":43,"mode":0,"inputs":[{"name":"any_01","label":"输入_01","type":"CONDITIONING","dir":3,"link":145},{"name":"any_02","label":"输入_02","type":"CONDITIONING","dir":3,"link":144},{"name":"any_03","label":"输入_03","type":"CONDITIONING","dir":3,"link":137},{"name":"any_04","label":"输入_04","type":"CONDITIONING","dir":3,"link":114},{"name":"any_05","label":"输入_05","type":"CONDITIONING","dir":3,"link":113},{"name":"any_06","type":"CONDITIONING","dir":3,"link":null}],"outputs":[{"name":"*","label":"CONDITIONING","type":"CONDITIONING","dir":4,"shape":3,"links":[105],"slot_index":0}],"properties":{"cnr_id":"rgthree-comfy","ver":"cb3612624037ad50d76a8caf44ed58694648e245"},"widgets_values":[]},{"id":62,"type":"Any Switch (rgthree)","pos":[1003,-606],"size":[168,126],"flags":{},"order":45,"mode":0,"inputs":[{"name":"any_01","label":"输入_01","type":"CONDITIONING","dir":3,"link":146},{"name":"any_02","label":"输入_02","type":"CONDITIONING","dir":3,"link":147},{"name":"any_03","label":"输入_03","type":"CONDITIONING","dir":3,"link":148},{"name":"any_04","label":"输入_04","type":"CONDITIONING","dir":3,"link":115},{"name":"any_05","label":"输入_05","type":"CONDITIONING","dir":3,"link":112},{"name":"any_06","type":"CONDITIONING","dir":3,"link":null}],"outputs":[{"name":"*","label":"CONDITIONING","type":"CONDITIONING","dir":4,"shape":3,"links":[108],"slot_index":0}],"properties":{"cnr_id":"rgthree-comfy","ver":"cb3612624037ad50d76a8caf44ed58694648e245"},"widgets_values":[]},{"id":63,"type":"Fast Muter (rgthree)","pos":[1526,-1157],"size":[354.3999938964844,78],"flags":{},"order":55,"mode":0,"inputs":[{"name":"禁用/忽略节点 (中继)","label":"","type":"*","dir":3,"link":178},{"name":"","type":"*","dir":3,"link":null}],"outputs":[{"name":"OPT_CONNECTION","label":"可选连接","type":"*","dir":4,"links":null,"slot_index":0}],"properties":{"toggleRestriction":"default"},"color":"#223","bgcolor":"#335"},{"id":65,"type":"ControlNetApplyAdvanced","pos":[710,-1447],"size":[315,186],"flags":{},"order":39,"mode":2,"inputs":[{"name":"positive","localized_name":"正面条件","label":"正面条件","type":"CONDITIONING","link":138},{"name":"negative","localized_name":"负面条件","label":"负面条件","type":"CONDITIONING","link":139},{"name":"control_net","localized_name":"ControlNet","label":"ControlNet","type":"CONTROL_NET","link":183,"slot_index":2},{"name":"image","localized_name":"图像","label":"图像","type":"IMAGE","link":172,"slot_index":3},{"name":"vae","localized_name":"vae","type":"VAE","shape":7,"link":165}],"outputs":[{"name":"positive","localized_name":"正面条件","label":"正面条件","type":"CONDITIONING","shape":3,"links":[137,140,264],"slot_index":0},{"name":"negative","localized_name":"负面条件","label":"负面条件","type":"CONDITIONING","shape":3,"links":[141,148],"slot_index":1}],"properties":{"cnr_id":"comfy-core","ver":"0.3.26","Node name for S&R":"ControlNetApplyAdvanced"},"widgets_values":[0.9,0,1],"color":"#223","bgcolor":"#335"},{"id":67,"type":"ControlNetApplyAdvanced","pos":[716,-1735],"size":[315,186],"flags":{},"order":41,"mode":2,"inputs":[{"name":"positive","localized_name":"正面条件","label":"正面条件","type":"CONDITIONING","link":140},{"name":"negative","localized_name":"负面条件","label":"负面条件","type":"CONDITIONING","link":141},{"name":"control_net","localized_name":"ControlNet","label":"ControlNet","type":"CONTROL_NET","link":129,"slot_index":2},{"name":"image","localized_name":"图像","label":"图像","type":"IMAGE","link":185,"slot_index":3},{"name":"vae","localized_name":"vae","type":"VAE","shape":7,"link":164}],"outputs":[{"name":"positive","localized_name":"正面条件","label":"正面条件","type":"CONDITIONING","shape":3,"links":[142,144,266],"slot_index":0},{"name":"negative","localized_name":"负面条件","label":"负面条件","type":"CONDITIONING","shape":3,"links":[143,147],"slot_index":1}],"properties":{"cnr_id":"comfy-core","ver":"0.3.26","Node name for S&R":"ControlNetApplyAdvanced"},"widgets_values":[0.9,0,1],"color":"#223","bgcolor":"#335"},{"id":68,"type":"ControlNetLoader","pos":[25,-2020],"size":[223.99295043945312,60.174171447753906],"flags":{},"order":9,"mode":2,"inputs":[],"outputs":[{"name":"CONTROL_NET","localized_name":"ControlNet","label":"ControlNet","type":"CONTROL_NET","shape":3,"links":[130,192],"slot_index":0}],"properties":{"cnr_id":"comfy-core","ver":"0.3.26","Node name for S&R":"ControlNetLoader"},"widgets_values":[""],"color":"#223","bgcolor":"#335"},{"id":69,"type":"ControlNetApplyAdvanced","pos":[728,-2001],"size":[315,186],"flags":{},"order":42,"mode":2,"inputs":[{"name":"positive","localized_name":"正面条件","label":"正面条件","type":"CONDITIONING","link":142},{"name":"negative","localized_name":"负面条件","label":"负面条件","type":"CONDITIONING","link":143},{"name":"control_net","localized_name":"ControlNet","label":"ControlNet","type":"CONTROL_NET","link":130,"slot_index":2},{"name":"image","localized_name":"图像","label":"图像","type":"IMAGE","link":195,"slot_index":3},{"name":"vae","localized_name":"vae","type":"VAE","shape":7,"link":163}],"outputs":[{"name":"positive","localized_name":"正面条件","label":"正面条件","type":"CONDITIONING","shape":3,"links":[145,267],"slot_index":0},{"name":"negative","localized_name":"负面条件","label":"负面条件","type":"CONDITIONING","shape":3,"links":[146],"slot_index":1}],"properties":{"cnr_id":"comfy-core","ver":"0.3.26","Node name for S&R":"ControlNetApplyAdvanced"},"widgets_values":[0.9,0,1],"color":"#223","bgcolor":"#335"},{"id":71,"type":"Fast Muter (rgthree)","pos":[1522,-1712],"size":[369.6395568847656,78],"flags":{},"order":50,"mode":2,"inputs":[{"name":"禁用/忽略节点 (中继)","type":"*","dir":3,"link":191},{"name":"","type":"*","dir":3,"link":null}],"outputs":[{"name":"OPT_CONNECTION","label":"可选连接","type":"*","dir":4,"links":[217],"slot_index":0}],"properties":{"toggleRestriction":"default"},"color":"#223","bgcolor":"#335"},{"id":72,"type":"Fast Muter (rgthree)","pos":[1557,-2028],"size":[354.3999938964844,78],"flags":{},"order":46,"mode":2,"inputs":[{"name":"禁用/忽略节点 (中继)","label":"","type":"*","dir":3,"link":194},{"name":"","type":"*","dir":3,"link":null}],"outputs":[{"name":"OPT_CONNECTION","label":"可选连接","type":"*","dir":4,"links":[199],"slot_index":0}],"properties":{"toggleRestriction":"default"},"color":"#223","bgcolor":"#335"},{"id":74,"type":"Reroute","pos":[611,-769],"size":[75,26],"flags":{},"order":34,"mode":0,"inputs":[{"name":"","type":"*","link":162}],"outputs":[{"name":"","type":"VAE","links":[163,164,165,166],"slot_index":0}],"properties":{"showOutputText":false,"horizontal":false}},{"id":75,"type":"PrimitiveNode","pos":[-748,-1414],"size":[210,82],"flags":{},"order":10,"mode":0,"inputs":[],"outputs":[{"name":"INT","type":"INT","links":[169],"slot_index":0}],"properties":{"Run widget replace on values":false},"widgets_values":[1012795682343154,"randomize"]},{"id":78,"type":"Fast Muter (rgthree)","pos":[1519,-1466],"size":[396.3999938964844,78],"flags":{},"order":53,"mode":2,"inputs":[{"name":"禁用/忽略节点 (中继)","type":"*","dir":3,"link":218},{"name":"","type":"*","dir":3,"link":null}],"outputs":[{"name":"OPT_CONNECTION","label":"可选连接","type":"*","dir":4,"links":[197],"slot_index":0}],"properties":{"toggleRestriction":"default"}},{"id":79,"type":"Get Image From Photoshop Layer","pos":[339,-1267],"size":[378,126],"flags":{"collapsed":true},"order":24,"mode":2,"inputs":[{"name":"layer_or_group","localized_name":"layer_or_group","label":"图层(或组)","type":"LAYER","link":175},{"name":"bound","localized_name":"bound","label":"范围","type":"MASK","shape":7,"link":null}],"outputs":[{"name":"rgb_out","localized_name":"rgb_out","label":"RGB输出","type":"IMAGE","shape":6,"links":[172,261],"slot_index":0},{"name":"alpha_out","localized_name":"alpha_out","label":"Alpha输出","type":"MASK","shape":6,"links":[],"slot_index":1}],"properties":{"cnr_id":"sd-ppp","ver":"5a1dfe0d3139de3712d62c16a8b18655dc39a9b2","Node name for S&R":"Get Image From Photoshop Layer","sdppp-version":"502"},"widgets_values":[null,"",""]},{"id":80,"type":"SDPPP Get Layer By ID","pos":[46,-1371],"size":[259.1182556152344,122],"flags":{},"order":17,"mode":2,"inputs":[{"name":"document","localized_name":"document","label":"文档","type":"DOCUMENT","link":174}],"outputs":[{"name":"layer_or_group","localized_name":"layer_or_group","label":"图层(或组)","type":"LAYER","links":[175,216],"slot_index":0},{"name":"layer boundary","localized_name":"layer boundary","label":"图层范围","type":"MASK","links":null},{"name":"layer_info","localized_name":"layer_info","label":"图层信息","type":"LAYER_INFO","links":[],"slot_index":2}],"title":"#26. ControlNet 2 Image","properties":{"cnr_id":"sd-ppp","ver":"5a1dfe0d3139de3712d62c16a8b18655dc39a9b2","Node name for S&R":"SDPPP Get Layer By ID","sdppp-version":"502"},"widgets_values":["",""]},{"id":81,"type":"Mute / Bypass Repeater (rgthree)","pos":[1142,-1133],"size":[284.80096435546875,126],"flags":{},"order":54,"mode":2,"inputs":[{"name":"ControlNet加载器","label":"","type":"*","dir":3,"link":177},{"name":"#22. ControlNet 1 Image","type":"*","dir":3,"link":201},{"name":"禁用节点","type":"*","dir":3,"link":197},{"name":"SDPPP从PS获取图像(GetImageFromPhotoshop)","type":"*","dir":3,"link":259},{"name":"ControlNet应用（旧版高级）","type":"*","dir":3,"link":265},{"name":"","type":"*","dir":3,"link":null}],"outputs":[{"name":"OPT_CONNECTION","label":"可选连接","type":"*","dir":4,"color_off":"#a80","color_on":"#Fc0","links":[178],"slot_index":0}],"properties":{}},{"id":83,"type":"SDPPP Get Layer By ID","pos":[28,-1077],"size":[259.1182556152344,122],"flags":{},"order":18,"mode":2,"inputs":[{"name":"document","localized_name":"document","label":"文档","type":"DOCUMENT","link":180}],"outputs":[{"name":"layer_or_group","localized_name":"layer_or_group","label":"图层(或组)","type":"LAYER","links":[181,201],"slot_index":0},{"name":"layer boundary","localized_name":"layer boundary","label":"图层范围","type":"MASK","links":null},{"name":"layer_info","localized_name":"layer_info","label":"图层信息","type":"LAYER_INFO","links":[],"slot_index":2}],"title":"#22. ControlNet 1 Image","properties":{"cnr_id":"sd-ppp","ver":"5a1dfe0d3139de3712d62c16a8b18655dc39a9b2","Node name for S&R":"SDPPP Get Layer By ID","sdppp-version":"502"},"widgets_values":["",""]},{"id":84,"type":"Get Image From Photoshop Layer","pos":[308,-968],"size":[378,126],"flags":{"collapsed":true},"order":25,"mode":2,"inputs":[{"name":"layer_or_group","localized_name":"layer_or_group","label":"图层(或组)","type":"LAYER","link":181},{"name":"bound","localized_name":"bound","label":"范围","type":"MASK","shape":7,"link":null}],"outputs":[{"name":"rgb_out","localized_name":"rgb_out","label":"RGB输出","type":"IMAGE","shape":6,"links":[182,259],"slot_index":0},{"name":"alpha_out","localized_name":"alpha_out","label":"Alpha输出","type":"MASK","shape":6,"links":[],"slot_index":1}],"properties":{"cnr_id":"sd-ppp","ver":"5a1dfe0d3139de3712d62c16a8b18655dc39a9b2","Node name for S&R":"Get Image From Photoshop Layer","sdppp-version":"502"},"widgets_values":[null,"",""]},{"id":86,"type":"Get Image From Photoshop Layer","pos":[323,-1546],"size":[378,126],"flags":{"collapsed":true},"order":26,"mode":2,"inputs":[{"name":"layer_or_group","localized_name":"layer_or_group","label":"图层(或组)","type":"LAYER","link":184},{"name":"bound","localized_name":"bound","label":"范围","type":"MASK","shape":7,"link":null}],"outputs":[{"name":"rgb_out","localized_name":"rgb_out","label":"RGB输出","type":"IMAGE","shape":6,"links":[185,262],"slot_index":0},{"name":"alpha_out","localized_name":"alpha_out","label":"Alpha输出","type":"MASK","shape":6,"links":[],"slot_index":1}],"properties":{"cnr_id":"sd-ppp","ver":"5a1dfe0d3139de3712d62c16a8b18655dc39a9b2","Node name for S&R":"Get Image From Photoshop Layer","sdppp-version":"502"},"widgets_values":[null,"",""]},{"id":88,"type":"Get Image From Photoshop Layer","pos":[318,-1807],"size":[378,126],"flags":{"collapsed":true},"order":27,"mode":2,"inputs":[{"name":"layer_or_group","localized_name":"layer_or_group","label":"图层(或组)","type":"LAYER","link":188},{"name":"bound","localized_name":"bound","label":"范围","type":"MASK","shape":7,"link":null}],"outputs":[{"name":"rgb_out","localized_name":"rgb_out","label":"RGB输出","type":"IMAGE","shape":6,"links":[195,263],"slot_index":0},{"name":"alpha_out","localized_name":"alpha_out","label":"Alpha输出","type":"MASK","shape":6,"links":[],"slot_index":1}],"properties":{"cnr_id":"sd-ppp","ver":"5a1dfe0d3139de3712d62c16a8b18655dc39a9b2","Node name for S&R":"Get Image From Photoshop Layer","sdppp-version":"502"},"widgets_values":[null,"",""]},{"id":89,"type":"Mute / Bypass Repeater (rgthree)","pos":[1144,-1715],"size":[284.80096435546875,126],"flags":{},"order":48,"mode":2,"inputs":[{"name":"ControlNet加载器","label":"","type":"*","dir":3,"link":189},{"name":"#30. ControlNet 3 Image","type":"*","dir":3,"link":203},{"name":"禁用节点","type":"*","dir":3,"link":199},{"name":"SDPPP从PS获取图像(GetImageFromPhotoshop)","type":"*","dir":3,"link":262},{"name":"ControlNet应用（旧版高级）","type":"*","dir":3,"link":266},{"name":"","type":"*","dir":3,"link":null}],"outputs":[{"name":"OPT_CONNECTION","label":"可选连接","type":"*","dir":4,"color_off":"#a80","color_on":"#Fc0","links":[191],"slot_index":0}],"properties":{}},{"id":90,"type":"Mute / Bypass Repeater (rgthree)","pos":[1131,-2037],"size":[284.80096435546875,106],"flags":{},"order":44,"mode":2,"inputs":[{"name":"ControlNet加载器","label":"","type":"*","dir":3,"link":192},{"name":"#33. ControlNet 4 Image","type":"*","dir":3,"link":204},{"name":"SDPPP从PS获取图像(GetImageFromPhotoshop)","type":"*","dir":3,"link":263},{"name":"ControlNet应用（旧版高级）","type":"*","dir":3,"link":267},{"name":"","type":"*","dir":3,"link":null}],"outputs":[{"name":"OPT_CONNECTION","label":"可选连接","type":"*","dir":4,"color_off":"#a80","color_on":"#Fc0","links":[194],"slot_index":0}],"properties":{}},{"id":101,"type":"Mute / Bypass Repeater (rgthree)","pos":[1144,-1470],"size":[268.79998779296875,126],"flags":{},"order":52,"mode":2,"inputs":[{"name":"ControlNet加载器","type":"*","dir":3,"color_off":"#a80","color_on":"#FC0","link":215},{"name":"#26. ControlNet 2 Image","type":"*","dir":3,"link":216},{"name":"禁用节点","type":"*","dir":3,"link":217},{"name":"SDPPP从PS获取图像(GetImageFromPhotoshop)","type":"*","dir":3,"link":261},{"name":"ControlNet应用（旧版高级）","type":"*","dir":3,"link":264},{"name":"","type":"*","dir":3,"link":null}],"outputs":[{"name":"OPT_CONNECTION","label":"可选连接","type":"*","dir":4,"color_off":"#a80","color_on":"#Fc0","links":[218],"slot_index":0}],"properties":{}},{"id":117,"type":"Mute / Bypass Repeater (rgthree)","pos":[-97,91],"size":[268.79998779296875,86],"flags":{},"order":32,"mode":0,"inputs":[{"name":".canvas area inpaint","type":"*","dir":3,"link":254},{"name":"SDPPP从PS获取图像(GetImageFromPhotoshop)","type":"*","dir":3,"link":255},{"name":"SDPPP获取选区(GetSelection)","type":"*","dir":3,"link":256},{"name":"","type":"*","dir":3,"link":null}],"outputs":[{"name":"OPT_CONNECTION","label":"可选连接","type":"*","dir":4,"color_off":"#a80","color_on":"#Fc0","links":[257],"slot_index":0}],"properties":{}},{"id":118,"type":"PreviewImage","pos":[2056.459716796875,-183.5548095703125],"size":[210,26],"flags":{},"order":51,"mode":0,"inputs":[{"name":"images","localized_name":"图像","label":"图像","type":"IMAGE","link":268}],"outputs":[],"properties":{"cnr_id":"comfy-core","ver":"0.3.26","Node name for S&R":"PreviewImage"},"widgets_values":[]},{"id":54,"type":"Fast Muter (rgthree)","pos":[213,-111],"size":[309.85992431640625,78],"flags":{},"order":36,"mode":0,"inputs":[{"name":"禁用/忽略节点 (中继)","type":"*","dir":3,"link":257},{"name":"","type":"*","dir":3,"link":null}],"outputs":[{"name":"OPT_CONNECTION","label":"可选连接","type":"*","dir":4,"links":null,"slot_index":0}],"properties":{"toggleRestriction":"default"}},{"id":43,"type":"Get Image From Photoshop Layer","pos":[-759.6609497070312,249.52490234375],"size":[294,126],"flags":{},"order":22,"mode":0,"inputs":[{"name":"layer_or_group","localized_name":"layer_or_group","label":"layer_or_group","type":"LAYER","link":66},{"name":"bound","localized_name":"bound","label":"bound","type":"MASK","shape":7,"link":null}],"outputs":[{"name":"rgb_out","localized_name":"rgb_out","label":"rgb_out","type":"IMAGE","shape":6,"links":[255,270],"slot_index":0},{"name":"alpha_out","localized_name":"alpha_out","label":"alpha_out","type":"MASK","shape":6,"links":[],"slot_index":1}],"properties":{"cnr_id":"sd-ppp","ver":"5a1dfe0d3139de3712d62c16a8b18655dc39a9b2","Node name for S&R":"Get Image From Photoshop Layer","sdppp-version":"502"},"widgets_values":[null,"",""]},{"id":44,"type":"SDPPP Get Selection","pos":[-1077,102],"size":[239.40000915527344,78],"flags":{},"order":15,"mode":0,"inputs":[{"name":"document","localized_name":"document","label":"document","type":"DOCUMENT","link":70},{"name":"bound","localized_name":"bound","label":"bound","type":"MASK","shape":7,"link":null}],"outputs":[{"name":"mask","localized_name":"mask","label":"mask","type":"MASK","links":[256,273],"slot_index":0}],"properties":{"cnr_id":"sd-ppp","ver":"5a1dfe0d3139de3712d62c16a8b18655dc39a9b2","Node name for S&R":"SDPPP Get Selection","sdppp-version":"502"},"widgets_values":[""]},{"id":53,"type":"Any Switch (rgthree)","pos":[550,242],"size":[168,106],"flags":{},"order":40,"mode":0,"inputs":[{"name":"any_01","label":"输入_01","type":"LATENT","dir":3,"link":null},{"name":"any_02","label":"输入_02","type":"LATENT","dir":3,"link":275},{"name":"any_03","label":"输入_03","type":"LATENT","dir":3,"link":null},{"name":"any_04","label":"输入_04","type":"LATENT","dir":3,"link":93},{"name":"any_05","type":"LATENT","link":null}],"outputs":[{"name":"*","label":"LATENT","type":"LATENT","dir":4,"shape":3,"links":[89],"slot_index":0}],"properties":{"cnr_id":"rgthree-comfy","ver":"cb3612624037ad50d76a8caf44ed58694648e245"},"widgets_values":[]},{"id":120,"type":"VAEEncode","pos":[-361.9066467285156,233.59487915039062],"size":[210,46],"flags":{},"order":35,"mode":0,"inputs":[{"name":"pixels","localized_name":"像素","label":"图像","type":"IMAGE","link":270},{"name":"vae","localized_name":"vae","label":"VAE","type":"VAE","link":271}],"outputs":[{"name":"LATENT","localized_name":"Latent","label":"Latent","type":"LATENT","links":[276],"slot_index":0}],"properties":{"cnr_id":"comfy-core","ver":"0.3.26","Node name for S&R":"VAEEncode"},"widgets_values":[]},{"id":121,"type":"SetLatentNoiseMask","pos":[-133.05723571777344,357.218994140625],"size":[264.5999755859375,46],"flags":{},"order":38,"mode":0,"inputs":[{"name":"samples","localized_name":"Latent","label":"Latent","type":"LATENT","link":276},{"name":"mask","localized_name":"遮罩","label":"遮罩","type":"MASK","link":273}],"outputs":[{"name":"LATENT","localized_name":"Latent","label":"Latent","type":"LATENT","links":[275],"slot_index":0}],"properties":{"cnr_id":"comfy-core","ver":"0.3.26","Node name for S&R":"SetLatentNoiseMask"},"widgets_values":[]},{"id":4,"type":"CheckpointLoaderSimple","pos":[-1465.8419189453125,-687.61376953125],"size":[315,98],"flags":{"collapsed":false},"order":21,"mode":0,"inputs":[{"name":"ckpt_name","localized_name":"Checkpoint名称","type":"COMBO","widget":{"name":"ckpt_name"},"link":57}],"outputs":[{"name":"MODEL","localized_name":"模型","label":"模型","type":"MODEL","links":[11],"slot_index":0},{"name":"CLIP","localized_name":"CLIP","label":"CLIP","type":"CLIP","links":[3,5],"slot_index":1},{"name":"VAE","localized_name":"VAE","label":"VAE","type":"VAE","links":[19],"slot_index":2}],"properties":{"cnr_id":"comfy-core","ver":"0.3.26","Node name for S&R":"CheckpointLoaderSimple"},"widgets_values":["XL\\juggernautXL_RunDiffusion Photo2_lightning_4step.safetensors"]},{"id":35,"type":"PrimitiveNode","pos":[-1911.6943359375,-921.5355834960938],"size":[372.8211669921875,106],"flags":{},"order":11,"mode":0,"inputs":[],"outputs":[{"name":"COMBO","type":"COMBO","links":[57],"slot_index":0}],"properties":{"Run widget replace on values":false},"widgets_values":["XL\\juggernautXL_RunDiffusion Photo2_lightning_4step.safetensors","fixed",""]},{"id":56,"type":"ControlNetLoader","pos":[29,-1182],"size":[300.57501220703125,58],"flags":{},"order":12,"mode":2,"inputs":[],"outputs":[{"name":"CONTROL_NET","localized_name":"ControlNet","label":"ControlNet","type":"CONTROL_NET","shape":3,"links":[119,177],"slot_index":0}],"properties":{"cnr_id":"comfy-core","ver":"0.3.26","Node name for S&R":"ControlNetLoader"},"widgets_values":["controlnet-union-sdxl-1.0 .safetensors"],"color":"#223","bgcolor":"#335"},{"id":85,"type":"SDPPP Get Layer By ID","pos":[28.31578254699707,-1636.844482421875],"size":[259.1182556152344,122],"flags":{},"order":19,"mode":2,"inputs":[{"name":"document","localized_name":"document","label":"文档","type":"DOCUMENT","link":186}],"outputs":[{"name":"layer_or_group","localized_name":"layer_or_group","label":"图层(或组)","type":"LAYER","links":[184,203],"slot_index":0},{"name":"layer boundary","localized_name":"layer boundary","label":"图层范围","type":"MASK","links":null},{"name":"layer_info","localized_name":"layer_info","label":"图层信息","type":"LAYER_INFO","links":[],"slot_index":2}],"title":"#30. ControlNet 3 Image","properties":{"cnr_id":"sd-ppp","ver":"5a1dfe0d3139de3712d62c16a8b18655dc39a9b2","Node name for S&R":"SDPPP Get Layer By ID","sdppp-version":"502"},"widgets_values":["",""]},{"id":66,"type":"ControlNetLoader","pos":[39,-1744],"size":[387.55206298828125,58],"flags":{},"order":8,"mode":2,"inputs":[],"outputs":[{"name":"CONTROL_NET","localized_name":"ControlNet","label":"ControlNet","type":"CONTROL_NET","shape":3,"links":[129,189],"slot_index":0}],"properties":{"cnr_id":"comfy-core","ver":"0.3.26","Node name for S&R":"ControlNetLoader"},"widgets_values":["controlnet-union-sdxl-1.0 .safetensors"],"color":"#223","bgcolor":"#335"},{"id":87,"type":"SDPPP Get Layer By ID","pos":[29,-1911],"size":[259.1182556152344,122],"flags":{},"order":20,"mode":2,"inputs":[{"name":"document","localized_name":"document","label":"文档","type":"DOCUMENT","link":187}],"outputs":[{"name":"layer_or_group","localized_name":"layer_or_group","label":"图层(或组)","type":"LAYER","links":[188,204],"slot_index":0},{"name":"layer boundary","localized_name":"layer boundary","label":"图层范围","type":"MASK","links":null},{"name":"layer_info","localized_name":"layer_info","label":"图层信息","type":"LAYER_INFO","links":[],"slot_index":2}],"title":"#33. ControlNet 4 Image","properties":{"cnr_id":"sd-ppp","ver":"5a1dfe0d3139de3712d62c16a8b18655dc39a9b2","Node name for S&R":"SDPPP Get Layer By ID","sdppp-version":"502"},"widgets_values":["",""]},{"id":64,"type":"ControlNetLoader","pos":[46,-1479],"size":[358.88037109375,58],"flags":{},"order":13,"mode":2,"inputs":[],"outputs":[{"name":"CONTROL_NET","localized_name":"ControlNet","label":"ControlNet","type":"CONTROL_NET","shape":3,"links":[183,215],"slot_index":0}],"properties":{"cnr_id":"comfy-core","ver":"0.3.26","Node name for S&R":"ControlNetLoader"},"widgets_values":["controlnet-union-sdxl-1.0 .safetensors"],"color":"#223","bgcolor":"#335"}],"links":[[3,4,1,6,0,"CLIP"],[5,4,1,7,0,"CLIP"],[7,3,0,8,0,"LATENT"],[11,4,0,11,0,"*"],[12,11,0,3,0,"MODEL"],[19,4,2,15,0,"*"],[20,15,0,8,1,"VAE"],[46,25,0,6,1,"STRING"],[47,26,0,7,1,"STRING"],[48,27,0,3,4,"FLOAT"],[49,29,0,3,5,"FLOAT"],[51,28,0,3,6,"COMBO"],[52,30,0,3,7,"INT"],[53,31,0,3,8,"COMBO"],[57,35,0,4,0,"COMBO"],[65,41,0,42,0,"DOCUMENT"],[66,42,0,43,0,"LAYER"],[70,41,0,44,0,"DOCUMENT"],[76,41,0,51,0,"DOCUMENT"],[77,51,2,50,0,"LAYER_INFO"],[78,50,3,49,0,"INT"],[79,50,4,49,1,"INT"],[89,53,0,3,3,"LATENT"],[93,49,0,53,3,"LATENT"],[96,6,0,55,0,"CONDITIONING"],[97,7,0,55,1,"CONDITIONING"],[105,61,0,3,1,"CONDITIONING"],[108,62,0,3,2,"CONDITIONING"],[112,7,0,62,4,"CONDITIONING"],[113,6,0,61,4,"CONDITIONING"],[114,55,0,61,3,"CONDITIONING"],[115,55,1,62,3,"CONDITIONING"],[119,56,0,55,2,"CONTROL_NET"],[129,66,0,67,2,"CONTROL_NET"],[130,68,0,69,2,"CONTROL_NET"],[137,65,0,61,2,"CONDITIONING"],[138,55,0,65,0,"CONDITIONING"],[139,55,1,65,1,"CONDITIONING"],[140,65,0,67,0,"CONDITIONING"],[141,65,1,67,1,"CONDITIONING"],[142,67,0,69,0,"CONDITIONING"],[143,67,1,69,1,"CONDITIONING"],[144,67,0,61,1,"CONDITIONING"],[145,69,0,61,0,"CONDITIONING"],[146,69,1,62,0,"CONDITIONING"],[147,67,1,62,1,"CONDITIONING"],[148,65,1,62,2,"CONDITIONING"],[162,15,0,74,0,"*"],[163,74,0,69,4,"VAE"],[164,74,0,67,4,"VAE"],[165,74,0,65,4,"VAE"],[166,74,0,55,4,"VAE"],[169,75,0,3,9,"INT"],[172,79,0,65,3,"IMAGE"],[174,41,0,80,0,"DOCUMENT"],[175,80,0,79,0,"LAYER"],[177,56,0,81,0,"*"],[178,81,0,63,0,"*"],[180,41,0,83,0,"DOCUMENT"],[181,83,0,84,0,"LAYER"],[182,84,0,55,3,"IMAGE"],[183,64,0,65,2,"CONTROL_NET"],[184,85,0,86,0,"LAYER"],[185,86,0,67,3,"IMAGE"],[186,41,0,85,0,"DOCUMENT"],[187,41,0,87,0,"DOCUMENT"],[188,87,0,88,0,"LAYER"],[189,66,0,89,0,"*"],[191,89,0,71,0,"*"],[192,68,0,90,0,"*"],[194,90,0,72,0,"*"],[195,88,0,69,3,"IMAGE"],[197,78,0,81,2,"*"],[199,72,0,89,2,"*"],[201,83,0,81,1,"*"],[203,85,0,89,1,"*"],[204,87,0,90,1,"*"],[215,64,0,101,0,"*"],[216,80,0,101,1,"*"],[217,71,0,101,2,"*"],[218,101,0,78,0,"*"],[254,42,0,117,0,"*"],[255,43,0,117,1,"*"],[256,44,0,117,2,"*"],[257,117,0,54,0,"*"],[259,84,0,81,3,"*"],[261,79,0,101,3,"*"],[262,86,0,89,3,"*"],[263,88,0,90,2,"*"],[264,65,0,101,4,"*"],[265,55,0,81,4,"*"],[266,67,0,89,4,"*"],[267,69,0,90,3,"*"],[268,8,0,118,0,"IMAGE"],[270,43,0,120,0,"IMAGE"],[271,15,0,120,1,"VAE"],[273,44,0,121,1,"MASK"],[275,121,0,53,1,"LATENT"],[276,120,0,121,0,"LATENT"]],"groups":[{"id":1,"title":"Inputs","bounding":[-1896.1680908203125,-1495.837890625,1405.584228515625,706.2962646484375],"color":"#3f789e","font_size":24,"flags":{}},{"id":2,"title":"Inpaint","bounding":[-1165.12890625,-5.715957164764404,1311.8720703125,442.9053955078125],"color":"#3f789e","font_size":24,"flags":{}},{"id":3,"title":"T2I","bounding":[-1141.5770263671875,580.9961547851562,1227.0020751953125,260.29510498046875],"color":"#3f789e","font_size":24,"flags":{}},{"id":4,"title":"ControlNet","bounding":[19.7460994720459,-2103.1904296875,1471.4285888671875,1142.792724609375],"color":"#3f789e","font_size":24,"flags":{}}],"config":{},"extra":{"ds":{"scale":0.8769226950000013,"offset":[711.1082428700723,2196.7675395271135]},"ue_links":[]},"version":0.4}